#usda 1.0
(
 customLayerData = {
  string "aeco:layer:package" = "solid"
  string "aeco:layer:producer" = "committed result v0.1.6"
  string "aeco:layer:role" = "analysis"
  string "aeco:layer:source" = "kind/usdaeco-solid/examples/datacentre/result/layers/out/presentation.usda"
  string "aeco:layer:sourceSha256" = "efed56f4bb9da6a7de5c4e3a01f7f7483022fef4d37ecea4825b7bf6c3dc5517"
  string "aeco:layer:tag" = "v0.1.6"
 }
)

over "demo_datacentre_01"
{
 over "demo_datacentre_01_Site"
 {
  over "demo_datacentre_01"
  {
   over "L01_Office"
   {
    over "Office_Corridor_L01"
    {
     over "Corridor_ceiling_void"
     {
      over "tray_void_ocorr_1"
      {
       def Mesh "EdgeDisplay" (
        prepend apiSchemas = ["AecoDerivedGeometryAPI"]
       )
       {
        uniform token aeco:derived:approx = "tessellated"
        rel aeco:derived:from = </demo_datacentre_01/demo_datacentre_01_Site/demo_datacentre_01/L01_Office/Office_Corridor_L01/Corridor_ceiling_void/tray_void_ocorr_1/Edges>
        uniform token aeco:derived:role = "wireframe"
        string aeco:derived:source = "2df12127-2bce-58a4-b767-5f0747057b63"
        string aeco:derived:stamp = "aeco-solid 0.1.0 guide display"
        double aeco:derived:tolerance = 0.004
        uniform bool doubleSided = 1
        int[] faceVertexCounts = [4, 4, 4, 4, 4, 4, 4, 4, 4, 4, 4, 4, 4, 4, 4, 4, 4, 4, 4, 4, 4, 4, 4, 4, 4, 4, 4, 4, 4, 4, 4, 4, 4, 4, 4, 4, 4, 4, 4, 4, 4, 4, 4, 4, 4, 4, 4, 4]
        int[] faceVertexIndices = [0, 1, 5, 4, 1, 2, 6, 5, 2, 3, 7, 6, 3, 0, 4, 7, 8, 9, 13, 12, 9, 10, 14, 13, 10, 11, 15, 14, 11, 8, 12, 15, 16, 17, 21, 20, 17, 18, 22, 21, 18, 19, 23, 22, 19, 16, 20, 23, 24, 25, 29, 28, 25, 26, 30, 29, 26, 27, 31, 30, 27, 24, 28, 31, 32, 33, 37, 36, 33, 34, 38, 37, 34, 35, 39, 38, 35, 32, 36, 39, 40, 41, 45, 44, 41, 42, 46, 45, 42, 43, 47, 46, 43, 40, 44, 47, 48, 49, 53, 52, 49, 50, 54, 53, 50, 51, 55, 54, 51, 48, 52, 55, 56, 57, 61, 60, 57, 58, 62, 61, 58, 59, 63, 62, 59, 56, 60, 63, 64, 65, 69, 68, 65, 66, 70, 69, 66, 67, 71, 70, 67, 64, 68, 71, 72, 73, 77, 76, 73, 74, 78, 77, 74, 75, 79, 78, 75, 72, 76, 79, 80, 81, 85, 84, 81, 82, 86, 85, 82, 83, 87, 86, 83, 80, 84, 87, 88, 89, 93, 92, 89, 90, 94, 93, 90, 91, 95, 94, 91, 88, 92, 95]
        point3f[] points = [(16, -1.652, 6.75), (16, -1.65, 6.748), (16, -1.648, 6.75), (16, -1.65, 6.752), (29, -1.652, 6.75), (29, -1.65, 6.748), (29, -1.648, 6.75), (29, -1.65, 6.752), (29.002, -1.65, 6.75), (29, -1.65, 6.748), (28.998, -1.65, 6.75), (29, -1.65, 6.752), (29.002, -1.35, 6.75), (29, -1.35, 6.748), (28.998, -1.35, 6.75), (29, -1.35, 6.752), (29, -1.348, 6.75), (29, -1.35, 6.748), (29, -1.352, 6.75), (29, -1.35, 6.752), (16, -1.348, 6.75), (16, -1.35, 6.748), (16, -1.352, 6.75), (16, -1.35, 6.752), (15.998, -1.35, 6.75), (16, -1.35, 6.748), (16.002, -1.35, 6.75), (16, -1.35, 6.752), (15.998, -1.65, 6.75), (16, -1.65, 6.748), (16.002, -1.65, 6.75), (16, -1.65, 6.752), (28.998, -1.35, 6.75), (29, -1.352, 6.75), (29.002, -1.35, 6.75), (29, -1.348, 6.75), (28.998, -1.35, 6.85), (29, -1.352, 6.85), (29.002, -1.35, 6.85), (29, -1.348, 6.85), (29, -1.348, 6.85), (29, -1.35, 6.848), (29, -1.352, 6.85), (29, -1.35, 6.8519998), (16, -1.348, 6.85), (16, -1.35, 6.848), (16, -1.352, 6.85), (16, -1.35, 6.8519998), (16.002, -1.35, 6.85), (16, -1.352, 6.85), (15.998, -1.35, 6.85), (16, -1.348, 6.85), (16.002, -1.35, 6.75), (16, -1.352, 6.75), (15.998, -1.35, 6.75), (16, -1.348, 6.75), (28.998, -1.35, 6.85), (29, -1.35, 6.848), (29.002, -1.35, 6.85), (29, -1.35, 6.8519998), (28.998, -1.65, 6.85), (29, -1.65, 6.848), (29.002, -1.65, 6.85), (29, -1.65, 6.8519998), (29, -1.648, 6.85), (29, -1.65, 6.848), (29, -1.652, 6.85), (29, -1.65, 6.8519998), (16, -1.648, 6.85), (16, -1.65, 6.848), (16, -1.652, 6.85), (16, -1.65, 6.8519998), (16.002, -1.65, 6.85), (16, -1.65, 6.848), (15.998, -1.65, 6.85), (16, -1.65, 6.8519998), (16.002, -1.35, 6.85), (16, -1.35, 6.848), (15.998, -1.35, 6.85), (16, -1.35, 6.8519998), (29.002, -1.65, 6.85), (29, -1.652, 6.85), (28.998, -1.65, 6.85), (29, -1.648, 6.85), (29.002, -1.65, 6.75), (29, -1.652, 6.75), (28.998, -1.65, 6.75), (29, -1.648, 6.75), (15.998, -1.65, 6.75), (16, -1.652, 6.75), (16.002, -1.65, 6.75), (16, -1.648, 6.75), (15.998, -1.65, 6.85), (16, -1.652, 6.85), (16.002, -1.65, 6.85), (16, -1.648, 6.85)]
        uniform token purpose = "guide"
        uniform token subdivisionScheme = "none"
       }
      }

      over "pipe_clash_hard"
      {
       def Mesh "EdgeDisplay" (
        prepend apiSchemas = ["AecoDerivedGeometryAPI"]
       )
       {
        uniform token aeco:derived:approx = "tessellated"
        rel aeco:derived:from = </demo_datacentre_01/demo_datacentre_01_Site/demo_datacentre_01/L01_Office/Office_Corridor_L01/Corridor_ceiling_void/pipe_clash_hard/Edges>
        uniform token aeco:derived:role = "wireframe"
        string aeco:derived:source = "5c1bcae1-aed8-5d1a-bffe-e8eb8bc50f6f"
        string aeco:derived:stamp = "aeco-solid 0.1.0 guide display"
        double aeco:derived:tolerance = 0.004
        uniform bool doubleSided = 1
        int[] faceVertexCounts = [4, 4, 4, 4, 4, 4, 4, 4, 4, 4, 4, 4, 4, 4, 4, 4, 4, 4, 4, 4, 4, 4, 4, 4, 4, 4, 4, 4, 4, 4, 4, 4, 4, 4, 4, 4, 4, 4, 4, 4, 4, 4, 4, 4, 4, 4, 4, 4, 4, 4, 4, 4, 4, 4, 4, 4, 4, 4, 4, 4, 4, 4, 4, 4, 4, 4, 4, 4, 4, 4, 4, 4, 4, 4, 4, 4, 4, 4, 4, 4, 4, 4, 4, 4, 4, 4, 4, 4, 4, 4, 4, 4, 4, 4, 4, 4, 4, 4, 4, 4, 4, 4, 4, 4, 4, 4, 4, 4, 4, 4, 4, 4, 4, 4, 4, 4, 4, 4, 4, 4, 4, 4, 4, 4, 4, 4, 4, 4, 4, 4, 4, 4, 4, 4, 4, 4, 4, 4, 4, 4, 4, 4, 4, 4, 4, 4, 4, 4, 4, 4, 4, 4, 4, 4, 4, 4, 4, 4, 4, 4, 4, 4, 4, 4, 4, 4, 4, 4, 4, 4, 4, 4, 4, 4, 4, 4, 4, 4, 4, 4, 4, 4, 4, 4, 4, 4, 4, 4, 4, 4, 4, 4, 4, 4, 4, 4, 4, 4, 4, 4, 4, 4, 4, 4, 4, 4, 4, 4, 4, 4, 4, 4, 4, 4, 4, 4, 4, 4, 4, 4, 4, 4, 4, 4, 4, 4, 4, 4, 4, 4, 4, 4, 4, 4, 4, 4, 4, 4, 4, 4, 4, 4, 4, 4, 4, 4, 4, 4, 4, 4, 4, 4, 4, 4, 4, 4, 4, 4, 4, 4, 4, 4, 4, 4, 4, 4, 4, 4, 4, 4, 4, 4, 4, 4, 4, 4, 4, 4, 4, 4, 4, 4, 4, 4, 4, 4, 4, 4, 4, 4, 4, 4, 4, 4, 4, 4, 4, 4, 4, 4, 4, 4, 4, 4, 4, 4, 4, 4, 4, 4, 4, 4, 4, 4, 4, 4, 4, 4, 4, 4, 4, 4, 4, 4, 4, 4, 4, 4, 4, 4, 4, 4, 4, 4, 4, 4, 4, 4, 4, 4, 4, 4, 4, 4, 4, 4, 4, 4, 4, 4, 4, 4, 4, 4, 4, 4, 4, 4, 4, 4, 4, 4, 4, 4, 4, 4, 4, 4, 4, 4, 4, 4, 4, 4, 4, 4, 4, 4, 4, 4, 4, 4, 4, 4, 4, 4, 4, 4, 4, 4, 4, 4, 4, 4, 4, 4, 4, 4, 4, 4, 4, 4, 4, 4, 4, 4, 4, 4, 4, 4, 4, 4, 4, 4, 4, 4, 4, 4, 4, 4, 4, 4, 4, 4, 4, 4, 4, 4, 4, 4, 4, 4, 4, 4, 4, 4, 4, 4, 4, 4, 4, 4, 4, 4, 4, 4, 4, 4, 4, 4, 4, 4, 4, 4, 4, 4, 4, 4, 4, 4, 4, 4, 4, 4, 4, 4, 4, 4, 4, 4, 4, 4, 4, 4, 4, 4, 4, 4, 4, 4, 4, 4, 4, 4, 4, 4, 4, 4, 4, 4, 4, 4, 4, 4, 4, 4, 4, 4, 4, 4, 4, 4, 4, 4, 4, 4, 4, 4, 4, 4, 4, 4, 4, 4, 4, 4, 4, 4, 4, 4]
        int[] faceVertexIndices = [0, 1, 5, 4, 1, 2, 6, 5, 2, 3, 7, 6, 3, 0, 4, 7, 8, 9, 13, 12, 9, 10, 14, 13, 10, 11, 15, 14, 11, 8, 12, 15, 16, 17, 21, 20, 17, 18, 22, 21, 18, 19, 23, 22, 19, 16, 20, 23, 24, 25, 29, 28, 25, 26, 30, 29, 26, 27, 31, 30, 27, 24, 28, 31, 32, 33, 37, 36, 33, 34, 38, 37, 34, 35, 39, 38, 35, 32, 36, 39, 40, 41, 45, 44, 41, 42, 46, 45, 42, 43, 47, 46, 43, 40, 44, 47, 48, 49, 53, 52, 49, 50, 54, 53, 50, 51, 55, 54, 51, 48, 52, 55, 56, 57, 61, 60, 57, 58, 62, 61, 58, 59, 63, 62, 59, 56, 60, 63, 64, 65, 69, 68, 65, 66, 70, 69, 66, 67, 71, 70, 67, 64, 68, 71, 72, 73, 77, 76, 73, 74, 78, 77, 74, 75, 79, 78, 75, 72, 76, 79, 80, 81, 85, 84, 81, 82, 86, 85, 82, 83, 87, 86, 83, 80, 84, 87, 88, 89, 93, 92, 89, 90, 94, 93, 90, 91, 95, 94, 91, 88, 92, 95, 96, 97, 101, 100, 97, 98, 102, 101, 98, 99, 103, 102, 99, 96, 100, 103, 104, 105, 109, 108, 105, 106, 110, 109, 106, 107, 111, 110, 107, 104, 108, 111, 112, 113, 117, 116, 113, 114, 118, 117, 114, 115, 119, 118, 115, 112, 116, 119, 120, 121, 125, 124, 121, 122, 126, 125, 122, 123, 127, 126, 123, 120, 124, 127, 128, 129, 133, 132, 129, 130, 134, 133, 130, 131, 135, 134, 131, 128, 132, 135, 136, 137, 141, 140, 137, 138, 142, 141, 138, 139, 143, 142, 139, 136, 140, 143, 144, 145, 149, 148, 145, 146, 150, 149, 146, 147, 151, 150, 147, 144, 148, 151, 152, 153, 157, 156, 153, 154, 158, 157, 154, 155, 159, 158, 155, 152, 156, 159, 160, 161, 165, 164, 161, 162, 166, 165, 162, 163, 167, 166, 163, 160, 164, 167, 168, 169, 173, 172, 169, 170, 174, 173, 170, 171, 175, 174, 171, 168, 172, 175, 176, 177, 181, 180, 177, 178, 182, 181, 178, 179, 183, 182, 179, 176, 180, 183, 184, 185, 189, 188, 185, 186, 190, 189, 186, 187, 191, 190, 187, 184, 188, 191, 192, 193, 197, 196, 193, 194, 198, 197, 194, 195, 199, 198, 195, 192, 196, 199, 200, 201, 205, 204, 201, 202, 206, 205, 202, 203, 207, 206, 203, 200, 204, 207, 208, 209, 213, 212, 209, 210, 214, 213, 210, 211, 215, 214, 211, 208, 212, 215, 216, 217, 221, 220, 217, 218, 222, 221, 218, 219, 223, 222, 219, 216, 220, 223, 224, 225, 229, 228, 225, 226, 230, 229, 226, 227, 231, 230, 227, 224, 228, 231, 232, 233, 237, 236, 233, 234, 238, 237, 234, 235, 239, 238, 235, 232, 236, 239, 240, 241, 245, 244, 241, 242, 246, 245, 242, 243, 247, 246, 243, 240, 244, 247, 248, 249, 253, 252, 249, 250, 254, 253, 250, 251, 255, 254, 251, 248, 252, 255, 256, 257, 261, 260, 257, 258, 262, 261, 258, 259, 263, 262, 259, 256, 260, 263, 264, 265, 269, 268, 265, 266, 270, 269, 266, 267, 271, 270, 267, 264, 268, 271, 272, 273, 277, 276, 273, 274, 278, 277, 274, 275, 279, 278, 275, 272, 276, 279, 280, 281, 285, 284, 281, 282, 286, 285, 282, 283, 287, 286, 283, 280, 284, 287, 288, 289, 293, 292, 289, 290, 294, 293, 290, 291, 295, 294, 291, 288, 292, 295, 296, 297, 301, 300, 297, 298, 302, 301, 298, 299, 303, 302, 299, 296, 300, 303, 304, 305, 309, 308, 305, 306, 310, 309, 306, 307, 311, 310, 307, 304, 308, 311, 312, 313, 317, 316, 313, 314, 318, 317, 314, 315, 319, 318, 315, 312, 316, 319, 320, 321, 325, 324, 321, 322, 326, 325, 322, 323, 327, 326, 323, 320, 324, 327, 328, 329, 333, 332, 329, 330, 334, 333, 330, 331, 335, 334, 331, 328, 332, 335, 336, 337, 341, 340, 337, 338, 342, 341, 338, 339, 343, 342, 339, 336, 340, 343, 344, 345, 349, 348, 345, 346, 350, 349, 346, 347, 351, 350, 347, 344, 348, 351, 352, 353, 357, 356, 353, 354, 358, 357, 354, 355, 359, 358, 355, 352, 356, 359, 360, 361, 365, 364, 361, 362, 366, 365, 362, 363, 367, 366, 363, 360, 364, 367, 368, 369, 373, 372, 369, 370, 374, 373, 370, 371, 375, 374, 371, 368, 372, 375, 376, 377, 381, 380, 377, 378, 382, 381, 378, 379, 383, 382, 379, 376, 380, 383, 384, 385, 389, 388, 385, 386, 390, 389, 386, 387, 391, 390, 387, 384, 388, 391, 392, 393, 397, 396, 393, 394, 398, 397, 394, 395, 399, 398, 395, 392, 396, 399, 400, 401, 405, 404, 401, 402, 406, 405, 402, 403, 407, 406, 403, 400, 404, 407, 408, 409, 413, 412, 409, 410, 414, 413, 410, 411, 415, 414, 411, 408, 412, 415, 416, 417, 421, 420, 417, 418, 422, 421, 418, 419, 423, 422, 419, 416, 420, 423, 424, 425, 429, 428, 425, 426, 430, 429, 426, 427, 431, 430, 427, 424, 428, 431, 432, 433, 437, 436, 433, 434, 438, 437, 434, 435, 439, 438, 435, 432, 436, 439, 440, 441, 445, 444, 441, 442, 446, 445, 442, 443, 447, 446, 443, 440, 444, 447, 448, 449, 453, 452, 449, 450, 454, 453, 450, 451, 455, 454, 451, 448, 452, 455, 456, 457, 461, 460, 457, 458, 462, 461, 458, 459, 463, 462, 459, 456, 460, 463, 464, 465, 469, 468, 465, 466, 470, 469, 466, 467, 471, 470, 467, 464, 468, 471, 472, 473, 477, 476, 473, 474, 478, 477, 474, 475, 479, 478, 475, 472, 476, 479, 480, 481, 485, 484, 481, 482, 486, 485, 482, 483, 487, 486, 483, 480, 484, 487, 488, 489, 493, 492, 489, 490, 494, 493, 490, 491, 495, 494, 491, 488, 492, 495, 496, 497, 501, 500, 497, 498, 502, 501, 498, 499, 503, 502, 499, 496, 500, 503, 504, 505, 509, 508, 505, 506, 510, 509, 506, 507, 511, 510, 507, 504, 508, 511, 512, 513, 517, 516, 513, 514, 518, 517, 514, 515, 519, 518, 515, 512, 516, 519, 520, 521, 525, 524, 521, 522, 526, 525, 522, 523, 527, 526, 523, 520, 524, 527, 528, 529, 533, 532, 529, 530, 534, 533, 530, 531, 535, 534, 531, 528, 532, 535, 536, 537, 541, 540, 537, 538, 542, 541, 538, 539, 543, 542, 539, 536, 540, 543, 544, 545, 549, 548, 545, 546, 550, 549, 546, 547, 551, 550, 547, 544, 548, 551, 552, 553, 557, 556, 553, 554, 558, 557, 554, 555, 559, 558, 555, 552, 556, 559, 560, 561, 565, 564, 561, 562, 566, 565, 562, 563, 567, 566, 563, 560, 564, 567, 568, 569, 573, 572, 569, 570, 574, 573, 570, 571, 575, 574, 571, 568, 572, 575, 576, 577, 581, 580, 577, 578, 582, 581, 578, 579, 583, 582, 579, 576, 580, 583, 584, 585, 589, 588, 585, 586, 590, 589, 586, 587, 591, 590, 587, 584, 588, 591, 592, 593, 597, 596, 593, 594, 598, 597, 594, 595, 599, 598, 595, 592, 596, 599, 600, 601, 605, 604, 601, 602, 606, 605, 602, 603, 607, 606, 603, 600, 604, 607, 608, 609, 613, 612, 609, 610, 614, 613, 610, 611, 615, 614, 611, 608, 612, 615, 616, 617, 621, 620, 617, 618, 622, 621, 618, 619, 623, 622, 619, 616, 620, 623, 624, 625, 629, 628, 625, 626, 630, 629, 626, 627, 631, 630, 627, 624, 628, 631, 632, 633, 637, 636, 633, 634, 638, 637, 634, 635, 639, 638, 635, 632, 636, 639, 640, 641, 645, 644, 641, 642, 646, 645, 642, 643, 647, 646, 643, 640, 644, 647, 648, 649, 653, 652, 649, 650, 654, 653, 650, 651, 655, 654, 651, 648, 652, 655, 656, 657, 661, 660, 657, 658, 662, 661, 658, 659, 663, 662, 659, 656, 660, 663, 664, 665, 669, 668, 665, 666, 670, 669, 666, 667, 671, 670, 667, 664, 668, 671, 672, 673, 677, 676, 673, 674, 678, 677, 674, 675, 679, 678, 675, 672, 676, 679, 680, 681, 685, 684, 681, 682, 686, 685, 682, 683, 687, 686, 683, 680, 684, 687, 688, 689, 693, 692, 689, 690, 694, 693, 690, 691, 695, 694, 691, 688, 692, 695, 696, 697, 701, 700, 697, 698, 702, 701, 698, 699, 703, 702, 699, 696, 700, 703, 704, 705, 709, 708, 705, 706, 710, 709, 706, 707, 711, 710, 707, 704, 708, 711, 712, 713, 717, 716, 713, 714, 718, 717, 714, 715, 719, 718, 715, 712, 716, 719, 720, 721, 725, 724, 721, 722, 726, 725, 722, 723, 727, 726, 723, 720, 724, 727, 728, 729, 733, 732, 729, 730, 734, 733, 730, 731, 735, 734, 731, 728, 732, 735, 736, 737, 741, 740, 737, 738, 742, 741, 738, 739, 743, 742, 739, 736, 740, 743, 744, 745, 749, 748, 745, 746, 750, 749, 746, 747, 751, 750, 747, 744, 748, 751, 752, 753, 757, 756, 753, 754, 758, 757, 754, 755, 759, 758, 755, 752, 756, 759, 760, 761, 765, 764, 761, 762, 766, 765, 762, 763, 767, 766, 763, 760, 764, 767, 768, 769, 773, 772, 769, 770, 774, 773, 770, 771, 775, 774, 771, 768, 772, 775, 776, 777, 781, 780, 777, 778, 782, 781, 778, 779, 783, 782, 779, 776, 780, 783, 784, 785, 789, 788, 785, 786, 790, 789, 786, 787, 791, 790, 787, 784, 788, 791, 792, 793, 797, 796, 793, 794, 798, 797, 794, 795, 799, 798, 795, 792, 796, 799, 800, 801, 805, 804, 801, 802, 806, 805, 802, 803, 807, 806, 803, 800, 804, 807, 808, 809, 813, 812, 809, 810, 814, 813, 810, 811, 815, 814, 811, 808, 812, 815, 816, 817, 821, 820, 817, 818, 822, 821, 818, 819, 823, 822, 819, 816, 820, 823, 824, 825, 829, 828, 825, 826, 830, 829, 826, 827, 831, 830, 827, 824, 828, 831, 832, 833, 837, 836, 833, 834, 838, 837, 834, 835, 839, 838, 835, 832, 836, 839, 840, 841, 845, 844, 841, 842, 846, 845, 842, 843, 847, 846, 843, 840, 844, 847, 848, 849, 853, 852, 849, 850, 854, 853, 850, 851, 855, 854, 851, 848, 852, 855, 856, 857, 861, 860, 857, 858, 862, 861, 858, 859, 863, 862, 859, 856, 860, 863, 864, 865, 869, 868, 865, 866, 870, 869, 866, 867, 871, 870, 867, 864, 868, 871, 872, 873, 877, 876, 873, 874, 878, 877, 874, 875, 879, 878, 875, 872, 876, 879, 880, 881, 885, 884, 881, 882, 886, 885, 882, 883, 887, 886, 883, 880, 884, 887, 888, 889, 893, 892, 889, 890, 894, 893, 890, 891, 895, 894, 891, 888, 892, 895, 896, 897, 901, 900, 897, 898, 902, 901, 898, 899, 903, 902, 899, 896, 900, 903, 904, 905, 909, 908, 905, 906, 910, 909, 906, 907, 911, 910, 907, 904, 908, 911, 912, 913, 917, 916, 913, 914, 918, 917, 914, 915, 919, 918, 915, 912, 916, 919, 920, 921, 925, 924, 921, 922, 926, 925, 922, 923, 927, 926, 923, 920, 924, 927, 928, 929, 933, 932, 929, 930, 934, 933, 930, 931, 935, 934, 931, 928, 932, 935, 936, 937, 941, 940, 937, 938, 942, 941, 938, 939, 943, 942, 939, 936, 940, 943, 944, 945, 949, 948, 945, 946, 950, 949, 946, 947, 951, 950, 947, 944, 948, 951, 952, 953, 957, 956, 953, 954, 958, 957, 954, 955, 959, 958, 955, 952, 956, 959, 960, 961, 965, 964, 961, 962, 966, 965, 962, 963, 967, 966, 963, 960, 964, 967, 968, 969, 973, 972, 969, 970, 974, 973, 970, 971, 975, 974, 971, 968, 972, 975, 976, 977, 981, 980, 977, 978, 982, 981, 978, 979, 983, 982, 979, 976, 980, 983, 984, 985, 989, 988, 985, 986, 990, 989, 986, 987, 991, 990, 987, 984, 988, 991, 992, 993, 997, 996, 993, 994, 998, 997, 994, 995, 999, 998, 995, 992, 996, 999, 1000, 1001, 1005, 1004, 1001, 1002, 1006, 1005, 1002, 1003, 1007, 1006, 1003, 1000, 1004, 1007, 1008, 1009, 1013, 1012, 1009, 1010, 1014, 1013, 1010, 1011, 1015, 1014, 1011, 1008, 1012, 1015, 1016, 1017, 1021, 1020, 1017, 1018, 1022, 1021, 1018, 1019, 1023, 1022, 1019, 1016, 1020, 1023, 1024, 1025, 1029, 1028, 1025, 1026, 1030, 1029, 1026, 1027, 1031, 1030, 1027, 1024, 1028, 1031, 1032, 1033, 1037, 1036, 1033, 1034, 1038, 1037, 1034, 1035, 1039, 1038, 1035, 1032, 1036, 1039]
        point3f[] points = [(24.032148, -2, 6.79991), (24.03015, -2.002, 6.8), (24.02815, -2, 6.8000903), (24.03015, -1.998, 6.8), (24.032026, -2, 6.7972007), (24.030027, -2.002, 6.797291), (24.028028, -2, 6.797381), (24.030027, -1.998, 6.797291), (24.03201, -2, 6.7970185), (24.030027, -2.002, 6.797291), (24.028046, -2, 6.797563), (24.030027, -1.998, 6.797291), (24.031628, -2, 6.7942414), (24.029646, -2.002, 6.7945137), (24.027664, -2, 6.794786), (24.029646, -1.998, 6.7945137), (24.031593, -2, 6.7940564), (24.029646, -2.002, 6.7945137), (24.027699, -2, 6.794971), (24.029646, -1.998, 6.7945137), (24.030933, -2, 6.791247), (24.028986, -2.002, 6.791704), (24.027039, -2, 6.7921615), (24.028986, -1.998, 6.791704), (24.03088, -2, 6.79106), (24.028986, -2.002, 6.791704), (24.027092, -2, 6.7923484), (24.028986, -1.998, 6.791704), (24.029926, -2, 6.7882576), (24.028032, -2.002, 6.788902), (24.026138, -2, 6.789546), (24.028032, -1.998, 6.788902), (24.029852, -2, 6.7880735), (24.028032, -2.002, 6.788902), (24.026213, -2, 6.78973), (24.028032, -1.998, 6.788902), (24.0286, -2, 6.785324), (24.026781, -2.002, 6.7861524), (24.024961, -2, 6.7869806), (24.026781, -1.998, 6.7861524), (24.026781, -1.998, 6.7861524), (24.02851, -2, 6.7851453), (24.026781, -2.002, 6.7861524), (24.025053, -2, 6.7871594), (24.025236, -1.998, 6.7835016), (24.026964, -2, 6.7824945), (24.025236, -2.002, 6.7835016), (24.023508, -2, 6.7845087), (24.025236, -1.998, 6.7835016), (24.026852, -2, 6.7823224), (24.025236, -2.002, 6.7835016), (24.02362, -2, 6.784681), (24.023407, -1.998, 6.7809963), (24.025023, -2, 6.779817), (24.023407, -2.002, 6.7809963), (24.021791, -2, 6.7821755), (24.023407, -1.998, 6.7809963), (24.024893, -2, 6.779657), (24.023407, -2.002, 6.7809963), (24.021921, -2, 6.7823358), (24.021318, -1.998, 6.778681), (24.022804, -2, 6.7773414), (24.021318, -2.002, 6.778681), (24.019833, -2, 6.78002), (24.021318, -1.998, 6.778681), (24.022657, -2, 6.7771955), (24.021318, -2.002, 6.778681), (24.01998, -2, 6.780166), (24.019003, -1.998, 6.7765927), (24.020342, -2, 6.7751074), (24.019003, -2.002, 6.7765927), (24.017664, -2, 6.778078), (24.019003, -1.998, 6.7765927), (24.020182, -2, 6.774977), (24.019003, -2.002, 6.7765927), (24.017824, -2, 6.7782083), (24.016499, -1.998, 6.7747645), (24.017677, -2, 6.773149), (24.016499, -2.002, 6.7747645), (24.01532, -2, 6.77638), (24.016499, -1.998, 6.7747645), (24.017506, -2, 6.773037), (24.016499, -2.002, 6.7747645), (24.015491, -2, 6.776492), (24.013847, -1.998, 6.773218), (24.014854, -2, 6.7714906), (24.013847, -2.002, 6.773218), (24.01284, -2, 6.7749457), (24.013847, -1.998, 6.773218), (24.014675, -2, 6.771398), (24.013847, -2.002, 6.773218), (24.01302, -2, 6.7750382), (24.011099, -1.998, 6.771967), (24.011927, -2, 6.770147), (24.011099, -2.002, 6.771967), (24.010271, -2, 6.773787), (24.011099, -1.998, 6.771967), (24.011744, -2, 6.7700734), (24.011099, -2.002, 6.771967), (24.010454, -2, 6.7738605), (24.008297, -1.998, 6.7710137), (24.008942, -2, 6.76912), (24.008297, -2.002, 6.7710137), (24.007652, -2, 6.7729073), (24.008297, -1.998, 6.7710137), (24.008755, -2, 6.769067), (24.008297, -2.002, 6.7710137), (24.00784, -2, 6.7729607), (24.005486, -1.998, 6.7703533), (24.005943, -2, 6.7684064), (24.005486, -2.002, 6.7703533), (24.005028, -2, 6.7723002), (24.005486, -1.998, 6.7703533), (24.005758, -2, 6.768372), (24.005486, -2.002, 6.7703533), (24.005213, -2, 6.7723346), (24.002708, -1.998, 6.769972), (24.002981, -2, 6.7679906), (24.002708, -2.002, 6.769972), (24.002436, -2, 6.771953), (24.002708, -1.998, 6.769972), (24.002798, -2, 6.767974), (24.002708, -2.002, 6.769972), (24.002619, -2, 6.77197), (24, -1.998, 6.76985), (24.00009, -2, 6.767852), (24, -2.002, 6.76985), (23.99991, -2, 6.7718477), (24, -1.998, 6.76985), (23.99991, -2, 6.767852), (24, -2.002, 6.76985), (24.00009, -2, 6.7718477), (23.997292, -1.998, 6.769972), (23.997202, -2, 6.767974), (23.997292, -2.002, 6.769972), (23.997381, -2, 6.77197), (23.997292, -1.998, 6.769972), (23.997019, -2, 6.7679906), (23.997292, -2.002, 6.769972), (23.997564, -2, 6.771953), (23.994514, -1.998, 6.7703533), (23.994242, -2, 6.768372), (23.994514, -2.002, 6.7703533), (23.994787, -2, 6.7723346), (23.994514, -1.998, 6.7703533), (23.994057, -2, 6.7684064), (23.994514, -2.002, 6.7703533), (23.994972, -2, 6.7723002), (23.991703, -1.998, 6.7710137), (23.991245, -2, 6.769067), (23.991703, -2.002, 6.7710137), (23.99216, -2, 6.7729607), (23.991703, -1.998, 6.7710137), (23.991058, -2, 6.76912), (23.991703, -2.002, 6.7710137), (23.992348, -2, 6.7729073), (23.988901, -1.998, 6.771967), (23.988256, -2, 6.7700734), (23.988901, -2.002, 6.771967), (23.989546, -2, 6.7738605), (23.988901, -1.998, 6.771967), (23.988073, -2, 6.770147), (23.988901, -2.002, 6.771967), (23.989729, -2, 6.773787), (23.986153, -1.998, 6.773218), (23.985325, -2, 6.771398), (23.986153, -2.002, 6.773218), (23.98698, -2, 6.7750382), (23.986153, -1.998, 6.773218), (23.985146, -2, 6.7714906), (23.986153, -2.002, 6.773218), (23.98716, -2, 6.7749457), (23.983501, -1.998, 6.7747645), (23.982494, -2, 6.773037), (23.983501, -2.002, 6.7747645), (23.984509, -2, 6.776492), (23.983501, -1.998, 6.7747645), (23.982323, -2, 6.773149), (23.983501, -2.002, 6.7747645), (23.98468, -2, 6.77638), (23.980997, -1.998, 6.7765927), (23.979818, -2, 6.774977), (23.980997, -2.002, 6.7765927), (23.982176, -2, 6.7782083), (23.980997, -1.998, 6.7765927), (23.979658, -2, 6.7751074), (23.980997, -2.002, 6.7765927), (23.982336, -2, 6.778078), (23.978682, -1.998, 6.778681), (23.977343, -2, 6.7771955), (23.978682, -2.002, 6.778681), (23.98002, -2, 6.780166), (23.978682, -1.998, 6.778681), (23.977196, -2, 6.7773414), (23.978682, -2.002, 6.778681), (23.980167, -2, 6.78002), (23.976593, -1.998, 6.7809963), (23.975107, -2, 6.779657), (23.976593, -2.002, 6.7809963), (23.978079, -2, 6.7823358), (23.976593, -1.998, 6.7809963), (23.974977, -2, 6.779817), (23.976593, -2.002, 6.7809963), (23.978209, -2, 6.7821755), (23.974764, -1.998, 6.7835016), (23.973148, -2, 6.7823224), (23.974764, -2.002, 6.7835016), (23.97638, -2, 6.784681), (23.974764, -1.998, 6.7835016), (23.973036, -2, 6.7824945), (23.974764, -2.002, 6.7835016), (23.976492, -2, 6.7845087), (23.973219, -1.998, 6.7861524), (23.97149, -2, 6.7851453), (23.973219, -2.002, 6.7861524), (23.974947, -2, 6.7871594), (23.9714, -2, 6.785324), (23.973219, -2.002, 6.7861524), (23.975039, -2, 6.7869806), (23.973219, -1.998, 6.7861524), (23.970148, -2, 6.7880735), (23.971968, -2.002, 6.788902), (23.973787, -2, 6.78973), (23.971968, -1.998, 6.788902), (23.970074, -2, 6.7882576), (23.971968, -2.002, 6.788902), (23.973862, -2, 6.789546), (23.971968, -1.998, 6.788902), (23.96912, -2, 6.79106), (23.971014, -2.002, 6.791704), (23.972908, -2, 6.7923484), (23.971014, -1.998, 6.791704), (23.969067, -2, 6.791247), (23.971014, -2.002, 6.791704), (23.972961, -2, 6.7921615), (23.971014, -1.998, 6.791704), (23.968407, -2, 6.7940564), (23.970354, -2.002, 6.7945137), (23.972301, -2, 6.794971), (23.970354, -1.998, 6.7945137), (23.968372, -2, 6.7942414), (23.970354, -2.002, 6.7945137), (23.972336, -2, 6.794786), (23.970354, -1.998, 6.7945137), (23.96799, -2, 6.7970185), (23.969973, -2.002, 6.797291), (23.971954, -2, 6.797563), (23.969973, -1.998, 6.797291), (23.967974, -2, 6.7972007), (23.969973, -2.002, 6.797291), (23.971972, -2, 6.797381), (23.969973, -1.998, 6.797291), (23.967852, -2, 6.79991), (23.96985, -2.002, 6.8), (23.97185, -2, 6.8000903), (23.96985, -1.998, 6.8), (24.028149, -2, 6.8), (24.03015, -2, 6.7980003), (24.03215, -2, 6.8), (24.03015, -2, 6.802), (24.028149, -4, 6.8), (24.03015, -4, 6.7980003), (24.03215, -4, 6.8), (24.03015, -4, 6.802), (24.032148, -4, 6.79991), (24.03015, -4.002, 6.8), (24.02815, -4, 6.8000903), (24.03015, -3.998, 6.8), (24.032026, -4, 6.7972007), (24.030027, -4.002, 6.797291), (24.028028, -4, 6.797381), (24.030027, -3.998, 6.797291), (24.03201, -4, 6.7970185), (24.030027, -4.002, 6.797291), (24.028046, -4, 6.797563), (24.030027, -3.998, 6.797291), (24.031628, -4, 6.7942414), (24.029646, -4.002, 6.7945137), (24.027664, -4, 6.794786), (24.029646, -3.998, 6.7945137), (24.031593, -4, 6.7940564), (24.029646, -4.002, 6.7945137), (24.027699, -4, 6.794971), (24.029646, -3.998, 6.7945137), (24.030933, -4, 6.791247), (24.028986, -4.002, 6.791704), (24.027039, -4, 6.7921615), (24.028986, -3.998, 6.791704), (24.03088, -4, 6.79106), (24.028986, -4.002, 6.791704), (24.027092, -4, 6.7923484), (24.028986, -3.998, 6.791704), (24.029926, -4, 6.7882576), (24.028032, -4.002, 6.788902), (24.026138, -4, 6.789546), (24.028032, -3.998, 6.788902), (24.029852, -4, 6.7880735), (24.028032, -4.002, 6.788902), (24.026213, -4, 6.78973), (24.028032, -3.998, 6.788902), (24.0286, -4, 6.785324), (24.026781, -4.002, 6.7861524), (24.024961, -4, 6.7869806), (24.026781, -3.998, 6.7861524), (24.026781, -3.998, 6.7861524), (24.02851, -4, 6.7851453), (24.026781, -4.002, 6.7861524), (24.025053, -4, 6.7871594), (24.025236, -3.998, 6.7835016), (24.026964, -4, 6.7824945), (24.025236, -4.002, 6.7835016), (24.023508, -4, 6.7845087), (24.025236, -3.998, 6.7835016), (24.026852, -4, 6.7823224), (24.025236, -4.002, 6.7835016), (24.02362, -4, 6.784681), (24.023407, -3.998, 6.7809963), (24.025023, -4, 6.779817), (24.023407, -4.002, 6.7809963), (24.021791, -4, 6.7821755), (24.023407, -3.998, 6.7809963), (24.024893, -4, 6.779657), (24.023407, -4.002, 6.7809963), (24.021921, -4, 6.7823358), (24.021318, -3.998, 6.778681), (24.022804, -4, 6.7773414), (24.021318, -4.002, 6.778681), (24.019833, -4, 6.78002), (24.021318, -3.998, 6.778681), (24.022657, -4, 6.7771955), (24.021318, -4.002, 6.778681), (24.01998, -4, 6.780166), (24.019003, -3.998, 6.7765927), (24.020342, -4, 6.7751074), (24.019003, -4.002, 6.7765927), (24.017664, -4, 6.778078), (24.019003, -3.998, 6.7765927), (24.020182, -4, 6.774977), (24.019003, -4.002, 6.7765927), (24.017824, -4, 6.7782083), (24.016499, -3.998, 6.7747645), (24.017677, -4, 6.773149), (24.016499, -4.002, 6.7747645), (24.01532, -4, 6.77638), (24.016499, -3.998, 6.7747645), (24.017506, -4, 6.773037), (24.016499, -4.002, 6.7747645), (24.015491, -4, 6.776492), (24.013847, -3.998, 6.773218), (24.014854, -4, 6.7714906), (24.013847, -4.002, 6.773218), (24.01284, -4, 6.7749457), (24.013847, -3.998, 6.773218), (24.014675, -4, 6.771398), (24.013847, -4.002, 6.773218), (24.01302, -4, 6.7750382), (24.011099, -3.998, 6.771967), (24.011927, -4, 6.770147), (24.011099, -4.002, 6.771967), (24.010271, -4, 6.773787), (24.011099, -3.998, 6.771967), (24.011744, -4, 6.7700734), (24.011099, -4.002, 6.771967), (24.010454, -4, 6.7738605), (24.008297, -3.998, 6.7710137), (24.008942, -4, 6.76912), (24.008297, -4.002, 6.7710137), (24.007652, -4, 6.7729073), (24.008297, -3.998, 6.7710137), (24.008755, -4, 6.769067), (24.008297, -4.002, 6.7710137), (24.00784, -4, 6.7729607), (24.005486, -3.998, 6.7703533), (24.005943, -4, 6.7684064), (24.005486, -4.002, 6.7703533), (24.005028, -4, 6.7723002), (24.005486, -3.998, 6.7703533), (24.005758, -4, 6.768372), (24.005486, -4.002, 6.7703533), (24.005213, -4, 6.7723346), (24.002708, -3.998, 6.769972), (24.002981, -4, 6.7679906), (24.002708, -4.002, 6.769972), (24.002436, -4, 6.771953), (24.002708, -3.998, 6.769972), (24.002798, -4, 6.767974), (24.002708, -4.002, 6.769972), (24.002619, -4, 6.77197), (24, -3.998, 6.76985), (24.00009, -4, 6.767852), (24, -4.002, 6.76985), (23.99991, -4, 6.7718477), (24, -3.998, 6.76985), (23.99991, -4, 6.767852), (24, -4.002, 6.76985), (24.00009, -4, 6.7718477), (23.997292, -3.998, 6.769972), (23.997202, -4, 6.767974), (23.997292, -4.002, 6.769972), (23.997381, -4, 6.77197), (23.997292, -3.998, 6.769972), (23.997019, -4, 6.7679906), (23.997292, -4.002, 6.769972), (23.997564, -4, 6.771953), (23.994514, -3.998, 6.7703533), (23.994242, -4, 6.768372), (23.994514, -4.002, 6.7703533), (23.994787, -4, 6.7723346), (23.994514, -3.998, 6.7703533), (23.994057, -4, 6.7684064), (23.994514, -4.002, 6.7703533), (23.994972, -4, 6.7723002), (23.991703, -3.998, 6.7710137), (23.991245, -4, 6.769067), (23.991703, -4.002, 6.7710137), (23.99216, -4, 6.7729607), (23.991703, -3.998, 6.7710137), (23.991058, -4, 6.76912), (23.991703, -4.002, 6.7710137), (23.992348, -4, 6.7729073), (23.988901, -3.998, 6.771967), (23.988256, -4, 6.7700734), (23.988901, -4.002, 6.771967), (23.989546, -4, 6.7738605), (23.988901, -3.998, 6.771967), (23.988073, -4, 6.770147), (23.988901, -4.002, 6.771967), (23.989729, -4, 6.773787), (23.986153, -3.998, 6.773218), (23.985325, -4, 6.771398), (23.986153, -4.002, 6.773218), (23.98698, -4, 6.7750382), (23.986153, -3.998, 6.773218), (23.985146, -4, 6.7714906), (23.986153, -4.002, 6.773218), (23.98716, -4, 6.7749457), (23.983501, -3.998, 6.7747645), (23.982494, -4, 6.773037), (23.983501, -4.002, 6.7747645), (23.984509, -4, 6.776492), (23.983501, -3.998, 6.7747645), (23.982323, -4, 6.773149), (23.983501, -4.002, 6.7747645), (23.98468, -4, 6.77638), (23.980997, -3.998, 6.7765927), (23.979818, -4, 6.774977), (23.980997, -4.002, 6.7765927), (23.982176, -4, 6.7782083), (23.980997, -3.998, 6.7765927), (23.979658, -4, 6.7751074), (23.980997, -4.002, 6.7765927), (23.982336, -4, 6.778078), (23.978682, -3.998, 6.778681), (23.977343, -4, 6.7771955), (23.978682, -4.002, 6.778681), (23.98002, -4, 6.780166), (23.978682, -3.998, 6.778681), (23.977196, -4, 6.7773414), (23.978682, -4.002, 6.778681), (23.980167, -4, 6.78002), (23.976593, -3.998, 6.7809963), (23.975107, -4, 6.779657), (23.976593, -4.002, 6.7809963), (23.978079, -4, 6.7823358), (23.976593, -3.998, 6.7809963), (23.974977, -4, 6.779817), (23.976593, -4.002, 6.7809963), (23.978209, -4, 6.7821755), (23.974764, -3.998, 6.7835016), (23.973148, -4, 6.7823224), (23.974764, -4.002, 6.7835016), (23.97638, -4, 6.784681), (23.974764, -3.998, 6.7835016), (23.973036, -4, 6.7824945), (23.974764, -4.002, 6.7835016), (23.976492, -4, 6.7845087), (23.973219, -3.998, 6.7861524), (23.97149, -4, 6.7851453), (23.973219, -4.002, 6.7861524), (23.974947, -4, 6.7871594), (23.9714, -4, 6.785324), (23.973219, -4.002, 6.7861524), (23.975039, -4, 6.7869806), (23.973219, -3.998, 6.7861524), (23.970148, -4, 6.7880735), (23.971968, -4.002, 6.788902), (23.973787, -4, 6.78973), (23.971968, -3.998, 6.788902), (23.970074, -4, 6.7882576), (23.971968, -4.002, 6.788902), (23.973862, -4, 6.789546), (23.971968, -3.998, 6.788902), (23.96912, -4, 6.79106), (23.971014, -4.002, 6.791704), (23.972908, -4, 6.7923484), (23.971014, -3.998, 6.791704), (23.969067, -4, 6.791247), (23.971014, -4.002, 6.791704), (23.972961, -4, 6.7921615), (23.971014, -3.998, 6.791704), (23.968407, -4, 6.7940564), (23.970354, -4.002, 6.7945137), (23.972301, -4, 6.794971), (23.970354, -3.998, 6.7945137), (23.968372, -4, 6.7942414), (23.970354, -4.002, 6.7945137), (23.972336, -4, 6.794786), (23.970354, -3.998, 6.7945137), (23.96799, -4, 6.7970185), (23.969973, -4.002, 6.797291), (23.971954, -4, 6.797563), (23.969973, -3.998, 6.797291), (23.967974, -4, 6.7972007), (23.969973, -4.002, 6.797291), (23.971972, -4, 6.797381), (23.969973, -3.998, 6.797291), (23.967852, -4, 6.79991), (23.96985, -4.002, 6.8), (23.97185, -4, 6.8000903), (23.96985, -3.998, 6.8), (23.971851, -4, 6.8), (23.96985, -4, 6.7980003), (23.96785, -4, 6.8), (23.96985, -4, 6.802), (23.971851, -2, 6.8), (23.96985, -2, 6.7980003), (23.96785, -2, 6.8), (23.96985, -2, 6.802), (23.967852, -4, 6.8000903), (23.96985, -4.002, 6.8), (23.97185, -4, 6.79991), (23.96985, -3.998, 6.8), (23.967974, -4, 6.802799), (23.969973, -4.002, 6.802709), (23.971972, -4, 6.802619), (23.969973, -3.998, 6.802709), (23.96799, -4, 6.8029814), (23.969973, -4.002, 6.802709), (23.971954, -4, 6.802437), (23.969973, -3.998, 6.802709), (23.968372, -4, 6.8057585), (23.970354, -4.002, 6.805486), (23.972336, -4, 6.805214), (23.970354, -3.998, 6.805486), (23.968407, -4, 6.8059435), (23.970354, -4.002, 6.805486), (23.972301, -4, 6.805029), (23.970354, -3.998, 6.805486), (23.969067, -4, 6.8087535), (23.971014, -4.002, 6.808296), (23.972961, -4, 6.807839), (23.971014, -3.998, 6.808296), (23.96912, -4, 6.8089404), (23.971014, -4.002, 6.808296), (23.972908, -4, 6.807652), (23.971014, -3.998, 6.808296), (23.970074, -4, 6.8117423), (23.971968, -4.002, 6.811098), (23.973862, -4, 6.810454), (23.971968, -3.998, 6.811098), (23.970148, -4, 6.8119264), (23.971968, -4.002, 6.811098), (23.973787, -4, 6.81027), (23.971968, -3.998, 6.811098), (23.9714, -4, 6.814676), (23.973219, -4.002, 6.8138475), (23.975039, -4, 6.8130193), (23.973219, -3.998, 6.8138475), (23.973219, -4.002, 6.8138475), (23.974947, -4, 6.8128405), (23.973219, -3.998, 6.8138475), (23.97149, -4, 6.8148546), (23.974764, -4.002, 6.8164983), (23.976492, -4, 6.815491), (23.974764, -3.998, 6.8164983), (23.973036, -4, 6.8175054), (23.974764, -4.002, 6.8164983), (23.97638, -4, 6.815319), (23.974764, -3.998, 6.8164983), (23.973148, -4, 6.8176775), (23.976593, -4.002, 6.8190036), (23.978209, -4, 6.8178244), (23.976593, -3.998, 6.8190036), (23.974977, -4, 6.820183), (23.976593, -4.002, 6.8190036), (23.978079, -4, 6.817664), (23.976593, -3.998, 6.8190036), (23.975107, -4, 6.820343), (23.978682, -4.002, 6.821319), (23.980167, -4, 6.8199797), (23.978682, -3.998, 6.821319), (23.977196, -4, 6.8226585), (23.978682, -4.002, 6.821319), (23.98002, -4, 6.8198338), (23.978682, -3.998, 6.821319), (23.977343, -4, 6.8228045), (23.980997, -4.002, 6.823407), (23.982336, -4, 6.821922), (23.980997, -3.998, 6.823407), (23.979658, -4, 6.8248925), (23.980997, -4.002, 6.823407), (23.982176, -4, 6.8217916), (23.980997, -3.998, 6.823407), (23.979818, -4, 6.8250227), (23.983501, -4.002, 6.8252354), (23.98468, -4, 6.82362), (23.983501, -3.998, 6.8252354), (23.982323, -4, 6.826851), (23.983501, -4.002, 6.8252354), (23.984509, -4, 6.823508), (23.983501, -3.998, 6.8252354), (23.982494, -4, 6.826963), (23.986153, -4.002, 6.8267817), (23.98716, -4, 6.825054), (23.986153, -3.998, 6.8267817), (23.985146, -4, 6.8285093), (23.986153, -4.002, 6.8267817), (23.98698, -4, 6.8249617), (23.986153, -3.998, 6.8267817), (23.985325, -4, 6.828602), (23.988901, -4.002, 6.828033), (23.989729, -4, 6.826213), (23.988901, -3.998, 6.828033), (23.988073, -4, 6.829853), (23.988901, -4.002, 6.828033), (23.989546, -4, 6.8261395), (23.988901, -3.998, 6.828033), (23.988256, -4, 6.8299265), (23.991703, -4.002, 6.828986), (23.992348, -4, 6.8270926), (23.991703, -3.998, 6.828986), (23.991058, -4, 6.8308797), (23.991703, -4.002, 6.828986), (23.99216, -4, 6.8270392), (23.991703, -3.998, 6.828986), (23.991245, -4, 6.830933), (23.994514, -4.002, 6.8296466), (23.994972, -4, 6.8276997), (23.994514, -3.998, 6.8296466), (23.994057, -4, 6.8315935), (23.994514, -4.002, 6.8296466), (23.994787, -4, 6.8276653), (23.994514, -3.998, 6.8296466), (23.994242, -4, 6.831628), (23.997292, -4.002, 6.830028), (23.997564, -4, 6.828047), (23.997292, -3.998, 6.830028), (23.997019, -4, 6.8320093), (23.997292, -4.002, 6.830028), (23.997381, -4, 6.82803), (23.997292, -3.998, 6.830028), (23.997202, -4, 6.832026), (24, -4.002, 6.83015), (24.00009, -4, 6.828152), (24, -3.998, 6.83015), (23.99991, -4, 6.832148), (24, -4.002, 6.83015), (23.99991, -4, 6.828152), (24, -3.998, 6.83015), (24.00009, -4, 6.832148), (24.002708, -4.002, 6.830028), (24.002619, -4, 6.82803), (24.002708, -3.998, 6.830028), (24.002798, -4, 6.832026), (24.002708, -4.002, 6.830028), (24.002436, -4, 6.828047), (24.002708, -3.998, 6.830028), (24.002981, -4, 6.8320093), (24.005486, -4.002, 6.8296466), (24.005213, -4, 6.8276653), (24.005486, -3.998, 6.8296466), (24.005758, -4, 6.831628), (24.005486, -4.002, 6.8296466), (24.005028, -4, 6.8276997), (24.005486, -3.998, 6.8296466), (24.005943, -4, 6.8315935), (24.008297, -4.002, 6.828986), (24.00784, -4, 6.8270392), (24.008297, -3.998, 6.828986), (24.008755, -4, 6.830933), (24.008297, -4.002, 6.828986), (24.007652, -4, 6.8270926), (24.008297, -3.998, 6.828986), (24.008942, -4, 6.8308797), (24.011099, -4.002, 6.828033), (24.010454, -4, 6.8261395), (24.011099, -3.998, 6.828033), (24.011744, -4, 6.8299265), (24.011099, -4.002, 6.828033), (24.010271, -4, 6.826213), (24.011099, -3.998, 6.828033), (24.011927, -4, 6.829853), (24.013847, -4.002, 6.8267817), (24.01302, -4, 6.8249617), (24.013847, -3.998, 6.8267817), (24.014675, -4, 6.828602), (24.013847, -4.002, 6.8267817), (24.01284, -4, 6.825054), (24.013847, -3.998, 6.8267817), (24.014854, -4, 6.8285093), (24.016499, -4.002, 6.8252354), (24.015491, -4, 6.823508), (24.016499, -3.998, 6.8252354), (24.017506, -4, 6.826963), (24.016499, -4.002, 6.8252354), (24.01532, -4, 6.82362), (24.016499, -3.998, 6.8252354), (24.017677, -4, 6.826851), (24.019003, -4.002, 6.823407), (24.017824, -4, 6.8217916), (24.019003, -3.998, 6.823407), (24.020182, -4, 6.8250227), (24.019003, -4.002, 6.823407), (24.017664, -4, 6.821922), (24.019003, -3.998, 6.823407), (24.020342, -4, 6.8248925), (24.021318, -4.002, 6.821319), (24.01998, -4, 6.8198338), (24.021318, -3.998, 6.821319), (24.022657, -4, 6.8228045), (24.021318, -4.002, 6.821319), (24.019833, -4, 6.8199797), (24.021318, -3.998, 6.821319), (24.022804, -4, 6.8226585), (24.023407, -4.002, 6.8190036), (24.021921, -4, 6.817664), (24.023407, -3.998, 6.8190036), (24.024893, -4, 6.820343), (24.023407, -4.002, 6.8190036), (24.021791, -4, 6.8178244), (24.023407, -3.998, 6.8190036), (24.025023, -4, 6.820183), (24.025236, -4.002, 6.8164983), (24.02362, -4, 6.815319), (24.025236, -3.998, 6.8164983), (24.026852, -4, 6.8176775), (24.025236, -4.002, 6.8164983), (24.023508, -4, 6.815491), (24.025236, -3.998, 6.8164983), (24.026964, -4, 6.8175054), (24.026781, -4.002, 6.8138475), (24.025053, -4, 6.8128405), (24.026781, -3.998, 6.8138475), (24.02851, -4, 6.8148546), (24.0286, -4, 6.814676), (24.026781, -4.002, 6.8138475), (24.024961, -4, 6.8130193), (24.026781, -3.998, 6.8138475), (24.029852, -4, 6.8119264), (24.028032, -4.002, 6.811098), (24.026213, -4, 6.81027), (24.028032, -3.998, 6.811098), (24.029926, -4, 6.8117423), (24.028032, -4.002, 6.811098), (24.026138, -4, 6.810454), (24.028032, -3.998, 6.811098), (24.03088, -4, 6.8089404), (24.028986, -4.002, 6.808296), (24.027092, -4, 6.807652), (24.028986, -3.998, 6.808296), (24.030933, -4, 6.8087535), (24.028986, -4.002, 6.808296), (24.027039, -4, 6.807839), (24.028986, -3.998, 6.808296), (24.031593, -4, 6.8059435), (24.029646, -4.002, 6.805486), (24.027699, -4, 6.805029), (24.029646, -3.998, 6.805486), (24.031628, -4, 6.8057585), (24.029646, -4.002, 6.805486), (24.027664, -4, 6.805214), (24.029646, -3.998, 6.805486), (24.03201, -4, 6.8029814), (24.030027, -4.002, 6.802709), (24.028046, -4, 6.802437), (24.030027, -3.998, 6.802709), (24.032026, -4, 6.802799), (24.030027, -4.002, 6.802709), (24.028028, -4, 6.802619), (24.030027, -3.998, 6.802709), (24.032148, -4, 6.8000903), (24.03015, -4.002, 6.8), (24.02815, -4, 6.79991), (24.03015, -3.998, 6.8), (23.967852, -2, 6.8000903), (23.96985, -2.002, 6.8), (23.97185, -2, 6.79991), (23.96985, -1.998, 6.8), (23.967974, -2, 6.802799), (23.969973, -2.002, 6.802709), (23.971972, -2, 6.802619), (23.969973, -1.998, 6.802709), (23.96799, -2, 6.8029814), (23.969973, -2.002, 6.802709), (23.971954, -2, 6.802437), (23.969973, -1.998, 6.802709), (23.968372, -2, 6.8057585), (23.970354, -2.002, 6.805486), (23.972336, -2, 6.805214), (23.970354, -1.998, 6.805486), (23.968407, -2, 6.8059435), (23.970354, -2.002, 6.805486), (23.972301, -2, 6.805029), (23.970354, -1.998, 6.805486), (23.969067, -2, 6.8087535), (23.971014, -2.002, 6.808296), (23.972961, -2, 6.807839), (23.971014, -1.998, 6.808296), (23.96912, -2, 6.8089404), (23.971014, -2.002, 6.808296), (23.972908, -2, 6.807652), (23.971014, -1.998, 6.808296), (23.970074, -2, 6.8117423), (23.971968, -2.002, 6.811098), (23.973862, -2, 6.810454), (23.971968, -1.998, 6.811098), (23.970148, -2, 6.8119264), (23.971968, -2.002, 6.811098), (23.973787, -2, 6.81027), (23.971968, -1.998, 6.811098), (23.9714, -2, 6.814676), (23.973219, -2.002, 6.8138475), (23.975039, -2, 6.8130193), (23.973219, -1.998, 6.8138475), (23.973219, -2.002, 6.8138475), (23.974947, -2, 6.8128405), (23.973219, -1.998, 6.8138475), (23.97149, -2, 6.8148546), (23.974764, -2.002, 6.8164983), (23.976492, -2, 6.815491), (23.974764, -1.998, 6.8164983), (23.973036, -2, 6.8175054), (23.974764, -2.002, 6.8164983), (23.97638, -2, 6.815319), (23.974764, -1.998, 6.8164983), (23.973148, -2, 6.8176775), (23.976593, -2.002, 6.8190036), (23.978209, -2, 6.8178244), (23.976593, -1.998, 6.8190036), (23.974977, -2, 6.820183), (23.976593, -2.002, 6.8190036), (23.978079, -2, 6.817664), (23.976593, -1.998, 6.8190036), (23.975107, -2, 6.820343), (23.978682, -2.002, 6.821319), (23.980167, -2, 6.8199797), (23.978682, -1.998, 6.821319), (23.977196, -2, 6.8226585), (23.978682, -2.002, 6.821319), (23.98002, -2, 6.8198338), (23.978682, -1.998, 6.821319), (23.977343, -2, 6.8228045), (23.980997, -2.002, 6.823407), (23.982336, -2, 6.821922), (23.980997, -1.998, 6.823407), (23.979658, -2, 6.8248925), (23.980997, -2.002, 6.823407), (23.982176, -2, 6.8217916), (23.980997, -1.998, 6.823407), (23.979818, -2, 6.8250227), (23.983501, -2.002, 6.8252354), (23.98468, -2, 6.82362), (23.983501, -1.998, 6.8252354), (23.982323, -2, 6.826851), (23.983501, -2.002, 6.8252354), (23.984509, -2, 6.823508), (23.983501, -1.998, 6.8252354), (23.982494, -2, 6.826963), (23.986153, -2.002, 6.8267817), (23.98716, -2, 6.825054), (23.986153, -1.998, 6.8267817), (23.985146, -2, 6.8285093), (23.986153, -2.002, 6.8267817), (23.98698, -2, 6.8249617), (23.986153, -1.998, 6.8267817), (23.985325, -2, 6.828602), (23.988901, -2.002, 6.828033), (23.989729, -2, 6.826213), (23.988901, -1.998, 6.828033), (23.988073, -2, 6.829853), (23.988901, -2.002, 6.828033), (23.989546, -2, 6.8261395), (23.988901, -1.998, 6.828033), (23.988256, -2, 6.8299265), (23.991703, -2.002, 6.828986), (23.992348, -2, 6.8270926), (23.991703, -1.998, 6.828986), (23.991058, -2, 6.8308797), (23.991703, -2.002, 6.828986), (23.99216, -2, 6.8270392), (23.991703, -1.998, 6.828986), (23.991245, -2, 6.830933), (23.994514, -2.002, 6.8296466), (23.994972, -2, 6.8276997), (23.994514, -1.998, 6.8296466), (23.994057, -2, 6.8315935), (23.994514, -2.002, 6.8296466), (23.994787, -2, 6.8276653), (23.994514, -1.998, 6.8296466), (23.994242, -2, 6.831628), (23.997292, -2.002, 6.830028), (23.997564, -2, 6.828047), (23.997292, -1.998, 6.830028), (23.997019, -2, 6.8320093), (23.997292, -2.002, 6.830028), (23.997381, -2, 6.82803), (23.997292, -1.998, 6.830028), (23.997202, -2, 6.832026), (24, -2.002, 6.83015), (24.00009, -2, 6.828152), (24, -1.998, 6.83015), (23.99991, -2, 6.832148), (24, -2.002, 6.83015), (23.99991, -2, 6.828152), (24, -1.998, 6.83015), (24.00009, -2, 6.832148), (24.002708, -2.002, 6.830028), (24.002619, -2, 6.82803), (24.002708, -1.998, 6.830028), (24.002798, -2, 6.832026), (24.002708, -2.002, 6.830028), (24.002436, -2, 6.828047), (24.002708, -1.998, 6.830028), (24.002981, -2, 6.8320093), (24.005486, -2.002, 6.8296466), (24.005213, -2, 6.8276653), (24.005486, -1.998, 6.8296466), (24.005758, -2, 6.831628), (24.005486, -2.002, 6.8296466), (24.005028, -2, 6.8276997), (24.005486, -1.998, 6.8296466), (24.005943, -2, 6.8315935), (24.008297, -2.002, 6.828986), (24.00784, -2, 6.8270392), (24.008297, -1.998, 6.828986), (24.008755, -2, 6.830933), (24.008297, -2.002, 6.828986), (24.007652, -2, 6.8270926), (24.008297, -1.998, 6.828986), (24.008942, -2, 6.8308797), (24.011099, -2.002, 6.828033), (24.010454, -2, 6.8261395), (24.011099, -1.998, 6.828033), (24.011744, -2, 6.8299265), (24.011099, -2.002, 6.828033), (24.010271, -2, 6.826213), (24.011099, -1.998, 6.828033), (24.011927, -2, 6.829853), (24.013847, -2.002, 6.8267817), (24.01302, -2, 6.8249617), (24.013847, -1.998, 6.8267817), (24.014675, -2, 6.828602), (24.013847, -2.002, 6.8267817), (24.01284, -2, 6.825054), (24.013847, -1.998, 6.8267817), (24.014854, -2, 6.8285093), (24.016499, -2.002, 6.8252354), (24.015491, -2, 6.823508), (24.016499, -1.998, 6.8252354), (24.017506, -2, 6.826963), (24.016499, -2.002, 6.8252354), (24.01532, -2, 6.82362), (24.016499, -1.998, 6.8252354), (24.017677, -2, 6.826851), (24.019003, -2.002, 6.823407), (24.017824, -2, 6.8217916), (24.019003, -1.998, 6.823407), (24.020182, -2, 6.8250227), (24.019003, -2.002, 6.823407), (24.017664, -2, 6.821922), (24.019003, -1.998, 6.823407), (24.020342, -2, 6.8248925), (24.021318, -2.002, 6.821319), (24.01998, -2, 6.8198338), (24.021318, -1.998, 6.821319), (24.022657, -2, 6.8228045), (24.021318, -2.002, 6.821319), (24.019833, -2, 6.8199797), (24.021318, -1.998, 6.821319), (24.022804, -2, 6.8226585), (24.023407, -2.002, 6.8190036), (24.021921, -2, 6.817664), (24.023407, -1.998, 6.8190036), (24.024893, -2, 6.820343), (24.023407, -2.002, 6.8190036), (24.021791, -2, 6.8178244), (24.023407, -1.998, 6.8190036), (24.025023, -2, 6.820183), (24.025236, -2.002, 6.8164983), (24.02362, -2, 6.815319), (24.025236, -1.998, 6.8164983), (24.026852, -2, 6.8176775), (24.025236, -2.002, 6.8164983), (24.023508, -2, 6.815491), (24.025236, -1.998, 6.8164983), (24.026964, -2, 6.8175054), (24.026781, -2.002, 6.8138475), (24.025053, -2, 6.8128405), (24.026781, -1.998, 6.8138475), (24.02851, -2, 6.8148546), (24.0286, -2, 6.814676), (24.026781, -2.002, 6.8138475), (24.024961, -2, 6.8130193), (24.026781, -1.998, 6.8138475), (24.029852, -2, 6.8119264), (24.028032, -2.002, 6.811098), (24.026213, -2, 6.81027), (24.028032, -1.998, 6.811098), (24.029926, -2, 6.8117423), (24.028032, -2.002, 6.811098), (24.026138, -2, 6.810454), (24.028032, -1.998, 6.811098), (24.03088, -2, 6.8089404), (24.028986, -2.002, 6.808296), (24.027092, -2, 6.807652), (24.028986, -1.998, 6.808296), (24.030933, -2, 6.8087535), (24.028986, -2.002, 6.808296), (24.027039, -2, 6.807839), (24.028986, -1.998, 6.808296), (24.031593, -2, 6.8059435), (24.029646, -2.002, 6.805486), (24.027699, -2, 6.805029), (24.029646, -1.998, 6.805486), (24.031628, -2, 6.8057585), (24.029646, -2.002, 6.805486), (24.027664, -2, 6.805214), (24.029646, -1.998, 6.805486), (24.03201, -2, 6.8029814), (24.030027, -2.002, 6.802709), (24.028046, -2, 6.802437), (24.030027, -1.998, 6.802709), (24.032026, -2, 6.802799), (24.030027, -2.002, 6.802709), (24.028028, -2, 6.802619), (24.030027, -1.998, 6.802709), (24.032148, -2, 6.8000903), (24.03015, -2.002, 6.8), (24.02815, -2, 6.79991), (24.03015, -1.998, 6.8)]
        uniform token purpose = "guide"
        uniform token subdivisionScheme = "none"
       }
      }

      over "pipe_clash_near"
      {
       def Mesh "EdgeDisplay" (
        prepend apiSchemas = ["AecoDerivedGeometryAPI"]
       )
       {
        uniform token aeco:derived:approx = "tessellated"
        rel aeco:derived:from = </demo_datacentre_01/demo_datacentre_01_Site/demo_datacentre_01/L01_Office/Office_Corridor_L01/Corridor_ceiling_void/pipe_clash_near/Edges>
        uniform token aeco:derived:role = "wireframe"
        string aeco:derived:source = "6e5a2055-fc33-5dd4-8df1-af4a6e337adb"
        string aeco:derived:stamp = "aeco-solid 0.1.0 guide display"
        double aeco:derived:tolerance = 0.004
        uniform bool doubleSided = 1
        int[] faceVertexCounts = [4, 4, 4, 4, 4, 4, 4, 4, 4, 4, 4, 4, 4, 4, 4, 4, 4, 4, 4, 4, 4, 4, 4, 4, 4, 4, 4, 4, 4, 4, 4, 4, 4, 4, 4, 4, 4, 4, 4, 4, 4, 4, 4, 4, 4, 4, 4, 4, 4, 4, 4, 4, 4, 4, 4, 4, 4, 4, 4, 4, 4, 4, 4, 4, 4, 4, 4, 4, 4, 4, 4, 4, 4, 4, 4, 4, 4, 4, 4, 4, 4, 4, 4, 4, 4, 4, 4, 4, 4, 4, 4, 4, 4, 4, 4, 4, 4, 4, 4, 4, 4, 4, 4, 4, 4, 4, 4, 4, 4, 4, 4, 4, 4, 4, 4, 4, 4, 4, 4, 4, 4, 4, 4, 4, 4, 4, 4, 4, 4, 4, 4, 4, 4, 4, 4, 4, 4, 4, 4, 4, 4, 4, 4, 4, 4, 4, 4, 4, 4, 4, 4, 4, 4, 4, 4, 4, 4, 4, 4, 4, 4, 4, 4, 4, 4, 4, 4, 4, 4, 4, 4, 4, 4, 4, 4, 4, 4, 4, 4, 4, 4, 4, 4, 4, 4, 4, 4, 4, 4, 4, 4, 4, 4, 4, 4, 4, 4, 4, 4, 4, 4, 4, 4, 4, 4, 4, 4, 4, 4, 4, 4, 4, 4, 4, 4, 4, 4, 4, 4, 4, 4, 4, 4, 4, 4, 4, 4, 4, 4, 4, 4, 4, 4, 4, 4, 4, 4, 4, 4, 4, 4, 4, 4, 4, 4, 4, 4, 4, 4, 4, 4, 4, 4, 4, 4, 4, 4, 4, 4, 4, 4, 4, 4, 4, 4, 4, 4, 4, 4, 4, 4, 4, 4, 4, 4, 4, 4, 4, 4, 4, 4, 4, 4, 4, 4, 4, 4, 4, 4, 4, 4, 4, 4, 4, 4, 4, 4, 4, 4, 4, 4, 4, 4, 4, 4, 4, 4, 4, 4, 4, 4, 4, 4, 4, 4, 4, 4, 4, 4, 4, 4, 4, 4, 4, 4, 4, 4, 4, 4, 4, 4, 4, 4, 4, 4, 4, 4, 4, 4, 4, 4, 4, 4, 4, 4, 4, 4, 4, 4, 4, 4, 4, 4, 4, 4, 4, 4, 4, 4, 4, 4, 4, 4, 4, 4, 4, 4, 4, 4, 4, 4, 4, 4, 4, 4, 4, 4, 4, 4, 4, 4, 4, 4, 4, 4, 4, 4, 4, 4, 4, 4, 4, 4, 4, 4, 4, 4, 4, 4, 4, 4, 4, 4, 4, 4, 4, 4, 4, 4, 4, 4, 4, 4, 4, 4, 4, 4, 4, 4, 4, 4, 4, 4, 4, 4, 4, 4, 4, 4, 4, 4, 4, 4, 4, 4, 4, 4, 4, 4, 4, 4, 4, 4, 4, 4, 4, 4, 4, 4, 4, 4, 4, 4, 4, 4, 4, 4, 4, 4, 4, 4, 4, 4, 4, 4, 4, 4, 4, 4, 4, 4, 4, 4, 4, 4, 4, 4, 4, 4, 4, 4, 4, 4, 4, 4, 4, 4, 4, 4, 4, 4, 4, 4, 4, 4, 4, 4, 4, 4, 4, 4, 4, 4, 4, 4, 4, 4, 4, 4, 4, 4, 4, 4, 4, 4, 4, 4, 4, 4, 4]
        int[] faceVertexIndices = [0, 1, 5, 4, 1, 2, 6, 5, 2, 3, 7, 6, 3, 0, 4, 7, 8, 9, 13, 12, 9, 10, 14, 13, 10, 11, 15, 14, 11, 8, 12, 15, 16, 17, 21, 20, 17, 18, 22, 21, 18, 19, 23, 22, 19, 16, 20, 23, 24, 25, 29, 28, 25, 26, 30, 29, 26, 27, 31, 30, 27, 24, 28, 31, 32, 33, 37, 36, 33, 34, 38, 37, 34, 35, 39, 38, 35, 32, 36, 39, 40, 41, 45, 44, 41, 42, 46, 45, 42, 43, 47, 46, 43, 40, 44, 47, 48, 49, 53, 52, 49, 50, 54, 53, 50, 51, 55, 54, 51, 48, 52, 55, 56, 57, 61, 60, 57, 58, 62, 61, 58, 59, 63, 62, 59, 56, 60, 63, 64, 65, 69, 68, 65, 66, 70, 69, 66, 67, 71, 70, 67, 64, 68, 71, 72, 73, 77, 76, 73, 74, 78, 77, 74, 75, 79, 78, 75, 72, 76, 79, 80, 81, 85, 84, 81, 82, 86, 85, 82, 83, 87, 86, 83, 80, 84, 87, 88, 89, 93, 92, 89, 90, 94, 93, 90, 91, 95, 94, 91, 88, 92, 95, 96, 97, 101, 100, 97, 98, 102, 101, 98, 99, 103, 102, 99, 96, 100, 103, 104, 105, 109, 108, 105, 106, 110, 109, 106, 107, 111, 110, 107, 104, 108, 111, 112, 113, 117, 116, 113, 114, 118, 117, 114, 115, 119, 118, 115, 112, 116, 119, 120, 121, 125, 124, 121, 122, 126, 125, 122, 123, 127, 126, 123, 120, 124, 127, 128, 129, 133, 132, 129, 130, 134, 133, 130, 131, 135, 134, 131, 128, 132, 135, 136, 137, 141, 140, 137, 138, 142, 141, 138, 139, 143, 142, 139, 136, 140, 143, 144, 145, 149, 148, 145, 146, 150, 149, 146, 147, 151, 150, 147, 144, 148, 151, 152, 153, 157, 156, 153, 154, 158, 157, 154, 155, 159, 158, 155, 152, 156, 159, 160, 161, 165, 164, 161, 162, 166, 165, 162, 163, 167, 166, 163, 160, 164, 167, 168, 169, 173, 172, 169, 170, 174, 173, 170, 171, 175, 174, 171, 168, 172, 175, 176, 177, 181, 180, 177, 178, 182, 181, 178, 179, 183, 182, 179, 176, 180, 183, 184, 185, 189, 188, 185, 186, 190, 189, 186, 187, 191, 190, 187, 184, 188, 191, 192, 193, 197, 196, 193, 194, 198, 197, 194, 195, 199, 198, 195, 192, 196, 199, 200, 201, 205, 204, 201, 202, 206, 205, 202, 203, 207, 206, 203, 200, 204, 207, 208, 209, 213, 212, 209, 210, 214, 213, 210, 211, 215, 214, 211, 208, 212, 215, 216, 217, 221, 220, 217, 218, 222, 221, 218, 219, 223, 222, 219, 216, 220, 223, 224, 225, 229, 228, 225, 226, 230, 229, 226, 227, 231, 230, 227, 224, 228, 231, 232, 233, 237, 236, 233, 234, 238, 237, 234, 235, 239, 238, 235, 232, 236, 239, 240, 241, 245, 244, 241, 242, 246, 245, 242, 243, 247, 246, 243, 240, 244, 247, 248, 249, 253, 252, 249, 250, 254, 253, 250, 251, 255, 254, 251, 248, 252, 255, 256, 257, 261, 260, 257, 258, 262, 261, 258, 259, 263, 262, 259, 256, 260, 263, 264, 265, 269, 268, 265, 266, 270, 269, 266, 267, 271, 270, 267, 264, 268, 271, 272, 273, 277, 276, 273, 274, 278, 277, 274, 275, 279, 278, 275, 272, 276, 279, 280, 281, 285, 284, 281, 282, 286, 285, 282, 283, 287, 286, 283, 280, 284, 287, 288, 289, 293, 292, 289, 290, 294, 293, 290, 291, 295, 294, 291, 288, 292, 295, 296, 297, 301, 300, 297, 298, 302, 301, 298, 299, 303, 302, 299, 296, 300, 303, 304, 305, 309, 308, 305, 306, 310, 309, 306, 307, 311, 310, 307, 304, 308, 311, 312, 313, 317, 316, 313, 314, 318, 317, 314, 315, 319, 318, 315, 312, 316, 319, 320, 321, 325, 324, 321, 322, 326, 325, 322, 323, 327, 326, 323, 320, 324, 327, 328, 329, 333, 332, 329, 330, 334, 333, 330, 331, 335, 334, 331, 328, 332, 335, 336, 337, 341, 340, 337, 338, 342, 341, 338, 339, 343, 342, 339, 336, 340, 343, 344, 345, 349, 348, 345, 346, 350, 349, 346, 347, 351, 350, 347, 344, 348, 351, 352, 353, 357, 356, 353, 354, 358, 357, 354, 355, 359, 358, 355, 352, 356, 359, 360, 361, 365, 364, 361, 362, 366, 365, 362, 363, 367, 366, 363, 360, 364, 367, 368, 369, 373, 372, 369, 370, 374, 373, 370, 371, 375, 374, 371, 368, 372, 375, 376, 377, 381, 380, 377, 378, 382, 381, 378, 379, 383, 382, 379, 376, 380, 383, 384, 385, 389, 388, 385, 386, 390, 389, 386, 387, 391, 390, 387, 384, 388, 391, 392, 393, 397, 396, 393, 394, 398, 397, 394, 395, 399, 398, 395, 392, 396, 399, 400, 401, 405, 404, 401, 402, 406, 405, 402, 403, 407, 406, 403, 400, 404, 407, 408, 409, 413, 412, 409, 410, 414, 413, 410, 411, 415, 414, 411, 408, 412, 415, 416, 417, 421, 420, 417, 418, 422, 421, 418, 419, 423, 422, 419, 416, 420, 423, 424, 425, 429, 428, 425, 426, 430, 429, 426, 427, 431, 430, 427, 424, 428, 431, 432, 433, 437, 436, 433, 434, 438, 437, 434, 435, 439, 438, 435, 432, 436, 439, 440, 441, 445, 444, 441, 442, 446, 445, 442, 443, 447, 446, 443, 440, 444, 447, 448, 449, 453, 452, 449, 450, 454, 453, 450, 451, 455, 454, 451, 448, 452, 455, 456, 457, 461, 460, 457, 458, 462, 461, 458, 459, 463, 462, 459, 456, 460, 463, 464, 465, 469, 468, 465, 466, 470, 469, 466, 467, 471, 470, 467, 464, 468, 471, 472, 473, 477, 476, 473, 474, 478, 477, 474, 475, 479, 478, 475, 472, 476, 479, 480, 481, 485, 484, 481, 482, 486, 485, 482, 483, 487, 486, 483, 480, 484, 487, 488, 489, 493, 492, 489, 490, 494, 493, 490, 491, 495, 494, 491, 488, 492, 495, 496, 497, 501, 500, 497, 498, 502, 501, 498, 499, 503, 502, 499, 496, 500, 503, 504, 505, 509, 508, 505, 506, 510, 509, 506, 507, 511, 510, 507, 504, 508, 511, 512, 513, 517, 516, 513, 514, 518, 517, 514, 515, 519, 518, 515, 512, 516, 519, 520, 521, 525, 524, 521, 522, 526, 525, 522, 523, 527, 526, 523, 520, 524, 527, 528, 529, 533, 532, 529, 530, 534, 533, 530, 531, 535, 534, 531, 528, 532, 535, 536, 537, 541, 540, 537, 538, 542, 541, 538, 539, 543, 542, 539, 536, 540, 543, 544, 545, 549, 548, 545, 546, 550, 549, 546, 547, 551, 550, 547, 544, 548, 551, 552, 553, 557, 556, 553, 554, 558, 557, 554, 555, 559, 558, 555, 552, 556, 559, 560, 561, 565, 564, 561, 562, 566, 565, 562, 563, 567, 566, 563, 560, 564, 567, 568, 569, 573, 572, 569, 570, 574, 573, 570, 571, 575, 574, 571, 568, 572, 575, 576, 577, 581, 580, 577, 578, 582, 581, 578, 579, 583, 582, 579, 576, 580, 583, 584, 585, 589, 588, 585, 586, 590, 589, 586, 587, 591, 590, 587, 584, 588, 591, 592, 593, 597, 596, 593, 594, 598, 597, 594, 595, 599, 598, 595, 592, 596, 599, 600, 601, 605, 604, 601, 602, 606, 605, 602, 603, 607, 606, 603, 600, 604, 607, 608, 609, 613, 612, 609, 610, 614, 613, 610, 611, 615, 614, 611, 608, 612, 615, 616, 617, 621, 620, 617, 618, 622, 621, 618, 619, 623, 622, 619, 616, 620, 623, 624, 625, 629, 628, 625, 626, 630, 629, 626, 627, 631, 630, 627, 624, 628, 631, 632, 633, 637, 636, 633, 634, 638, 637, 634, 635, 639, 638, 635, 632, 636, 639, 640, 641, 645, 644, 641, 642, 646, 645, 642, 643, 647, 646, 643, 640, 644, 647, 648, 649, 653, 652, 649, 650, 654, 653, 650, 651, 655, 654, 651, 648, 652, 655, 656, 657, 661, 660, 657, 658, 662, 661, 658, 659, 663, 662, 659, 656, 660, 663, 664, 665, 669, 668, 665, 666, 670, 669, 666, 667, 671, 670, 667, 664, 668, 671, 672, 673, 677, 676, 673, 674, 678, 677, 674, 675, 679, 678, 675, 672, 676, 679, 680, 681, 685, 684, 681, 682, 686, 685, 682, 683, 687, 686, 683, 680, 684, 687, 688, 689, 693, 692, 689, 690, 694, 693, 690, 691, 695, 694, 691, 688, 692, 695, 696, 697, 701, 700, 697, 698, 702, 701, 698, 699, 703, 702, 699, 696, 700, 703, 704, 705, 709, 708, 705, 706, 710, 709, 706, 707, 711, 710, 707, 704, 708, 711, 712, 713, 717, 716, 713, 714, 718, 717, 714, 715, 719, 718, 715, 712, 716, 719, 720, 721, 725, 724, 721, 722, 726, 725, 722, 723, 727, 726, 723, 720, 724, 727, 728, 729, 733, 732, 729, 730, 734, 733, 730, 731, 735, 734, 731, 728, 732, 735, 736, 737, 741, 740, 737, 738, 742, 741, 738, 739, 743, 742, 739, 736, 740, 743, 744, 745, 749, 748, 745, 746, 750, 749, 746, 747, 751, 750, 747, 744, 748, 751, 752, 753, 757, 756, 753, 754, 758, 757, 754, 755, 759, 758, 755, 752, 756, 759, 760, 761, 765, 764, 761, 762, 766, 765, 762, 763, 767, 766, 763, 760, 764, 767, 768, 769, 773, 772, 769, 770, 774, 773, 770, 771, 775, 774, 771, 768, 772, 775, 776, 777, 781, 780, 777, 778, 782, 781, 778, 779, 783, 782, 779, 776, 780, 783, 784, 785, 789, 788, 785, 786, 790, 789, 786, 787, 791, 790, 787, 784, 788, 791, 792, 793, 797, 796, 793, 794, 798, 797, 794, 795, 799, 798, 795, 792, 796, 799, 800, 801, 805, 804, 801, 802, 806, 805, 802, 803, 807, 806, 803, 800, 804, 807, 808, 809, 813, 812, 809, 810, 814, 813, 810, 811, 815, 814, 811, 808, 812, 815, 816, 817, 821, 820, 817, 818, 822, 821, 818, 819, 823, 822, 819, 816, 820, 823, 824, 825, 829, 828, 825, 826, 830, 829, 826, 827, 831, 830, 827, 824, 828, 831, 832, 833, 837, 836, 833, 834, 838, 837, 834, 835, 839, 838, 835, 832, 836, 839, 840, 841, 845, 844, 841, 842, 846, 845, 842, 843, 847, 846, 843, 840, 844, 847, 848, 849, 853, 852, 849, 850, 854, 853, 850, 851, 855, 854, 851, 848, 852, 855, 856, 857, 861, 860, 857, 858, 862, 861, 858, 859, 863, 862, 859, 856, 860, 863, 864, 865, 869, 868, 865, 866, 870, 869, 866, 867, 871, 870, 867, 864, 868, 871, 872, 873, 877, 876, 873, 874, 878, 877, 874, 875, 879, 878, 875, 872, 876, 879, 880, 881, 885, 884, 881, 882, 886, 885, 882, 883, 887, 886, 883, 880, 884, 887, 888, 889, 893, 892, 889, 890, 894, 893, 890, 891, 895, 894, 891, 888, 892, 895, 896, 897, 901, 900, 897, 898, 902, 901, 898, 899, 903, 902, 899, 896, 900, 903, 904, 905, 909, 908, 905, 906, 910, 909, 906, 907, 911, 910, 907, 904, 908, 911, 912, 913, 917, 916, 913, 914, 918, 917, 914, 915, 919, 918, 915, 912, 916, 919, 920, 921, 925, 924, 921, 922, 926, 925, 922, 923, 927, 926, 923, 920, 924, 927, 928, 929, 933, 932, 929, 930, 934, 933, 930, 931, 935, 934, 931, 928, 932, 935, 936, 937, 941, 940, 937, 938, 942, 941, 938, 939, 943, 942, 939, 936, 940, 943, 944, 945, 949, 948, 945, 946, 950, 949, 946, 947, 951, 950, 947, 944, 948, 951, 952, 953, 957, 956, 953, 954, 958, 957, 954, 955, 959, 958, 955, 952, 956, 959, 960, 961, 965, 964, 961, 962, 966, 965, 962, 963, 967, 966, 963, 960, 964, 967, 968, 969, 973, 972, 969, 970, 974, 973, 970, 971, 975, 974, 971, 968, 972, 975, 976, 977, 981, 980, 977, 978, 982, 981, 978, 979, 983, 982, 979, 976, 980, 983, 984, 985, 989, 988, 985, 986, 990, 989, 986, 987, 991, 990, 987, 984, 988, 991, 992, 993, 997, 996, 993, 994, 998, 997, 994, 995, 999, 998, 995, 992, 996, 999, 1000, 1001, 1005, 1004, 1001, 1002, 1006, 1005, 1002, 1003, 1007, 1006, 1003, 1000, 1004, 1007, 1008, 1009, 1013, 1012, 1009, 1010, 1014, 1013, 1010, 1011, 1015, 1014, 1011, 1008, 1012, 1015, 1016, 1017, 1021, 1020, 1017, 1018, 1022, 1021, 1018, 1019, 1023, 1022, 1019, 1016, 1020, 1023, 1024, 1025, 1029, 1028, 1025, 1026, 1030, 1029, 1026, 1027, 1031, 1030, 1027, 1024, 1028, 1031, 1032, 1033, 1037, 1036, 1033, 1034, 1038, 1037, 1034, 1035, 1039, 1038, 1035, 1032, 1036, 1039]
        point3f[] points = [(25.002, -1.53015, 6.88515), (25, -1.532148, 6.88506), (24.998, -1.53015, 6.88515), (25, -1.5281521, 6.88524), (25.002, -1.530028, 6.882441), (25, -1.5320259, 6.882351), (24.998, -1.530028, 6.882441), (25, -1.52803, 6.882531), (25.002, -1.530028, 6.882441), (25, -1.5320094, 6.882169), (24.998, -1.530028, 6.882441), (25, -1.5280466, 6.8827133), (25.002, -1.5296466, 6.879664), (25, -1.531628, 6.8793917), (24.998, -1.5296466, 6.879664), (25, -1.5276653, 6.879936), (25.002, -1.5296466, 6.879664), (25, -1.5315936, 6.879206), (24.998, -1.5296466, 6.879664), (25, -1.5276997, 6.8801217), (25.002, -1.5289862, 6.876854), (25, -1.5309331, 6.876396), (24.998, -1.5289862, 6.876854), (25, -1.5270393, 6.8773117), (25.002, -1.5289862, 6.876854), (25, -1.5308796, 6.8762097), (24.998, -1.5289862, 6.876854), (25, -1.5270928, 6.877498), (25.002, -1.5280331, 6.874052), (25, -1.5299265, 6.873408), (24.998, -1.5280331, 6.874052), (25, -1.5261397, 6.8746963), (25.002, -1.5280331, 6.874052), (25, -1.5298536, 6.873224), (24.998, -1.5280331, 6.874052), (25, -1.5262127, 6.8748803), (25.002, -1.5267818, 6.871302), (25, -1.5286022, 6.870474), (24.998, -1.5267818, 6.871302), (25, -1.5249614, 6.8721304), (25.002, -1.5267818, 6.871302), (25, -1.5285094, 6.870294), (24.998, -1.5267818, 6.871302), (25, -1.5250542, 6.87231), (25.002, -1.5252354, 6.8686514), (25, -1.526963, 6.8676434), (24.998, -1.5252354, 6.8686514), (25, -1.5235078, 6.8696594), (25.002, -1.5252354, 6.8686514), (25, -1.5268508, 6.867472), (24.998, -1.5252354, 6.8686514), (25, -1.52362, 6.8698306), (25.002, -1.5234071, 6.8661466), (25, -1.5250225, 6.8649673), (24.998, -1.5234071, 6.8661466), (25, -1.5217917, 6.867326), (25.002, -1.5234071, 6.8661466), (25, -1.5248926, 6.8648076), (24.998, -1.5234071, 6.8661466), (25, -1.5219216, 6.8674855), (25.002, -1.5213193, 6.8638306), (25, -1.5228047, 6.8624916), (24.998, -1.5213193, 6.8638306), (25, -1.5198338, 6.8651695), (25.002, -1.5213193, 6.8638306), (25, -1.5226583, 6.862345), (24.998, -1.5213193, 6.8638306), (25, -1.5199802, 6.865316), (25.002, -1.5190035, 6.861743), (25, -1.5203426, 6.8602576), (24.998, -1.5190035, 6.861743), (25, -1.5176644, 6.8632283), (25.002, -1.5190035, 6.861743), (25, -1.5201825, 6.8601274), (24.998, -1.5190035, 6.861743), (25, -1.5178245, 6.8633585), (25.002, -1.5164983, 6.859915), (25, -1.5176773, 6.8582993), (24.998, -1.5164983, 6.859915), (25, -1.5153193, 6.8615303), (25.002, -1.5164983, 6.859915), (25, -1.5175061, 6.858187), (24.998, -1.5164983, 6.859915), (25, -1.5154905, 6.8616424), (25.002, -1.5138477, 6.8583684), (25, -1.5148555, 6.856641), (24.998, -1.5138477, 6.8583684), (25, -1.5128399, 6.860096), (25.002, -1.5138477, 6.8583684), (25, -1.5146763, 6.8565483), (24.998, -1.5138477, 6.8583684), (25, -1.5130191, 6.8601885), (25.002, -1.511098, 6.8571167), (25, -1.5119267, 6.8552966), (24.998, -1.511098, 6.8571167), (25, -1.5102694, 6.858937), (25.002, -1.511098, 6.8571167), (25, -1.5117419, 6.855223), (24.998, -1.511098, 6.8571167), (25, -1.5104542, 6.85901), (25.002, -1.508296, 6.856164), (25, -1.5089399, 6.8542705), (24.998, -1.508296, 6.856164), (25, -1.5076522, 6.8580575), (25.002, -1.508296, 6.856164), (25, -1.5087537, 6.854217), (24.998, -1.508296, 6.856164), (25, -1.5078384, 6.858111), (25.002, -1.5054861, 6.8555036), (25, -1.5059438, 6.8535566), (24.998, -1.5054861, 6.8555036), (25, -1.5050285, 6.8574505), (25.002, -1.5054861, 6.8555036), (25, -1.5057583, 6.8535223), (24.998, -1.5054861, 6.8555036), (25, -1.505214, 6.857485), (25.002, -1.5027092, 6.855122), (25, -1.5029813, 6.853141), (24.998, -1.5027092, 6.855122), (25, -1.502437, 6.8571033), (25.002, -1.5027092, 6.855122), (25, -1.5027992, 6.853124), (24.998, -1.5027092, 6.855122), (25, -1.5026191, 6.85712), (25.002, -1.5, 6.855), (25, -1.50009, 6.853002), (24.998, -1.5, 6.855), (25, -1.49991, 6.856998), (25.002, -1.5, 6.855), (25, -1.49991, 6.853002), (24.998, -1.5, 6.855), (25, -1.50009, 6.856998), (25.002, -1.4972908, 6.855122), (25, -1.4972008, 6.853124), (24.998, -1.4972908, 6.855122), (25, -1.4973809, 6.85712), (25.002, -1.4972908, 6.855122), (25, -1.4970187, 6.853141), (24.998, -1.4972908, 6.855122), (25, -1.497563, 6.8571033), (25.002, -1.4945139, 6.8555036), (25, -1.4942417, 6.8535223), (24.998, -1.4945139, 6.8555036), (25, -1.494786, 6.857485), (25.002, -1.4945139, 6.8555036), (25, -1.4940562, 6.8535566), (24.998, -1.4945139, 6.8555036), (25, -1.4949715, 6.8574505), (25.002, -1.491704, 6.856164), (25, -1.4912463, 6.854217), (24.998, -1.491704, 6.856164), (25, -1.4921616, 6.858111), (25.002, -1.491704, 6.856164), (25, -1.4910601, 6.8542705), (24.998, -1.491704, 6.856164), (25, -1.4923478, 6.8580575), (25.002, -1.488902, 6.8571167), (25, -1.4882581, 6.855223), (24.998, -1.488902, 6.8571167), (25, -1.4895458, 6.85901), (25.002, -1.488902, 6.8571167), (25, -1.4880733, 6.8552966), (24.998, -1.488902, 6.8571167), (25, -1.4897306, 6.858937), (25.002, -1.4861523, 6.8583684), (25, -1.4853237, 6.8565483), (24.998, -1.4861523, 6.8583684), (25, -1.4869809, 6.8601885), (25.002, -1.4861523, 6.8583684), (25, -1.4851445, 6.856641), (24.998, -1.4861523, 6.8583684), (25, -1.4871601, 6.860096), (25.002, -1.4835017, 6.859915), (25, -1.4824939, 6.858187), (24.998, -1.4835017, 6.859915), (25, -1.4845095, 6.8616424), (25.002, -1.4835017, 6.859915), (25, -1.4823227, 6.8582993), (24.998, -1.4835017, 6.859915), (25, -1.4846807, 6.8615303), (25.002, -1.4809965, 6.861743), (25, -1.4798175, 6.8601274), (24.998, -1.4809965, 6.861743), (25, -1.4821755, 6.8633585), (25.002, -1.4809965, 6.861743), (25, -1.4796574, 6.8602576), (24.998, -1.4809965, 6.861743), (25, -1.4823356, 6.8632283), (25.002, -1.4786807, 6.8638306), (25, -1.4773417, 6.862345), (24.998, -1.4786807, 6.8638306), (25, -1.4800198, 6.865316), (25.002, -1.4786807, 6.8638306), (25, -1.4771953, 6.8624916), (24.998, -1.4786807, 6.8638306), (25, -1.4801662, 6.8651695), (25.002, -1.4765929, 6.8661466), (25, -1.4751074, 6.8648076), (24.998, -1.4765929, 6.8661466), (25, -1.4780784, 6.8674855), (25.002, -1.4765929, 6.8661466), (25, -1.4749775, 6.8649673), (24.998, -1.4765929, 6.8661466), (25, -1.4782083, 6.867326), (25.002, -1.4747646, 6.8686514), (25, -1.4731492, 6.867472), (24.998, -1.4747646, 6.8686514), (25, -1.47638, 6.8698306), (25.002, -1.4747646, 6.8686514), (25, -1.473037, 6.8676434), (24.998, -1.4747646, 6.8686514), (25, -1.4764922, 6.8696594), (25.002, -1.4732182, 6.871302), (25, -1.4714906, 6.870294), (24.998, -1.4732182, 6.871302), (25, -1.4749458, 6.87231), (24.998, -1.4732182, 6.871302), (25, -1.4750386, 6.8721304), (25.002, -1.4732182, 6.871302), (25, -1.4713978, 6.870474), (24.998, -1.4719669, 6.874052), (25, -1.4737873, 6.8748803), (25.002, -1.4719669, 6.874052), (25, -1.4701464, 6.873224), (24.998, -1.4719669, 6.874052), (25, -1.4738603, 6.8746963), (25.002, -1.4719669, 6.874052), (25, -1.4700735, 6.873408), (24.998, -1.4710138, 6.876854), (25, -1.4729072, 6.877498), (25.002, -1.4710138, 6.876854), (25, -1.4691204, 6.8762097), (24.998, -1.4710138, 6.876854), (25, -1.4729607, 6.8773117), (25.002, -1.4710138, 6.876854), (25, -1.4690669, 6.876396), (24.998, -1.4703534, 6.879664), (25, -1.4723003, 6.8801217), (25.002, -1.4703534, 6.879664), (25, -1.4684064, 6.879206), (24.998, -1.4703534, 6.879664), (25, -1.4723347, 6.879936), (25.002, -1.4703534, 6.879664), (25, -1.468372, 6.8793917), (24.998, -1.469972, 6.882441), (25, -1.4719534, 6.8827133), (25.002, -1.469972, 6.882441), (25, -1.4679906, 6.882169), (24.998, -1.469972, 6.882441), (25, -1.47197, 6.882531), (25.002, -1.469972, 6.882441), (25, -1.4679741, 6.882351), (24.998, -1.46985, 6.88515), (25, -1.4718479, 6.88524), (25.002, -1.46985, 6.88515), (25, -1.467852, 6.88506), (25, -1.5281501, 6.88515), (25, -1.53015, 6.88315), (25, -1.53215, 6.88515), (25, -1.53015, 6.88715), (23, -1.5281501, 6.88515), (23, -1.53015, 6.88315), (23, -1.53215, 6.88515), (23, -1.53015, 6.88715), (23.002, -1.53015, 6.88515), (23, -1.532148, 6.88506), (22.998, -1.53015, 6.88515), (23, -1.5281521, 6.88524), (23.002, -1.530028, 6.882441), (23, -1.5320259, 6.882351), (22.998, -1.530028, 6.882441), (23, -1.52803, 6.882531), (23.002, -1.530028, 6.882441), (23, -1.5320094, 6.882169), (22.998, -1.530028, 6.882441), (23, -1.5280466, 6.8827133), (23.002, -1.5296466, 6.879664), (23, -1.531628, 6.8793917), (22.998, -1.5296466, 6.879664), (23, -1.5276653, 6.879936), (23.002, -1.5296466, 6.879664), (23, -1.5315936, 6.879206), (22.998, -1.5296466, 6.879664), (23, -1.5276997, 6.8801217), (23.002, -1.5289862, 6.876854), (23, -1.5309331, 6.876396), (22.998, -1.5289862, 6.876854), (23, -1.5270393, 6.8773117), (23.002, -1.5289862, 6.876854), (23, -1.5308796, 6.8762097), (22.998, -1.5289862, 6.876854), (23, -1.5270928, 6.877498), (23.002, -1.5280331, 6.874052), (23, -1.5299265, 6.873408), (22.998, -1.5280331, 6.874052), (23, -1.5261397, 6.8746963), (23.002, -1.5280331, 6.874052), (23, -1.5298536, 6.873224), (22.998, -1.5280331, 6.874052), (23, -1.5262127, 6.8748803), (23.002, -1.5267818, 6.871302), (23, -1.5286022, 6.870474), (22.998, -1.5267818, 6.871302), (23, -1.5249614, 6.8721304), (23.002, -1.5267818, 6.871302), (23, -1.5285094, 6.870294), (22.998, -1.5267818, 6.871302), (23, -1.5250542, 6.87231), (23.002, -1.5252354, 6.8686514), (23, -1.526963, 6.8676434), (22.998, -1.5252354, 6.8686514), (23, -1.5235078, 6.8696594), (23.002, -1.5252354, 6.8686514), (23, -1.5268508, 6.867472), (22.998, -1.5252354, 6.8686514), (23, -1.52362, 6.8698306), (23.002, -1.5234071, 6.8661466), (23, -1.5250225, 6.8649673), (22.998, -1.5234071, 6.8661466), (23, -1.5217917, 6.867326), (23.002, -1.5234071, 6.8661466), (23, -1.5248926, 6.8648076), (22.998, -1.5234071, 6.8661466), (23, -1.5219216, 6.8674855), (23.002, -1.5213193, 6.8638306), (23, -1.5228047, 6.8624916), (22.998, -1.5213193, 6.8638306), (23, -1.5198338, 6.8651695), (23.002, -1.5213193, 6.8638306), (23, -1.5226583, 6.862345), (22.998, -1.5213193, 6.8638306), (23, -1.5199802, 6.865316), (23.002, -1.5190035, 6.861743), (23, -1.5203426, 6.8602576), (22.998, -1.5190035, 6.861743), (23, -1.5176644, 6.8632283), (23.002, -1.5190035, 6.861743), (23, -1.5201825, 6.8601274), (22.998, -1.5190035, 6.861743), (23, -1.5178245, 6.8633585), (23.002, -1.5164983, 6.859915), (23, -1.5176773, 6.8582993), (22.998, -1.5164983, 6.859915), (23, -1.5153193, 6.8615303), (23.002, -1.5164983, 6.859915), (23, -1.5175061, 6.858187), (22.998, -1.5164983, 6.859915), (23, -1.5154905, 6.8616424), (23.002, -1.5138477, 6.8583684), (23, -1.5148555, 6.856641), (22.998, -1.5138477, 6.8583684), (23, -1.5128399, 6.860096), (23.002, -1.5138477, 6.8583684), (23, -1.5146763, 6.8565483), (22.998, -1.5138477, 6.8583684), (23, -1.5130191, 6.8601885), (23.002, -1.511098, 6.8571167), (23, -1.5119267, 6.8552966), (22.998, -1.511098, 6.8571167), (23, -1.5102694, 6.858937), (23.002, -1.511098, 6.8571167), (23, -1.5117419, 6.855223), (22.998, -1.511098, 6.8571167), (23, -1.5104542, 6.85901), (23.002, -1.508296, 6.856164), (23, -1.5089399, 6.8542705), (22.998, -1.508296, 6.856164), (23, -1.5076522, 6.8580575), (23.002, -1.508296, 6.856164), (23, -1.5087537, 6.854217), (22.998, -1.508296, 6.856164), (23, -1.5078384, 6.858111), (23.002, -1.5054861, 6.8555036), (23, -1.5059438, 6.8535566), (22.998, -1.5054861, 6.8555036), (23, -1.5050285, 6.8574505), (23.002, -1.5054861, 6.8555036), (23, -1.5057583, 6.8535223), (22.998, -1.5054861, 6.8555036), (23, -1.505214, 6.857485), (23.002, -1.5027092, 6.855122), (23, -1.5029813, 6.853141), (22.998, -1.5027092, 6.855122), (23, -1.502437, 6.8571033), (23.002, -1.5027092, 6.855122), (23, -1.5027992, 6.853124), (22.998, -1.5027092, 6.855122), (23, -1.5026191, 6.85712), (23.002, -1.5, 6.855), (23, -1.50009, 6.853002), (22.998, -1.5, 6.855), (23, -1.49991, 6.856998), (23.002, -1.5, 6.855), (23, -1.49991, 6.853002), (22.998, -1.5, 6.855), (23, -1.50009, 6.856998), (23.002, -1.4972908, 6.855122), (23, -1.4972008, 6.853124), (22.998, -1.4972908, 6.855122), (23, -1.4973809, 6.85712), (23.002, -1.4972908, 6.855122), (23, -1.4970187, 6.853141), (22.998, -1.4972908, 6.855122), (23, -1.497563, 6.8571033), (23.002, -1.4945139, 6.8555036), (23, -1.4942417, 6.8535223), (22.998, -1.4945139, 6.8555036), (23, -1.494786, 6.857485), (23.002, -1.4945139, 6.8555036), (23, -1.4940562, 6.8535566), (22.998, -1.4945139, 6.8555036), (23, -1.4949715, 6.8574505), (23.002, -1.491704, 6.856164), (23, -1.4912463, 6.854217), (22.998, -1.491704, 6.856164), (23, -1.4921616, 6.858111), (23.002, -1.491704, 6.856164), (23, -1.4910601, 6.8542705), (22.998, -1.491704, 6.856164), (23, -1.4923478, 6.8580575), (23.002, -1.488902, 6.8571167), (23, -1.4882581, 6.855223), (22.998, -1.488902, 6.8571167), (23, -1.4895458, 6.85901), (23.002, -1.488902, 6.8571167), (23, -1.4880733, 6.8552966), (22.998, -1.488902, 6.8571167), (23, -1.4897306, 6.858937), (23.002, -1.4861523, 6.8583684), (23, -1.4853237, 6.8565483), (22.998, -1.4861523, 6.8583684), (23, -1.4869809, 6.8601885), (23.002, -1.4861523, 6.8583684), (23, -1.4851445, 6.856641), (22.998, -1.4861523, 6.8583684), (23, -1.4871601, 6.860096), (23.002, -1.4835017, 6.859915), (23, -1.4824939, 6.858187), (22.998, -1.4835017, 6.859915), (23, -1.4845095, 6.8616424), (23.002, -1.4835017, 6.859915), (23, -1.4823227, 6.8582993), (22.998, -1.4835017, 6.859915), (23, -1.4846807, 6.8615303), (23.002, -1.4809965, 6.861743), (23, -1.4798175, 6.8601274), (22.998, -1.4809965, 6.861743), (23, -1.4821755, 6.8633585), (23.002, -1.4809965, 6.861743), (23, -1.4796574, 6.8602576), (22.998, -1.4809965, 6.861743), (23, -1.4823356, 6.8632283), (23.002, -1.4786807, 6.8638306), (23, -1.4773417, 6.862345), (22.998, -1.4786807, 6.8638306), (23, -1.4800198, 6.865316), (23.002, -1.4786807, 6.8638306), (23, -1.4771953, 6.8624916), (22.998, -1.4786807, 6.8638306), (23, -1.4801662, 6.8651695), (23.002, -1.4765929, 6.8661466), (23, -1.4751074, 6.8648076), (22.998, -1.4765929, 6.8661466), (23, -1.4780784, 6.8674855), (23.002, -1.4765929, 6.8661466), (23, -1.4749775, 6.8649673), (22.998, -1.4765929, 6.8661466), (23, -1.4782083, 6.867326), (23.002, -1.4747646, 6.8686514), (23, -1.4731492, 6.867472), (22.998, -1.4747646, 6.8686514), (23, -1.47638, 6.8698306), (23.002, -1.4747646, 6.8686514), (23, -1.473037, 6.8676434), (22.998, -1.4747646, 6.8686514), (23, -1.4764922, 6.8696594), (23.002, -1.4732182, 6.871302), (23, -1.4714906, 6.870294), (22.998, -1.4732182, 6.871302), (23, -1.4749458, 6.87231), (22.998, -1.4732182, 6.871302), (23, -1.4750386, 6.8721304), (23.002, -1.4732182, 6.871302), (23, -1.4713978, 6.870474), (22.998, -1.4719669, 6.874052), (23, -1.4737873, 6.8748803), (23.002, -1.4719669, 6.874052), (23, -1.4701464, 6.873224), (22.998, -1.4719669, 6.874052), (23, -1.4738603, 6.8746963), (23.002, -1.4719669, 6.874052), (23, -1.4700735, 6.873408), (22.998, -1.4710138, 6.876854), (23, -1.4729072, 6.877498), (23.002, -1.4710138, 6.876854), (23, -1.4691204, 6.8762097), (22.998, -1.4710138, 6.876854), (23, -1.4729607, 6.8773117), (23.002, -1.4710138, 6.876854), (23, -1.4690669, 6.876396), (22.998, -1.4703534, 6.879664), (23, -1.4723003, 6.8801217), (23.002, -1.4703534, 6.879664), (23, -1.4684064, 6.879206), (22.998, -1.4703534, 6.879664), (23, -1.4723347, 6.879936), (23.002, -1.4703534, 6.879664), (23, -1.468372, 6.8793917), (22.998, -1.469972, 6.882441), (23, -1.4719534, 6.8827133), (23.002, -1.469972, 6.882441), (23, -1.4679906, 6.882169), (22.998, -1.469972, 6.882441), (23, -1.47197, 6.882531), (23.002, -1.469972, 6.882441), (23, -1.4679741, 6.882351), (22.998, -1.46985, 6.88515), (23, -1.4718479, 6.88524), (23.002, -1.46985, 6.88515), (23, -1.467852, 6.88506), (23, -1.4718499, 6.88515), (23, -1.46985, 6.88315), (23, -1.46785, 6.88515), (23, -1.46985, 6.88715), (25, -1.4718499, 6.88515), (25, -1.46985, 6.88315), (25, -1.46785, 6.88515), (25, -1.46985, 6.88715), (22.998, -1.46985, 6.88515), (23, -1.4718479, 6.88506), (23.002, -1.46985, 6.88515), (23, -1.467852, 6.88524), (22.998, -1.469972, 6.8878593), (23, -1.47197, 6.887769), (23.002, -1.469972, 6.8878593), (23, -1.4679741, 6.8879495), (22.998, -1.469972, 6.8878593), (23, -1.4719534, 6.887587), (23.002, -1.469972, 6.8878593), (23, -1.4679906, 6.8881316), (22.998, -1.4703534, 6.890636), (23, -1.4723347, 6.8903637), (23.002, -1.4703534, 6.890636), (23, -1.468372, 6.8909082), (22.998, -1.4703534, 6.890636), (23, -1.4723003, 6.890178), (23.002, -1.4703534, 6.890636), (23, -1.4684064, 6.8910937), (22.998, -1.4710138, 6.893446), (23, -1.4729607, 6.892988), (23.002, -1.4710138, 6.893446), (23, -1.4690669, 6.8939037), (22.998, -1.4710138, 6.893446), (23, -1.4729072, 6.892802), (23.002, -1.4710138, 6.893446), (23, -1.4691204, 6.89409), (22.998, -1.4719669, 6.896248), (23, -1.4738603, 6.8956037), (23.002, -1.4719669, 6.896248), (23, -1.4700735, 6.896892), (22.998, -1.4719669, 6.896248), (23, -1.4737873, 6.8954196), (23.002, -1.4719669, 6.896248), (23, -1.4701464, 6.897076), (22.998, -1.4732182, 6.898998), (23, -1.4750386, 6.8981695), (23.002, -1.4732182, 6.898998), (23, -1.4713978, 6.899826), (22.998, -1.4732182, 6.898998), (23, -1.4749458, 6.8979897), (23.002, -1.4732182, 6.898998), (23, -1.4714906, 6.900006), (22.998, -1.4747646, 6.9016485), (23, -1.4764922, 6.9006405), (23.002, -1.4747646, 6.9016485), (23, -1.473037, 6.9026566), (22.998, -1.4747646, 6.9016485), (23, -1.47638, 6.9004693), (23.002, -1.4747646, 6.9016485), (23, -1.4731492, 6.9028277), (22.998, -1.4765929, 6.9041533), (23, -1.4782083, 6.902974), (23.002, -1.4765929, 6.9041533), (23, -1.4749775, 6.9053326), (22.998, -1.4765929, 6.9041533), (23, -1.4780784, 6.9028144), (23.002, -1.4765929, 6.9041533), (23, -1.4751074, 6.9054923), (22.998, -1.4786807, 6.9064693), (23, -1.4801662, 6.9051304), (23.002, -1.4786807, 6.9064693), (23, -1.4771953, 6.9078083), (22.998, -1.4786807, 6.9064693), (23, -1.4800198, 6.904984), (23.002, -1.4786807, 6.9064693), (23, -1.4773417, 6.9079547), (22.998, -1.4809965, 6.908557), (23, -1.4823356, 6.9070716), (23.002, -1.4809965, 6.908557), (23, -1.4796574, 6.9100423), (22.998, -1.4809965, 6.908557), (23, -1.4821757, 6.9069414), (23.002, -1.4809965, 6.908557), (23, -1.4798173, 6.9101725), (22.998, -1.4835017, 6.9103856), (23, -1.4846809, 6.90877), (23.002, -1.4835017, 6.9103856), (23, -1.4823225, 6.912001), (22.998, -1.4835017, 6.9103856), (23, -1.4845095, 6.908658), (23.002, -1.4835017, 6.9103856), (23, -1.4824939, 6.912113), (22.998, -1.4861523, 6.911932), (23, -1.4871601, 6.9102044), (23.002, -1.4861523, 6.911932), (23, -1.4851445, 6.9136596), (22.998, -1.4861523, 6.911932), (23, -1.4869807, 6.9101114), (23.002, -1.4861523, 6.911932), (23, -1.4853239, 6.9137526), (22.998, -1.488902, 6.913183), (23, -1.4897304, 6.9113626), (23.002, -1.488902, 6.913183), (23, -1.4880736, 6.915004), (22.998, -1.488902, 6.913183), (23, -1.4895461, 6.9112897), (23.002, -1.488902, 6.913183), (23, -1.4882579, 6.9150767), (22.998, -1.491704, 6.9141364), (23, -1.4923481, 6.912243), (23.002, -1.491704, 6.9141364), (23, -1.4910599, 6.91603), (22.998, -1.491704, 6.9141364), (23, -1.4921616, 6.9121895), (23.002, -1.491704, 6.9141364), (23, -1.4912463, 6.9160833), (22.998, -1.4945139, 6.914797), (23, -1.4949715, 6.91285), (23.002, -1.4945139, 6.914797), (23, -1.4940562, 6.9167438), (22.998, -1.4945139, 6.914797), (23, -1.4947857, 6.9128156), (23.002, -1.4945139, 6.914797), (23, -1.4942421, 6.916778), (22.998, -1.4972908, 6.915178), (23, -1.4975626, 6.9131966), (23.002, -1.4972908, 6.915178), (23, -1.497019, 6.917159), (22.998, -1.4972908, 6.915178), (23, -1.4973809, 6.91318), (23.002, -1.4972908, 6.915178), (23, -1.4972008, 6.917176), (22.998, -1.5, 6.9153), (23, -1.50009, 6.913302), (23.002, -1.5, 6.9153), (23, -1.49991, 6.917298), (22.998, -1.5, 6.9153), (23, -1.49991, 6.913302), (23.002, -1.5, 6.9153), (23, -1.50009, 6.917298), (22.998, -1.5027092, 6.915178), (23, -1.5026191, 6.91318), (23.002, -1.5027092, 6.915178), (23, -1.5027992, 6.917176), (22.998, -1.5027092, 6.915178), (23, -1.5024374, 6.9131966), (23.002, -1.5027092, 6.915178), (23, -1.502981, 6.917159), (22.998, -1.5054861, 6.914797), (23, -1.5052143, 6.9128156), (23.002, -1.5054861, 6.914797), (23, -1.5057579, 6.916778), (22.998, -1.5054861, 6.914797), (23, -1.5050285, 6.91285), (23.002, -1.5054861, 6.914797), (23, -1.5059438, 6.9167438), (22.998, -1.508296, 6.9141364), (23, -1.5078384, 6.9121895), (23.002, -1.508296, 6.9141364), (23, -1.5087537, 6.9160833), (22.998, -1.508296, 6.9141364), (23, -1.5076519, 6.912243), (23.002, -1.508296, 6.9141364), (23, -1.5089401, 6.91603), (22.998, -1.511098, 6.913183), (23, -1.5104539, 6.9112897), (23.002, -1.511098, 6.913183), (23, -1.5117421, 6.9150767), (22.998, -1.511098, 6.913183), (23, -1.5102696, 6.9113626), (23.002, -1.511098, 6.913183), (23, -1.5119264, 6.915004), (22.998, -1.5138477, 6.911932), (23, -1.5130193, 6.9101114), (23.002, -1.5138477, 6.911932), (23, -1.5146761, 6.9137526), (22.998, -1.5138477, 6.911932), (23, -1.5128399, 6.9102044), (23.002, -1.5138477, 6.911932), (23, -1.5148555, 6.9136596), (22.998, -1.5164983, 6.9103856), (23, -1.5154905, 6.908658), (23.002, -1.5164983, 6.9103856), (23, -1.5175061, 6.912113), (22.998, -1.5164983, 6.9103856), (23, -1.5153191, 6.90877), (23.002, -1.5164983, 6.9103856), (23, -1.5176775, 6.912001), (22.998, -1.5190035, 6.908557), (23, -1.5178243, 6.9069414), (23.002, -1.5190035, 6.908557), (23, -1.5201827, 6.9101725), (22.998, -1.5190035, 6.908557), (23, -1.5176644, 6.9070716), (23.002, -1.5190035, 6.908557), (23, -1.5203426, 6.9100423), (22.998, -1.5213193, 6.9064693), (23, -1.5199802, 6.904984), (23.002, -1.5213193, 6.9064693), (23, -1.5226583, 6.9079547), (22.998, -1.5213193, 6.9064693), (23, -1.5198338, 6.9051304), (23.002, -1.5213193, 6.9064693), (23, -1.5228047, 6.9078083), (22.998, -1.5234071, 6.9041533), (23, -1.5219216, 6.9028144), (23.002, -1.5234071, 6.9041533), (23, -1.5248926, 6.9054923), (22.998, -1.5234071, 6.9041533), (23, -1.5217917, 6.902974), (23.002, -1.5234071, 6.9041533), (23, -1.5250225, 6.9053326), (22.998, -1.5252354, 6.9016485), (23, -1.52362, 6.9004693), (23.002, -1.5252354, 6.9016485), (23, -1.5268508, 6.9028277), (22.998, -1.5252354, 6.9016485), (23, -1.5235078, 6.9006405), (23.002, -1.5252354, 6.9016485), (23, -1.526963, 6.9026566), (22.998, -1.5267818, 6.898998), (23, -1.5250542, 6.8979897), (23.002, -1.5267818, 6.898998), (23, -1.5285094, 6.900006), (23.002, -1.5267818, 6.898998), (23, -1.5286022, 6.899826), (22.998, -1.5267818, 6.898998), (23, -1.5249614, 6.8981695), (23.002, -1.5280331, 6.896248), (23, -1.5298536, 6.897076), (22.998, -1.5280331, 6.896248), (23, -1.5262127, 6.8954196), (23.002, -1.5280331, 6.896248), (23, -1.5299265, 6.896892), (22.998, -1.5280331, 6.896248), (23, -1.5261397, 6.8956037), (23.002, -1.5289862, 6.893446), (23, -1.5308796, 6.89409), (22.998, -1.5289862, 6.893446), (23, -1.5270928, 6.892802), (23.002, -1.5289862, 6.893446), (23, -1.5309331, 6.8939037), (22.998, -1.5289862, 6.893446), (23, -1.5270393, 6.892988), (23.002, -1.5296466, 6.890636), (23, -1.5315936, 6.8910937), (22.998, -1.5296466, 6.890636), (23, -1.5276997, 6.890178), (23.002, -1.5296466, 6.890636), (23, -1.531628, 6.8909082), (22.998, -1.5296466, 6.890636), (23, -1.5276653, 6.8903637), (23.002, -1.530028, 6.8878593), (23, -1.5320094, 6.8881316), (22.998, -1.530028, 6.8878593), (23, -1.5280466, 6.887587), (23.002, -1.530028, 6.8878593), (23, -1.5320259, 6.8879495), (22.998, -1.530028, 6.8878593), (23, -1.52803, 6.887769), (23.002, -1.53015, 6.88515), (23, -1.532148, 6.88524), (22.998, -1.53015, 6.88515), (23, -1.5281521, 6.88506), (24.998, -1.46985, 6.88515), (25, -1.4718479, 6.88506), (25.002, -1.46985, 6.88515), (25, -1.467852, 6.88524), (24.998, -1.469972, 6.8878593), (25, -1.47197, 6.887769), (25.002, -1.469972, 6.8878593), (25, -1.4679741, 6.8879495), (24.998, -1.469972, 6.8878593), (25, -1.4719534, 6.887587), (25.002, -1.469972, 6.8878593), (25, -1.4679906, 6.8881316), (24.998, -1.4703534, 6.890636), (25, -1.4723347, 6.8903637), (25.002, -1.4703534, 6.890636), (25, -1.468372, 6.8909082), (24.998, -1.4703534, 6.890636), (25, -1.4723003, 6.890178), (25.002, -1.4703534, 6.890636), (25, -1.4684064, 6.8910937), (24.998, -1.4710138, 6.893446), (25, -1.4729607, 6.892988), (25.002, -1.4710138, 6.893446), (25, -1.4690669, 6.8939037), (24.998, -1.4710138, 6.893446), (25, -1.4729072, 6.892802), (25.002, -1.4710138, 6.893446), (25, -1.4691204, 6.89409), (24.998, -1.4719669, 6.896248), (25, -1.4738603, 6.8956037), (25.002, -1.4719669, 6.896248), (25, -1.4700735, 6.896892), (24.998, -1.4719669, 6.896248), (25, -1.4737873, 6.8954196), (25.002, -1.4719669, 6.896248), (25, -1.4701464, 6.897076), (24.998, -1.4732182, 6.898998), (25, -1.4750386, 6.8981695), (25.002, -1.4732182, 6.898998), (25, -1.4713978, 6.899826), (24.998, -1.4732182, 6.898998), (25, -1.4749458, 6.8979897), (25.002, -1.4732182, 6.898998), (25, -1.4714906, 6.900006), (24.998, -1.4747646, 6.9016485), (25, -1.4764922, 6.9006405), (25.002, -1.4747646, 6.9016485), (25, -1.473037, 6.9026566), (24.998, -1.4747646, 6.9016485), (25, -1.47638, 6.9004693), (25.002, -1.4747646, 6.9016485), (25, -1.4731492, 6.9028277), (24.998, -1.4765929, 6.9041533), (25, -1.4782083, 6.902974), (25.002, -1.4765929, 6.9041533), (25, -1.4749775, 6.9053326), (24.998, -1.4765929, 6.9041533), (25, -1.4780784, 6.9028144), (25.002, -1.4765929, 6.9041533), (25, -1.4751074, 6.9054923), (24.998, -1.4786807, 6.9064693), (25, -1.4801662, 6.9051304), (25.002, -1.4786807, 6.9064693), (25, -1.4771953, 6.9078083), (24.998, -1.4786807, 6.9064693), (25, -1.4800198, 6.904984), (25.002, -1.4786807, 6.9064693), (25, -1.4773417, 6.9079547), (24.998, -1.4809965, 6.908557), (25, -1.4823356, 6.9070716), (25.002, -1.4809965, 6.908557), (25, -1.4796574, 6.9100423), (24.998, -1.4809965, 6.908557), (25, -1.4821757, 6.9069414), (25.002, -1.4809965, 6.908557), (25, -1.4798173, 6.9101725), (24.998, -1.4835017, 6.9103856), (25, -1.4846809, 6.90877), (25.002, -1.4835017, 6.9103856), (25, -1.4823225, 6.912001), (24.998, -1.4835017, 6.9103856), (25, -1.4845095, 6.908658), (25.002, -1.4835017, 6.9103856), (25, -1.4824939, 6.912113), (24.998, -1.4861523, 6.911932), (25, -1.4871601, 6.9102044), (25.002, -1.4861523, 6.911932), (25, -1.4851445, 6.9136596), (24.998, -1.4861523, 6.911932), (25, -1.4869807, 6.9101114), (25.002, -1.4861523, 6.911932), (25, -1.4853239, 6.9137526), (24.998, -1.488902, 6.913183), (25, -1.4897304, 6.9113626), (25.002, -1.488902, 6.913183), (25, -1.4880736, 6.915004), (24.998, -1.488902, 6.913183), (25, -1.4895461, 6.9112897), (25.002, -1.488902, 6.913183), (25, -1.4882579, 6.9150767), (24.998, -1.491704, 6.9141364), (25, -1.4923481, 6.912243), (25.002, -1.491704, 6.9141364), (25, -1.4910599, 6.91603), (24.998, -1.491704, 6.9141364), (25, -1.4921616, 6.9121895), (25.002, -1.491704, 6.9141364), (25, -1.4912463, 6.9160833), (24.998, -1.4945139, 6.914797), (25, -1.4949715, 6.91285), (25.002, -1.4945139, 6.914797), (25, -1.4940562, 6.9167438), (24.998, -1.4945139, 6.914797), (25, -1.4947857, 6.9128156), (25.002, -1.4945139, 6.914797), (25, -1.4942421, 6.916778), (24.998, -1.4972908, 6.915178), (25, -1.4975626, 6.9131966), (25.002, -1.4972908, 6.915178), (25, -1.497019, 6.917159), (24.998, -1.4972908, 6.915178), (25, -1.4973809, 6.91318), (25.002, -1.4972908, 6.915178), (25, -1.4972008, 6.917176), (24.998, -1.5, 6.9153), (25, -1.50009, 6.913302), (25.002, -1.5, 6.9153), (25, -1.49991, 6.917298), (24.998, -1.5, 6.9153), (25, -1.49991, 6.913302), (25.002, -1.5, 6.9153), (25, -1.50009, 6.917298), (24.998, -1.5027092, 6.915178), (25, -1.5026191, 6.91318), (25.002, -1.5027092, 6.915178), (25, -1.5027992, 6.917176), (24.998, -1.5027092, 6.915178), (25, -1.5024374, 6.9131966), (25.002, -1.5027092, 6.915178), (25, -1.502981, 6.917159), (24.998, -1.5054861, 6.914797), (25, -1.5052143, 6.9128156), (25.002, -1.5054861, 6.914797), (25, -1.5057579, 6.916778), (24.998, -1.5054861, 6.914797), (25, -1.5050285, 6.91285), (25.002, -1.5054861, 6.914797), (25, -1.5059438, 6.9167438), (24.998, -1.508296, 6.9141364), (25, -1.5078384, 6.9121895), (25.002, -1.508296, 6.9141364), (25, -1.5087537, 6.9160833), (24.998, -1.508296, 6.9141364), (25, -1.5076519, 6.912243), (25.002, -1.508296, 6.9141364), (25, -1.5089401, 6.91603), (24.998, -1.511098, 6.913183), (25, -1.5104539, 6.9112897), (25.002, -1.511098, 6.913183), (25, -1.5117421, 6.9150767), (24.998, -1.511098, 6.913183), (25, -1.5102696, 6.9113626), (25.002, -1.511098, 6.913183), (25, -1.5119264, 6.915004), (24.998, -1.5138477, 6.911932), (25, -1.5130193, 6.9101114), (25.002, -1.5138477, 6.911932), (25, -1.5146761, 6.9137526), (24.998, -1.5138477, 6.911932), (25, -1.5128399, 6.9102044), (25.002, -1.5138477, 6.911932), (25, -1.5148555, 6.9136596), (24.998, -1.5164983, 6.9103856), (25, -1.5154905, 6.908658), (25.002, -1.5164983, 6.9103856), (25, -1.5175061, 6.912113), (24.998, -1.5164983, 6.9103856), (25, -1.5153191, 6.90877), (25.002, -1.5164983, 6.9103856), (25, -1.5176775, 6.912001), (24.998, -1.5190035, 6.908557), (25, -1.5178243, 6.9069414), (25.002, -1.5190035, 6.908557), (25, -1.5201827, 6.9101725), (24.998, -1.5190035, 6.908557), (25, -1.5176644, 6.9070716), (25.002, -1.5190035, 6.908557), (25, -1.5203426, 6.9100423), (24.998, -1.5213193, 6.9064693), (25, -1.5199802, 6.904984), (25.002, -1.5213193, 6.9064693), (25, -1.5226583, 6.9079547), (24.998, -1.5213193, 6.9064693), (25, -1.5198338, 6.9051304), (25.002, -1.5213193, 6.9064693), (25, -1.5228047, 6.9078083), (24.998, -1.5234071, 6.9041533), (25, -1.5219216, 6.9028144), (25.002, -1.5234071, 6.9041533), (25, -1.5248926, 6.9054923), (24.998, -1.5234071, 6.9041533), (25, -1.5217917, 6.902974), (25.002, -1.5234071, 6.9041533), (25, -1.5250225, 6.9053326), (24.998, -1.5252354, 6.9016485), (25, -1.52362, 6.9004693), (25.002, -1.5252354, 6.9016485), (25, -1.5268508, 6.9028277), (24.998, -1.5252354, 6.9016485), (25, -1.5235078, 6.9006405), (25.002, -1.5252354, 6.9016485), (25, -1.526963, 6.9026566), (24.998, -1.5267818, 6.898998), (25, -1.5250542, 6.8979897), (25.002, -1.5267818, 6.898998), (25, -1.5285094, 6.900006), (25.002, -1.5267818, 6.898998), (25, -1.5286022, 6.899826), (24.998, -1.5267818, 6.898998), (25, -1.5249614, 6.8981695), (25.002, -1.5280331, 6.896248), (25, -1.5298536, 6.897076), (24.998, -1.5280331, 6.896248), (25, -1.5262127, 6.8954196), (25.002, -1.5280331, 6.896248), (25, -1.5299265, 6.896892), (24.998, -1.5280331, 6.896248), (25, -1.5261397, 6.8956037), (25.002, -1.5289862, 6.893446), (25, -1.5308796, 6.89409), (24.998, -1.5289862, 6.893446), (25, -1.5270928, 6.892802), (25.002, -1.5289862, 6.893446), (25, -1.5309331, 6.8939037), (24.998, -1.5289862, 6.893446), (25, -1.5270393, 6.892988), (25.002, -1.5296466, 6.890636), (25, -1.5315936, 6.8910937), (24.998, -1.5296466, 6.890636), (25, -1.5276997, 6.890178), (25.002, -1.5296466, 6.890636), (25, -1.531628, 6.8909082), (24.998, -1.5296466, 6.890636), (25, -1.5276653, 6.8903637), (25.002, -1.530028, 6.8878593), (25, -1.5320094, 6.8881316), (24.998, -1.530028, 6.8878593), (25, -1.5280466, 6.887587), (25.002, -1.530028, 6.8878593), (25, -1.5320259, 6.8879495), (24.998, -1.530028, 6.8878593), (25, -1.52803, 6.887769), (25.002, -1.53015, 6.88515), (25, -1.532148, 6.88524), (24.998, -1.53015, 6.88515), (25, -1.5281521, 6.88506)]
        uniform token purpose = "guide"
        uniform token subdivisionScheme = "none"
       }
      }

      over "pipe_clash_tangent"
      {
       def Mesh "EdgeDisplay" (
        prepend apiSchemas = ["AecoDerivedGeometryAPI"]
       )
       {
        uniform token aeco:derived:approx = "tessellated"
        rel aeco:derived:from = </demo_datacentre_01/demo_datacentre_01_Site/demo_datacentre_01/L01_Office/Office_Corridor_L01/Corridor_ceiling_void/pipe_clash_tangent/Edges>
        uniform token aeco:derived:role = "wireframe"
        string aeco:derived:source = "f48386c3-5bfd-55b0-8010-7c0321905d51"
        string aeco:derived:stamp = "aeco-solid 0.1.0 guide display"
        double aeco:derived:tolerance = 0.004
        uniform bool doubleSided = 1
        int[] faceVertexCounts = [4, 4, 4, 4, 4, 4, 4, 4, 4, 4, 4, 4, 4, 4, 4, 4, 4, 4, 4, 4, 4, 4, 4, 4, 4, 4, 4, 4, 4, 4, 4, 4, 4, 4, 4, 4, 4, 4, 4, 4, 4, 4, 4, 4, 4, 4, 4, 4, 4, 4, 4, 4, 4, 4, 4, 4, 4, 4, 4, 4, 4, 4, 4, 4, 4, 4, 4, 4, 4, 4, 4, 4, 4, 4, 4, 4, 4, 4, 4, 4, 4, 4, 4, 4, 4, 4, 4, 4, 4, 4, 4, 4, 4, 4, 4, 4, 4, 4, 4, 4, 4, 4, 4, 4, 4, 4, 4, 4, 4, 4, 4, 4, 4, 4, 4, 4, 4, 4, 4, 4, 4, 4, 4, 4, 4, 4, 4, 4, 4, 4, 4, 4, 4, 4, 4, 4, 4, 4, 4, 4, 4, 4, 4, 4, 4, 4, 4, 4, 4, 4, 4, 4, 4, 4, 4, 4, 4, 4, 4, 4, 4, 4, 4, 4, 4, 4, 4, 4, 4, 4, 4, 4, 4, 4, 4, 4, 4, 4, 4, 4, 4, 4, 4, 4, 4, 4, 4, 4, 4, 4, 4, 4, 4, 4, 4, 4, 4, 4, 4, 4, 4, 4, 4, 4, 4, 4, 4, 4, 4, 4, 4, 4, 4, 4, 4, 4, 4, 4, 4, 4, 4, 4, 4, 4, 4, 4, 4, 4, 4, 4, 4, 4, 4, 4, 4, 4, 4, 4, 4, 4, 4, 4, 4, 4, 4, 4, 4, 4, 4, 4, 4, 4, 4, 4, 4, 4, 4, 4, 4, 4, 4, 4, 4, 4, 4, 4, 4, 4, 4, 4, 4, 4, 4, 4, 4, 4, 4, 4, 4, 4, 4, 4, 4, 4, 4, 4, 4, 4, 4, 4, 4, 4, 4, 4, 4, 4, 4, 4, 4, 4, 4, 4, 4, 4, 4, 4, 4, 4, 4, 4, 4, 4, 4, 4, 4, 4, 4, 4, 4, 4, 4, 4, 4, 4, 4, 4, 4, 4, 4, 4, 4, 4, 4, 4, 4, 4, 4, 4, 4, 4, 4, 4, 4, 4, 4, 4, 4, 4, 4, 4, 4, 4, 4, 4, 4, 4, 4, 4, 4, 4, 4, 4, 4, 4, 4, 4, 4, 4, 4, 4, 4, 4, 4, 4, 4, 4, 4, 4, 4, 4, 4, 4, 4, 4, 4, 4, 4, 4, 4, 4, 4, 4, 4, 4, 4, 4, 4, 4, 4, 4, 4, 4, 4, 4, 4, 4, 4, 4, 4, 4, 4, 4, 4, 4, 4, 4, 4, 4, 4, 4, 4, 4, 4, 4, 4, 4, 4, 4, 4, 4, 4, 4, 4, 4, 4, 4, 4, 4, 4, 4, 4, 4, 4, 4, 4, 4, 4, 4, 4, 4, 4, 4, 4, 4, 4, 4, 4, 4, 4, 4, 4, 4, 4, 4, 4, 4, 4, 4, 4, 4, 4, 4, 4, 4, 4, 4, 4, 4, 4, 4, 4, 4, 4, 4, 4, 4, 4, 4, 4, 4, 4, 4, 4, 4, 4, 4, 4, 4, 4, 4, 4, 4, 4, 4, 4, 4, 4, 4, 4, 4, 4, 4, 4, 4, 4, 4, 4, 4, 4, 4]
        int[] faceVertexIndices = [0, 1, 5, 4, 1, 2, 6, 5, 2, 3, 7, 6, 3, 0, 4, 7, 8, 9, 13, 12, 9, 10, 14, 13, 10, 11, 15, 14, 11, 8, 12, 15, 16, 17, 21, 20, 17, 18, 22, 21, 18, 19, 23, 22, 19, 16, 20, 23, 24, 25, 29, 28, 25, 26, 30, 29, 26, 27, 31, 30, 27, 24, 28, 31, 32, 33, 37, 36, 33, 34, 38, 37, 34, 35, 39, 38, 35, 32, 36, 39, 40, 41, 45, 44, 41, 42, 46, 45, 42, 43, 47, 46, 43, 40, 44, 47, 48, 49, 53, 52, 49, 50, 54, 53, 50, 51, 55, 54, 51, 48, 52, 55, 56, 57, 61, 60, 57, 58, 62, 61, 58, 59, 63, 62, 59, 56, 60, 63, 64, 65, 69, 68, 65, 66, 70, 69, 66, 67, 71, 70, 67, 64, 68, 71, 72, 73, 77, 76, 73, 74, 78, 77, 74, 75, 79, 78, 75, 72, 76, 79, 80, 81, 85, 84, 81, 82, 86, 85, 82, 83, 87, 86, 83, 80, 84, 87, 88, 89, 93, 92, 89, 90, 94, 93, 90, 91, 95, 94, 91, 88, 92, 95, 96, 97, 101, 100, 97, 98, 102, 101, 98, 99, 103, 102, 99, 96, 100, 103, 104, 105, 109, 108, 105, 106, 110, 109, 106, 107, 111, 110, 107, 104, 108, 111, 112, 113, 117, 116, 113, 114, 118, 117, 114, 115, 119, 118, 115, 112, 116, 119, 120, 121, 125, 124, 121, 122, 126, 125, 122, 123, 127, 126, 123, 120, 124, 127, 128, 129, 133, 132, 129, 130, 134, 133, 130, 131, 135, 134, 131, 128, 132, 135, 136, 137, 141, 140, 137, 138, 142, 141, 138, 139, 143, 142, 139, 136, 140, 143, 144, 145, 149, 148, 145, 146, 150, 149, 146, 147, 151, 150, 147, 144, 148, 151, 152, 153, 157, 156, 153, 154, 158, 157, 154, 155, 159, 158, 155, 152, 156, 159, 160, 161, 165, 164, 161, 162, 166, 165, 162, 163, 167, 166, 163, 160, 164, 167, 168, 169, 173, 172, 169, 170, 174, 173, 170, 171, 175, 174, 171, 168, 172, 175, 176, 177, 181, 180, 177, 178, 182, 181, 178, 179, 183, 182, 179, 176, 180, 183, 184, 185, 189, 188, 185, 186, 190, 189, 186, 187, 191, 190, 187, 184, 188, 191, 192, 193, 197, 196, 193, 194, 198, 197, 194, 195, 199, 198, 195, 192, 196, 199, 200, 201, 205, 204, 201, 202, 206, 205, 202, 203, 207, 206, 203, 200, 204, 207, 208, 209, 213, 212, 209, 210, 214, 213, 210, 211, 215, 214, 211, 208, 212, 215, 216, 217, 221, 220, 217, 218, 222, 221, 218, 219, 223, 222, 219, 216, 220, 223, 224, 225, 229, 228, 225, 226, 230, 229, 226, 227, 231, 230, 227, 224, 228, 231, 232, 233, 237, 236, 233, 234, 238, 237, 234, 235, 239, 238, 235, 232, 236, 239, 240, 241, 245, 244, 241, 242, 246, 245, 242, 243, 247, 246, 243, 240, 244, 247, 248, 249, 253, 252, 249, 250, 254, 253, 250, 251, 255, 254, 251, 248, 252, 255, 256, 257, 261, 260, 257, 258, 262, 261, 258, 259, 263, 262, 259, 256, 260, 263, 264, 265, 269, 268, 265, 266, 270, 269, 266, 267, 271, 270, 267, 264, 268, 271, 272, 273, 277, 276, 273, 274, 278, 277, 274, 275, 279, 278, 275, 272, 276, 279, 280, 281, 285, 284, 281, 282, 286, 285, 282, 283, 287, 286, 283, 280, 284, 287, 288, 289, 293, 292, 289, 290, 294, 293, 290, 291, 295, 294, 291, 288, 292, 295, 296, 297, 301, 300, 297, 298, 302, 301, 298, 299, 303, 302, 299, 296, 300, 303, 304, 305, 309, 308, 305, 306, 310, 309, 306, 307, 311, 310, 307, 304, 308, 311, 312, 313, 317, 316, 313, 314, 318, 317, 314, 315, 319, 318, 315, 312, 316, 319, 320, 321, 325, 324, 321, 322, 326, 325, 322, 323, 327, 326, 323, 320, 324, 327, 328, 329, 333, 332, 329, 330, 334, 333, 330, 331, 335, 334, 331, 328, 332, 335, 336, 337, 341, 340, 337, 338, 342, 341, 338, 339, 343, 342, 339, 336, 340, 343, 344, 345, 349, 348, 345, 346, 350, 349, 346, 347, 351, 350, 347, 344, 348, 351, 352, 353, 357, 356, 353, 354, 358, 357, 354, 355, 359, 358, 355, 352, 356, 359, 360, 361, 365, 364, 361, 362, 366, 365, 362, 363, 367, 366, 363, 360, 364, 367, 368, 369, 373, 372, 369, 370, 374, 373, 370, 371, 375, 374, 371, 368, 372, 375, 376, 377, 381, 380, 377, 378, 382, 381, 378, 379, 383, 382, 379, 376, 380, 383, 384, 385, 389, 388, 385, 386, 390, 389, 386, 387, 391, 390, 387, 384, 388, 391, 392, 393, 397, 396, 393, 394, 398, 397, 394, 395, 399, 398, 395, 392, 396, 399, 400, 401, 405, 404, 401, 402, 406, 405, 402, 403, 407, 406, 403, 400, 404, 407, 408, 409, 413, 412, 409, 410, 414, 413, 410, 411, 415, 414, 411, 408, 412, 415, 416, 417, 421, 420, 417, 418, 422, 421, 418, 419, 423, 422, 419, 416, 420, 423, 424, 425, 429, 428, 425, 426, 430, 429, 426, 427, 431, 430, 427, 424, 428, 431, 432, 433, 437, 436, 433, 434, 438, 437, 434, 435, 439, 438, 435, 432, 436, 439, 440, 441, 445, 444, 441, 442, 446, 445, 442, 443, 447, 446, 443, 440, 444, 447, 448, 449, 453, 452, 449, 450, 454, 453, 450, 451, 455, 454, 451, 448, 452, 455, 456, 457, 461, 460, 457, 458, 462, 461, 458, 459, 463, 462, 459, 456, 460, 463, 464, 465, 469, 468, 465, 466, 470, 469, 466, 467, 471, 470, 467, 464, 468, 471, 472, 473, 477, 476, 473, 474, 478, 477, 474, 475, 479, 478, 475, 472, 476, 479, 480, 481, 485, 484, 481, 482, 486, 485, 482, 483, 487, 486, 483, 480, 484, 487, 488, 489, 493, 492, 489, 490, 494, 493, 490, 491, 495, 494, 491, 488, 492, 495, 496, 497, 501, 500, 497, 498, 502, 501, 498, 499, 503, 502, 499, 496, 500, 503, 504, 505, 509, 508, 505, 506, 510, 509, 506, 507, 511, 510, 507, 504, 508, 511, 512, 513, 517, 516, 513, 514, 518, 517, 514, 515, 519, 518, 515, 512, 516, 519, 520, 521, 525, 524, 521, 522, 526, 525, 522, 523, 527, 526, 523, 520, 524, 527, 528, 529, 533, 532, 529, 530, 534, 533, 530, 531, 535, 534, 531, 528, 532, 535, 536, 537, 541, 540, 537, 538, 542, 541, 538, 539, 543, 542, 539, 536, 540, 543, 544, 545, 549, 548, 545, 546, 550, 549, 546, 547, 551, 550, 547, 544, 548, 551, 552, 553, 557, 556, 553, 554, 558, 557, 554, 555, 559, 558, 555, 552, 556, 559, 560, 561, 565, 564, 561, 562, 566, 565, 562, 563, 567, 566, 563, 560, 564, 567, 568, 569, 573, 572, 569, 570, 574, 573, 570, 571, 575, 574, 571, 568, 572, 575, 576, 577, 581, 580, 577, 578, 582, 581, 578, 579, 583, 582, 579, 576, 580, 583, 584, 585, 589, 588, 585, 586, 590, 589, 586, 587, 591, 590, 587, 584, 588, 591, 592, 593, 597, 596, 593, 594, 598, 597, 594, 595, 599, 598, 595, 592, 596, 599, 600, 601, 605, 604, 601, 602, 606, 605, 602, 603, 607, 606, 603, 600, 604, 607, 608, 609, 613, 612, 609, 610, 614, 613, 610, 611, 615, 614, 611, 608, 612, 615, 616, 617, 621, 620, 617, 618, 622, 621, 618, 619, 623, 622, 619, 616, 620, 623, 624, 625, 629, 628, 625, 626, 630, 629, 626, 627, 631, 630, 627, 624, 628, 631, 632, 633, 637, 636, 633, 634, 638, 637, 634, 635, 639, 638, 635, 632, 636, 639, 640, 641, 645, 644, 641, 642, 646, 645, 642, 643, 647, 646, 643, 640, 644, 647, 648, 649, 653, 652, 649, 650, 654, 653, 650, 651, 655, 654, 651, 648, 652, 655, 656, 657, 661, 660, 657, 658, 662, 661, 658, 659, 663, 662, 659, 656, 660, 663, 664, 665, 669, 668, 665, 666, 670, 669, 666, 667, 671, 670, 667, 664, 668, 671, 672, 673, 677, 676, 673, 674, 678, 677, 674, 675, 679, 678, 675, 672, 676, 679, 680, 681, 685, 684, 681, 682, 686, 685, 682, 683, 687, 686, 683, 680, 684, 687, 688, 689, 693, 692, 689, 690, 694, 693, 690, 691, 695, 694, 691, 688, 692, 695, 696, 697, 701, 700, 697, 698, 702, 701, 698, 699, 703, 702, 699, 696, 700, 703, 704, 705, 709, 708, 705, 706, 710, 709, 706, 707, 711, 710, 707, 704, 708, 711, 712, 713, 717, 716, 713, 714, 718, 717, 714, 715, 719, 718, 715, 712, 716, 719, 720, 721, 725, 724, 721, 722, 726, 725, 722, 723, 727, 726, 723, 720, 724, 727, 728, 729, 733, 732, 729, 730, 734, 733, 730, 731, 735, 734, 731, 728, 732, 735, 736, 737, 741, 740, 737, 738, 742, 741, 738, 739, 743, 742, 739, 736, 740, 743, 744, 745, 749, 748, 745, 746, 750, 749, 746, 747, 751, 750, 747, 744, 748, 751, 752, 753, 757, 756, 753, 754, 758, 757, 754, 755, 759, 758, 755, 752, 756, 759, 760, 761, 765, 764, 761, 762, 766, 765, 762, 763, 767, 766, 763, 760, 764, 767, 768, 769, 773, 772, 769, 770, 774, 773, 770, 771, 775, 774, 771, 768, 772, 775, 776, 777, 781, 780, 777, 778, 782, 781, 778, 779, 783, 782, 779, 776, 780, 783, 784, 785, 789, 788, 785, 786, 790, 789, 786, 787, 791, 790, 787, 784, 788, 791, 792, 793, 797, 796, 793, 794, 798, 797, 794, 795, 799, 798, 795, 792, 796, 799, 800, 801, 805, 804, 801, 802, 806, 805, 802, 803, 807, 806, 803, 800, 804, 807, 808, 809, 813, 812, 809, 810, 814, 813, 810, 811, 815, 814, 811, 808, 812, 815, 816, 817, 821, 820, 817, 818, 822, 821, 818, 819, 823, 822, 819, 816, 820, 823, 824, 825, 829, 828, 825, 826, 830, 829, 826, 827, 831, 830, 827, 824, 828, 831, 832, 833, 837, 836, 833, 834, 838, 837, 834, 835, 839, 838, 835, 832, 836, 839, 840, 841, 845, 844, 841, 842, 846, 845, 842, 843, 847, 846, 843, 840, 844, 847, 848, 849, 853, 852, 849, 850, 854, 853, 850, 851, 855, 854, 851, 848, 852, 855, 856, 857, 861, 860, 857, 858, 862, 861, 858, 859, 863, 862, 859, 856, 860, 863, 864, 865, 869, 868, 865, 866, 870, 869, 866, 867, 871, 870, 867, 864, 868, 871, 872, 873, 877, 876, 873, 874, 878, 877, 874, 875, 879, 878, 875, 872, 876, 879, 880, 881, 885, 884, 881, 882, 886, 885, 882, 883, 887, 886, 883, 880, 884, 887, 888, 889, 893, 892, 889, 890, 894, 893, 890, 891, 895, 894, 891, 888, 892, 895, 896, 897, 901, 900, 897, 898, 902, 901, 898, 899, 903, 902, 899, 896, 900, 903, 904, 905, 909, 908, 905, 906, 910, 909, 906, 907, 911, 910, 907, 904, 908, 911, 912, 913, 917, 916, 913, 914, 918, 917, 914, 915, 919, 918, 915, 912, 916, 919, 920, 921, 925, 924, 921, 922, 926, 925, 922, 923, 927, 926, 923, 920, 924, 927, 928, 929, 933, 932, 929, 930, 934, 933, 930, 931, 935, 934, 931, 928, 932, 935, 936, 937, 941, 940, 937, 938, 942, 941, 938, 939, 943, 942, 939, 936, 940, 943, 944, 945, 949, 948, 945, 946, 950, 949, 946, 947, 951, 950, 947, 944, 948, 951, 952, 953, 957, 956, 953, 954, 958, 957, 954, 955, 959, 958, 955, 952, 956, 959, 960, 961, 965, 964, 961, 962, 966, 965, 962, 963, 967, 966, 963, 960, 964, 967, 968, 969, 973, 972, 969, 970, 974, 973, 970, 971, 975, 974, 971, 968, 972, 975, 976, 977, 981, 980, 977, 978, 982, 981, 978, 979, 983, 982, 979, 976, 980, 983, 984, 985, 989, 988, 985, 986, 990, 989, 986, 987, 991, 990, 987, 984, 988, 991, 992, 993, 997, 996, 993, 994, 998, 997, 994, 995, 999, 998, 995, 992, 996, 999, 1000, 1001, 1005, 1004, 1001, 1002, 1006, 1005, 1002, 1003, 1007, 1006, 1003, 1000, 1004, 1007, 1008, 1009, 1013, 1012, 1009, 1010, 1014, 1013, 1010, 1011, 1015, 1014, 1011, 1008, 1012, 1015, 1016, 1017, 1021, 1020, 1017, 1018, 1022, 1021, 1018, 1019, 1023, 1022, 1019, 1016, 1020, 1023, 1024, 1025, 1029, 1028, 1025, 1026, 1030, 1029, 1026, 1027, 1031, 1030, 1027, 1024, 1028, 1031, 1032, 1033, 1037, 1036, 1033, 1034, 1038, 1037, 1034, 1035, 1039, 1038, 1035, 1032, 1036, 1039]
        point3f[] points = [(25.002, -2.925, 6.8), (25, -2.926998, 6.7999105), (24.998, -2.925, 6.8), (25, -2.923002, 6.80009), (25.002, -2.9248781, 6.797291), (25, -2.926876, 6.797201), (24.998, -2.9248781, 6.797291), (25, -2.9228802, 6.7973804), (25.002, -2.9248781, 6.797291), (25, -2.9268596, 6.7970185), (24.998, -2.9248781, 6.797291), (25, -2.9228966, 6.797563), (25.002, -2.9244967, 6.7945137), (25, -2.9264781, 6.7942414), (24.998, -2.9244967, 6.7945137), (25, -2.9225152, 6.794786), (25.002, -2.9244967, 6.7945137), (25, -2.9264436, 6.794056), (24.998, -2.9244967, 6.7945137), (25, -2.9225497, 6.7949715), (25.002, -2.9238362, 6.791704), (25, -2.9257832, 6.7912464), (24.998, -2.9238362, 6.791704), (25, -2.9218893, 6.792162), (25.002, -2.9238362, 6.791704), (25, -2.9257298, 6.79106), (24.998, -2.9238362, 6.791704), (25, -2.9219427, 6.7923484), (25.002, -2.922883, 6.788902), (25, -2.9247766, 6.7882576), (24.998, -2.922883, 6.788902), (25, -2.9209895, 6.789546), (25.002, -2.922883, 6.788902), (25, -2.9247034, 6.7880735), (24.998, -2.922883, 6.788902), (25, -2.9210627, 6.78973), (25.002, -2.9216318, 6.7861524), (25, -2.9234521, 6.785324), (24.998, -2.9216318, 6.7861524), (25, -2.9198115, 6.7869806), (25.002, -2.9216318, 6.7861524), (25, -2.9233594, 6.7851443), (24.998, -2.9216318, 6.7861524), (25, -2.9199042, 6.7871604), (25.002, -2.9200854, 6.7835016), (25, -2.921813, 6.7824936), (24.998, -2.9200854, 6.7835016), (25, -2.9183578, 6.7845097), (25.002, -2.9200854, 6.7835016), (25, -2.921701, 6.7823224), (24.998, -2.9200854, 6.7835016), (25, -2.91847, 6.784681), (25.002, -2.918257, 6.7809963), (25, -2.9198725, 6.779817), (24.998, -2.918257, 6.7809963), (25, -2.9166415, 6.7821755), (25.002, -2.918257, 6.7809963), (25, -2.9197423, 6.779657), (24.998, -2.918257, 6.7809963), (25, -2.9167717, 6.7823358), (25.002, -2.9161692, 6.778681), (25, -2.9176545, 6.7773414), (24.998, -2.9161692, 6.778681), (25, -2.9146838, 6.78002), (25.002, -2.9161692, 6.778681), (25, -2.9175084, 6.7771955), (24.998, -2.9161692, 6.778681), (25, -2.91483, 6.780166), (25.002, -2.9138534, 6.7765927), (25, -2.9151926, 6.7751074), (24.998, -2.9138534, 6.7765927), (25, -2.9125142, 6.778078), (25.002, -2.9138534, 6.7765927), (25, -2.9150324, 6.774977), (24.998, -2.9138534, 6.7765927), (25, -2.9126744, 6.7782083), (25.002, -2.9113483, 6.7747645), (25, -2.9125273, 6.773149), (24.998, -2.9113483, 6.7747645), (25, -2.9101694, 6.77638), (25.002, -2.9113483, 6.7747645), (25, -2.9123561, 6.773037), (24.998, -2.9113483, 6.7747645), (25, -2.9103405, 6.776492), (25.002, -2.9086978, 6.773218), (25, -2.9097056, 6.7714906), (24.998, -2.9086978, 6.773218), (25, -2.90769, 6.7749457), (25.002, -2.9086978, 6.773218), (25, -2.909526, 6.7713976), (24.998, -2.9086978, 6.773218), (25, -2.9078696, 6.7750387), (25.002, -2.9059482, 6.771967), (25, -2.9067764, 6.7701464), (24.998, -2.9059482, 6.771967), (25, -2.90512, 6.7737875), (25.002, -2.9059482, 6.771967), (25, -2.9065924, 6.7700734), (24.998, -2.9059482, 6.771967), (25, -2.905304, 6.7738605), (25.002, -2.903146, 6.7710137), (25, -2.9037902, 6.76912), (24.998, -2.903146, 6.7710137), (25, -2.9025018, 6.7729073), (25.002, -2.903146, 6.7710137), (25, -2.9036036, 6.769067), (24.998, -2.903146, 6.7710137), (25, -2.9026885, 6.7729607), (25.002, -2.9003363, 6.7703533), (25, -2.9007938, 6.7684064), (24.998, -2.9003363, 6.7703533), (25, -2.8998787, 6.7723002), (25.002, -2.9003363, 6.7703533), (25, -2.9006085, 6.768372), (24.998, -2.9003363, 6.7703533), (25, -2.900064, 6.7723346), (25.002, -2.8975592, 6.769972), (25, -2.8978314, 6.7679906), (24.998, -2.8975592, 6.769972), (25, -2.897287, 6.771953), (25.002, -2.8975592, 6.769972), (25, -2.8976493, 6.767974), (24.998, -2.8975592, 6.769972), (25, -2.897469, 6.77197), (25.002, -2.89485, 6.76985), (25, -2.8949401, 6.767852), (24.998, -2.89485, 6.76985), (25, -2.89476, 6.7718477), (25.002, -2.89485, 6.76985), (25, -2.89476, 6.767852), (24.998, -2.89485, 6.76985), (25, -2.8949401, 6.7718477), (25.002, -2.8921409, 6.769972), (25, -2.8920507, 6.767974), (24.998, -2.8921409, 6.769972), (25, -2.892231, 6.77197), (25.002, -2.8921409, 6.769972), (25, -2.8918686, 6.7679906), (24.998, -2.8921409, 6.769972), (25, -2.8924131, 6.771953), (25.002, -2.8893638, 6.7703533), (25, -2.8890915, 6.768372), (24.998, -2.8893638, 6.7703533), (25, -2.889636, 6.7723346), (25.002, -2.8893638, 6.7703533), (25, -2.8889062, 6.7684064), (24.998, -2.8893638, 6.7703533), (25, -2.8898213, 6.7723002), (25.002, -2.886554, 6.7710137), (25, -2.8860965, 6.769067), (24.998, -2.886554, 6.7710137), (25, -2.8870115, 6.7729607), (25.002, -2.886554, 6.7710137), (25, -2.8859098, 6.76912), (24.998, -2.886554, 6.7710137), (25, -2.8871982, 6.7729073), (25.002, -2.8837519, 6.771967), (25, -2.8831077, 6.7700734), (24.998, -2.8837519, 6.771967), (25, -2.884396, 6.7738605), (25.002, -2.8837519, 6.771967), (25, -2.8829236, 6.7701464), (24.998, -2.8837519, 6.771967), (25, -2.8845801, 6.7737875), (25.002, -2.8810022, 6.773218), (25, -2.880174, 6.7713976), (24.998, -2.8810022, 6.773218), (25, -2.8818305, 6.7750387), (25.002, -2.8810022, 6.773218), (25, -2.8799944, 6.7714906), (24.998, -2.8810022, 6.773218), (25, -2.88201, 6.7749457), (25.002, -2.8783517, 6.7747645), (25, -2.877344, 6.773037), (24.998, -2.8783517, 6.7747645), (25, -2.8793595, 6.776492), (25.002, -2.8783517, 6.7747645), (25, -2.8771727, 6.773149), (24.998, -2.8783517, 6.7747645), (25, -2.8795307, 6.77638), (25.002, -2.8758466, 6.7765927), (25, -2.8746676, 6.774977), (24.998, -2.8758466, 6.7765927), (25, -2.8770256, 6.7782083), (25.002, -2.8758466, 6.7765927), (25, -2.8745074, 6.7751074), (24.998, -2.8758466, 6.7765927), (25, -2.8771858, 6.778078), (25.002, -2.8735306, 6.778681), (25, -2.8721914, 6.7771955), (24.998, -2.8735306, 6.778681), (25, -2.8748698, 6.780166), (25.002, -2.8735306, 6.778681), (25, -2.8720453, 6.7773414), (24.998, -2.8735306, 6.778681), (25, -2.875016, 6.78002), (25.002, -2.871443, 6.7809963), (25, -2.8699577, 6.779657), (24.998, -2.871443, 6.7809963), (25, -2.8729284, 6.7823358), (25.002, -2.871443, 6.7809963), (25, -2.8698275, 6.779817), (24.998, -2.871443, 6.7809963), (25, -2.8730586, 6.7821755), (25.002, -2.8696146, 6.7835016), (25, -2.867999, 6.7823224), (24.998, -2.8696146, 6.7835016), (25, -2.8712301, 6.784681), (25.002, -2.8696146, 6.7835016), (25, -2.867887, 6.7824936), (24.998, -2.8696146, 6.7835016), (25, -2.8713422, 6.7845097), (25.002, -2.8680682, 6.7861524), (25, -2.8663406, 6.7851443), (24.998, -2.8680682, 6.7861524), (25, -2.8697958, 6.7871604), (24.998, -2.8680682, 6.7861524), (25, -2.8698885, 6.7869806), (25.002, -2.8680682, 6.7861524), (25, -2.866248, 6.785324), (24.998, -2.866817, 6.788902), (25, -2.8686373, 6.78973), (25.002, -2.866817, 6.788902), (25, -2.8649967, 6.7880735), (24.998, -2.866817, 6.788902), (25, -2.8687105, 6.789546), (25.002, -2.866817, 6.788902), (25, -2.8649235, 6.7882576), (24.998, -2.8658638, 6.791704), (25, -2.8677573, 6.7923484), (25.002, -2.8658638, 6.791704), (25, -2.8639703, 6.79106), (24.998, -2.8658638, 6.791704), (25, -2.8678107, 6.792162), (25.002, -2.8658638, 6.791704), (25, -2.8639169, 6.7912464), (24.998, -2.8652034, 6.7945137), (25, -2.8671503, 6.7949715), (25.002, -2.8652034, 6.7945137), (25, -2.8632565, 6.794056), (24.998, -2.8652034, 6.7945137), (25, -2.8671849, 6.794786), (25.002, -2.8652034, 6.7945137), (25, -2.863222, 6.7942414), (24.998, -2.864822, 6.797291), (25, -2.8668034, 6.797563), (25.002, -2.864822, 6.797291), (25, -2.8628404, 6.7970185), (24.998, -2.864822, 6.797291), (25, -2.8668199, 6.7973804), (25.002, -2.864822, 6.797291), (25, -2.862824, 6.797201), (24.998, -2.8647, 6.8), (25, -2.866698, 6.80009), (25.002, -2.8647, 6.8), (25, -2.8627021, 6.7999105), (25, -2.9229999, 6.8), (25, -2.925, 6.7980003), (25, -2.927, 6.8), (25, -2.925, 6.802), (23, -2.9229999, 6.8), (23, -2.925, 6.7980003), (23, -2.927, 6.8), (23, -2.925, 6.802), (23.002, -2.925, 6.8), (23, -2.926998, 6.7999105), (22.998, -2.925, 6.8), (23, -2.923002, 6.80009), (23.002, -2.9248781, 6.797291), (23, -2.926876, 6.797201), (22.998, -2.9248781, 6.797291), (23, -2.9228802, 6.7973804), (23.002, -2.9248781, 6.797291), (23, -2.9268596, 6.7970185), (22.998, -2.9248781, 6.797291), (23, -2.9228966, 6.797563), (23.002, -2.9244967, 6.7945137), (23, -2.9264781, 6.7942414), (22.998, -2.9244967, 6.7945137), (23, -2.9225152, 6.794786), (23.002, -2.9244967, 6.7945137), (23, -2.9264436, 6.794056), (22.998, -2.9244967, 6.7945137), (23, -2.9225497, 6.7949715), (23.002, -2.9238362, 6.791704), (23, -2.9257832, 6.7912464), (22.998, -2.9238362, 6.791704), (23, -2.9218893, 6.792162), (23.002, -2.9238362, 6.791704), (23, -2.9257298, 6.79106), (22.998, -2.9238362, 6.791704), (23, -2.9219427, 6.7923484), (23.002, -2.922883, 6.788902), (23, -2.9247766, 6.7882576), (22.998, -2.922883, 6.788902), (23, -2.9209895, 6.789546), (23.002, -2.922883, 6.788902), (23, -2.9247034, 6.7880735), (22.998, -2.922883, 6.788902), (23, -2.9210627, 6.78973), (23.002, -2.9216318, 6.7861524), (23, -2.9234521, 6.785324), (22.998, -2.9216318, 6.7861524), (23, -2.9198115, 6.7869806), (23.002, -2.9216318, 6.7861524), (23, -2.9233594, 6.7851443), (22.998, -2.9216318, 6.7861524), (23, -2.9199042, 6.7871604), (23.002, -2.9200854, 6.7835016), (23, -2.921813, 6.7824936), (22.998, -2.9200854, 6.7835016), (23, -2.9183578, 6.7845097), (23.002, -2.9200854, 6.7835016), (23, -2.921701, 6.7823224), (22.998, -2.9200854, 6.7835016), (23, -2.91847, 6.784681), (23.002, -2.918257, 6.7809963), (23, -2.9198725, 6.779817), (22.998, -2.918257, 6.7809963), (23, -2.9166415, 6.7821755), (23.002, -2.918257, 6.7809963), (23, -2.9197423, 6.779657), (22.998, -2.918257, 6.7809963), (23, -2.9167717, 6.7823358), (23.002, -2.9161692, 6.778681), (23, -2.9176545, 6.7773414), (22.998, -2.9161692, 6.778681), (23, -2.9146838, 6.78002), (23.002, -2.9161692, 6.778681), (23, -2.9175084, 6.7771955), (22.998, -2.9161692, 6.778681), (23, -2.91483, 6.780166), (23.002, -2.9138534, 6.7765927), (23, -2.9151926, 6.7751074), (22.998, -2.9138534, 6.7765927), (23, -2.9125142, 6.778078), (23.002, -2.9138534, 6.7765927), (23, -2.9150324, 6.774977), (22.998, -2.9138534, 6.7765927), (23, -2.9126744, 6.7782083), (23.002, -2.9113483, 6.7747645), (23, -2.9125273, 6.773149), (22.998, -2.9113483, 6.7747645), (23, -2.9101694, 6.77638), (23.002, -2.9113483, 6.7747645), (23, -2.9123561, 6.773037), (22.998, -2.9113483, 6.7747645), (23, -2.9103405, 6.776492), (23.002, -2.9086978, 6.773218), (23, -2.9097056, 6.7714906), (22.998, -2.9086978, 6.773218), (23, -2.90769, 6.7749457), (23.002, -2.9086978, 6.773218), (23, -2.909526, 6.7713976), (22.998, -2.9086978, 6.773218), (23, -2.9078696, 6.7750387), (23.002, -2.9059482, 6.771967), (23, -2.9067764, 6.7701464), (22.998, -2.9059482, 6.771967), (23, -2.90512, 6.7737875), (23.002, -2.9059482, 6.771967), (23, -2.9065924, 6.7700734), (22.998, -2.9059482, 6.771967), (23, -2.905304, 6.7738605), (23.002, -2.903146, 6.7710137), (23, -2.9037902, 6.76912), (22.998, -2.903146, 6.7710137), (23, -2.9025018, 6.7729073), (23.002, -2.903146, 6.7710137), (23, -2.9036036, 6.769067), (22.998, -2.903146, 6.7710137), (23, -2.9026885, 6.7729607), (23.002, -2.9003363, 6.7703533), (23, -2.9007938, 6.7684064), (22.998, -2.9003363, 6.7703533), (23, -2.8998787, 6.7723002), (23.002, -2.9003363, 6.7703533), (23, -2.9006085, 6.768372), (22.998, -2.9003363, 6.7703533), (23, -2.900064, 6.7723346), (23.002, -2.8975592, 6.769972), (23, -2.8978314, 6.7679906), (22.998, -2.8975592, 6.769972), (23, -2.897287, 6.771953), (23.002, -2.8975592, 6.769972), (23, -2.8976493, 6.767974), (22.998, -2.8975592, 6.769972), (23, -2.897469, 6.77197), (23.002, -2.89485, 6.76985), (23, -2.8949401, 6.767852), (22.998, -2.89485, 6.76985), (23, -2.89476, 6.7718477), (23.002, -2.89485, 6.76985), (23, -2.89476, 6.767852), (22.998, -2.89485, 6.76985), (23, -2.8949401, 6.7718477), (23.002, -2.8921409, 6.769972), (23, -2.8920507, 6.767974), (22.998, -2.8921409, 6.769972), (23, -2.892231, 6.77197), (23.002, -2.8921409, 6.769972), (23, -2.8918686, 6.7679906), (22.998, -2.8921409, 6.769972), (23, -2.8924131, 6.771953), (23.002, -2.8893638, 6.7703533), (23, -2.8890915, 6.768372), (22.998, -2.8893638, 6.7703533), (23, -2.889636, 6.7723346), (23.002, -2.8893638, 6.7703533), (23, -2.8889062, 6.7684064), (22.998, -2.8893638, 6.7703533), (23, -2.8898213, 6.7723002), (23.002, -2.886554, 6.7710137), (23, -2.8860965, 6.769067), (22.998, -2.886554, 6.7710137), (23, -2.8870115, 6.7729607), (23.002, -2.886554, 6.7710137), (23, -2.8859098, 6.76912), (22.998, -2.886554, 6.7710137), (23, -2.8871982, 6.7729073), (23.002, -2.8837519, 6.771967), (23, -2.8831077, 6.7700734), (22.998, -2.8837519, 6.771967), (23, -2.884396, 6.7738605), (23.002, -2.8837519, 6.771967), (23, -2.8829236, 6.7701464), (22.998, -2.8837519, 6.771967), (23, -2.8845801, 6.7737875), (23.002, -2.8810022, 6.773218), (23, -2.880174, 6.7713976), (22.998, -2.8810022, 6.773218), (23, -2.8818305, 6.7750387), (23.002, -2.8810022, 6.773218), (23, -2.8799944, 6.7714906), (22.998, -2.8810022, 6.773218), (23, -2.88201, 6.7749457), (23.002, -2.8783517, 6.7747645), (23, -2.877344, 6.773037), (22.998, -2.8783517, 6.7747645), (23, -2.8793595, 6.776492), (23.002, -2.8783517, 6.7747645), (23, -2.8771727, 6.773149), (22.998, -2.8783517, 6.7747645), (23, -2.8795307, 6.77638), (23.002, -2.8758466, 6.7765927), (23, -2.8746676, 6.774977), (22.998, -2.8758466, 6.7765927), (23, -2.8770256, 6.7782083), (23.002, -2.8758466, 6.7765927), (23, -2.8745074, 6.7751074), (22.998, -2.8758466, 6.7765927), (23, -2.8771858, 6.778078), (23.002, -2.8735306, 6.778681), (23, -2.8721914, 6.7771955), (22.998, -2.8735306, 6.778681), (23, -2.8748698, 6.780166), (23.002, -2.8735306, 6.778681), (23, -2.8720453, 6.7773414), (22.998, -2.8735306, 6.778681), (23, -2.875016, 6.78002), (23.002, -2.871443, 6.7809963), (23, -2.8699577, 6.779657), (22.998, -2.871443, 6.7809963), (23, -2.8729284, 6.7823358), (23.002, -2.871443, 6.7809963), (23, -2.8698275, 6.779817), (22.998, -2.871443, 6.7809963), (23, -2.8730586, 6.7821755), (23.002, -2.8696146, 6.7835016), (23, -2.867999, 6.7823224), (22.998, -2.8696146, 6.7835016), (23, -2.8712301, 6.784681), (23.002, -2.8696146, 6.7835016), (23, -2.867887, 6.7824936), (22.998, -2.8696146, 6.7835016), (23, -2.8713422, 6.7845097), (23.002, -2.8680682, 6.7861524), (23, -2.8663406, 6.7851443), (22.998, -2.8680682, 6.7861524), (23, -2.8697958, 6.7871604), (22.998, -2.8680682, 6.7861524), (23, -2.8698885, 6.7869806), (23.002, -2.8680682, 6.7861524), (23, -2.866248, 6.785324), (22.998, -2.866817, 6.788902), (23, -2.8686373, 6.78973), (23.002, -2.866817, 6.788902), (23, -2.8649967, 6.7880735), (22.998, -2.866817, 6.788902), (23, -2.8687105, 6.789546), (23.002, -2.866817, 6.788902), (23, -2.8649235, 6.7882576), (22.998, -2.8658638, 6.791704), (23, -2.8677573, 6.7923484), (23.002, -2.8658638, 6.791704), (23, -2.8639703, 6.79106), (22.998, -2.8658638, 6.791704), (23, -2.8678107, 6.792162), (23.002, -2.8658638, 6.791704), (23, -2.8639169, 6.7912464), (22.998, -2.8652034, 6.7945137), (23, -2.8671503, 6.7949715), (23.002, -2.8652034, 6.7945137), (23, -2.8632565, 6.794056), (22.998, -2.8652034, 6.7945137), (23, -2.8671849, 6.794786), (23.002, -2.8652034, 6.7945137), (23, -2.863222, 6.7942414), (22.998, -2.864822, 6.797291), (23, -2.8668034, 6.797563), (23.002, -2.864822, 6.797291), (23, -2.8628404, 6.7970185), (22.998, -2.864822, 6.797291), (23, -2.8668199, 6.7973804), (23.002, -2.864822, 6.797291), (23, -2.862824, 6.797201), (22.998, -2.8647, 6.8), (23, -2.866698, 6.80009), (23.002, -2.8647, 6.8), (23, -2.8627021, 6.7999105), (23, -2.8667002, 6.8), (23, -2.8647, 6.7980003), (23, -2.8627, 6.8), (23, -2.8647, 6.802), (25, -2.8667002, 6.8), (25, -2.8647, 6.7980003), (25, -2.8627, 6.8), (25, -2.8647, 6.802), (22.998, -2.8647, 6.8), (23, -2.866698, 6.7999105), (23.002, -2.8647, 6.8), (23, -2.8627021, 6.80009), (22.998, -2.864822, 6.802709), (23, -2.8668199, 6.8026195), (23.002, -2.864822, 6.802709), (23, -2.862824, 6.8027987), (22.998, -2.864822, 6.802709), (23, -2.8668034, 6.802437), (23.002, -2.864822, 6.802709), (23, -2.8628404, 6.8029814), (22.998, -2.8652034, 6.805486), (23, -2.8671849, 6.805214), (23.002, -2.8652034, 6.805486), (23, -2.863222, 6.8057585), (22.998, -2.8652034, 6.805486), (23, -2.8671503, 6.8050284), (23.002, -2.8652034, 6.805486), (23, -2.8632565, 6.805944), (22.998, -2.8658638, 6.808296), (23, -2.8678107, 6.8078384), (23.002, -2.8658638, 6.808296), (23, -2.8639169, 6.808754), (22.998, -2.8658638, 6.808296), (23, -2.8677573, 6.807652), (23.002, -2.8658638, 6.808296), (23, -2.8639703, 6.8089404), (22.998, -2.866817, 6.811098), (23, -2.8687105, 6.810454), (23.002, -2.866817, 6.811098), (23, -2.8649235, 6.8117423), (22.998, -2.866817, 6.811098), (23, -2.8686373, 6.81027), (23.002, -2.866817, 6.811098), (23, -2.8649967, 6.8119264), (22.998, -2.8680682, 6.8138475), (23, -2.8698885, 6.8130193), (23.002, -2.8680682, 6.8138475), (23, -2.866248, 6.814676), (22.998, -2.8680682, 6.8138475), (23, -2.8697958, 6.8128395), (23.002, -2.8680682, 6.8138475), (23, -2.8663406, 6.8148556), (22.998, -2.8696146, 6.8164983), (23, -2.8713422, 6.8154902), (23.002, -2.8696146, 6.8164983), (23, -2.867887, 6.8175063), (22.998, -2.8696146, 6.8164983), (23, -2.8712301, 6.815319), (23.002, -2.8696146, 6.8164983), (23, -2.867999, 6.8176775), (22.998, -2.871443, 6.8190036), (23, -2.8730586, 6.8178244), (23.002, -2.871443, 6.8190036), (23, -2.8698275, 6.820183), (22.998, -2.871443, 6.8190036), (23, -2.8729284, 6.817664), (23.002, -2.871443, 6.8190036), (23, -2.8699577, 6.820343), (22.998, -2.8735306, 6.821319), (23, -2.875016, 6.8199797), (23.002, -2.8735306, 6.821319), (23, -2.8720453, 6.8226585), (22.998, -2.8735306, 6.821319), (23, -2.8748698, 6.8198338), (23.002, -2.8735306, 6.821319), (23, -2.8721914, 6.8228045), (22.998, -2.8758466, 6.823407), (23, -2.8771858, 6.821922), (23.002, -2.8758466, 6.823407), (23, -2.8745074, 6.8248925), (22.998, -2.8758466, 6.823407), (23, -2.8770256, 6.8217916), (23.002, -2.8758466, 6.823407), (23, -2.8746676, 6.8250227), (22.998, -2.8783517, 6.8252354), (23, -2.8795307, 6.82362), (23.002, -2.8783517, 6.8252354), (23, -2.8771727, 6.826851), (22.998, -2.8783517, 6.8252354), (23, -2.8793595, 6.823508), (23.002, -2.8783517, 6.8252354), (23, -2.877344, 6.826963), (22.998, -2.8810022, 6.8267817), (23, -2.88201, 6.825054), (23.002, -2.8810022, 6.8267817), (23, -2.8799944, 6.8285093), (22.998, -2.8810022, 6.8267817), (23, -2.8818305, 6.824961), (23.002, -2.8810022, 6.8267817), (23, -2.880174, 6.8286023), (22.998, -2.8837519, 6.828033), (23, -2.8845801, 6.8262124), (23.002, -2.8837519, 6.828033), (23, -2.8829236, 6.8298535), (22.998, -2.8837519, 6.828033), (23, -2.884396, 6.8261395), (23.002, -2.8837519, 6.828033), (23, -2.8831077, 6.8299265), (22.998, -2.886554, 6.828986), (23, -2.8871982, 6.8270926), (23.002, -2.886554, 6.828986), (23, -2.8859098, 6.8308797), (22.998, -2.886554, 6.828986), (23, -2.8870115, 6.8270392), (23.002, -2.886554, 6.828986), (23, -2.8860965, 6.830933), (22.998, -2.8893638, 6.8296466), (23, -2.8898213, 6.8276997), (23.002, -2.8893638, 6.8296466), (23, -2.8889062, 6.8315935), (22.998, -2.8893638, 6.8296466), (23, -2.889636, 6.8276653), (23.002, -2.8893638, 6.8296466), (23, -2.8890915, 6.831628), (22.998, -2.8921409, 6.830028), (23, -2.8924131, 6.828047), (23.002, -2.8921409, 6.830028), (23, -2.8918686, 6.8320093), (22.998, -2.8921409, 6.830028), (23, -2.892231, 6.82803), (23.002, -2.8921409, 6.830028), (23, -2.8920507, 6.832026), (22.998, -2.89485, 6.83015), (23, -2.8949401, 6.828152), (23.002, -2.89485, 6.83015), (23, -2.89476, 6.832148), (22.998, -2.89485, 6.83015), (23, -2.89476, 6.828152), (23.002, -2.89485, 6.83015), (23, -2.8949401, 6.832148), (22.998, -2.8975592, 6.830028), (23, -2.897469, 6.82803), (23.002, -2.8975592, 6.830028), (23, -2.8976493, 6.832026), (22.998, -2.8975592, 6.830028), (23, -2.897287, 6.828047), (23.002, -2.8975592, 6.830028), (23, -2.8978314, 6.8320093), (22.998, -2.9003363, 6.8296466), (23, -2.900064, 6.8276653), (23.002, -2.9003363, 6.8296466), (23, -2.9006085, 6.831628), (22.998, -2.9003363, 6.8296466), (23, -2.8998787, 6.8276997), (23.002, -2.9003363, 6.8296466), (23, -2.9007938, 6.8315935), (22.998, -2.903146, 6.828986), (23, -2.9026885, 6.8270392), (23.002, -2.903146, 6.828986), (23, -2.9036036, 6.830933), (22.998, -2.903146, 6.828986), (23, -2.9025018, 6.8270926), (23.002, -2.903146, 6.828986), (23, -2.9037902, 6.8308797), (22.998, -2.9059482, 6.828033), (23, -2.905304, 6.8261395), (23.002, -2.9059482, 6.828033), (23, -2.9065924, 6.8299265), (22.998, -2.9059482, 6.828033), (23, -2.90512, 6.8262124), (23.002, -2.9059482, 6.828033), (23, -2.9067764, 6.8298535), (22.998, -2.9086978, 6.8267817), (23, -2.9078696, 6.824961), (23.002, -2.9086978, 6.8267817), (23, -2.909526, 6.8286023), (22.998, -2.9086978, 6.8267817), (23, -2.90769, 6.825054), (23.002, -2.9086978, 6.8267817), (23, -2.9097056, 6.8285093), (22.998, -2.9113483, 6.8252354), (23, -2.9103405, 6.823508), (23.002, -2.9113483, 6.8252354), (23, -2.9123561, 6.826963), (22.998, -2.9113483, 6.8252354), (23, -2.9101694, 6.82362), (23.002, -2.9113483, 6.8252354), (23, -2.9125273, 6.826851), (22.998, -2.9138534, 6.823407), (23, -2.9126744, 6.8217916), (23.002, -2.9138534, 6.823407), (23, -2.9150324, 6.8250227), (22.998, -2.9138534, 6.823407), (23, -2.9125142, 6.821922), (23.002, -2.9138534, 6.823407), (23, -2.9151926, 6.8248925), (22.998, -2.9161692, 6.821319), (23, -2.91483, 6.8198338), (23.002, -2.9161692, 6.821319), (23, -2.9175084, 6.8228045), (22.998, -2.9161692, 6.821319), (23, -2.9146838, 6.8199797), (23.002, -2.9161692, 6.821319), (23, -2.9176545, 6.8226585), (22.998, -2.918257, 6.8190036), (23, -2.9167717, 6.817664), (23.002, -2.918257, 6.8190036), (23, -2.9197423, 6.820343), (22.998, -2.918257, 6.8190036), (23, -2.9166415, 6.8178244), (23.002, -2.918257, 6.8190036), (23, -2.9198725, 6.820183), (22.998, -2.9200854, 6.8164983), (23, -2.91847, 6.815319), (23.002, -2.9200854, 6.8164983), (23, -2.921701, 6.8176775), (22.998, -2.9200854, 6.8164983), (23, -2.9183578, 6.8154902), (23.002, -2.9200854, 6.8164983), (23, -2.921813, 6.8175063), (22.998, -2.9216318, 6.8138475), (23, -2.9199042, 6.8128395), (23.002, -2.9216318, 6.8138475), (23, -2.9233594, 6.8148556), (23.002, -2.9216318, 6.8138475), (23, -2.9234521, 6.814676), (22.998, -2.9216318, 6.8138475), (23, -2.9198115, 6.8130193), (23.002, -2.922883, 6.811098), (23, -2.9247034, 6.8119264), (22.998, -2.922883, 6.811098), (23, -2.9210627, 6.81027), (23.002, -2.922883, 6.811098), (23, -2.9247766, 6.8117423), (22.998, -2.922883, 6.811098), (23, -2.9209895, 6.810454), (23.002, -2.9238362, 6.808296), (23, -2.9257298, 6.8089404), (22.998, -2.9238362, 6.808296), (23, -2.9219427, 6.807652), (23.002, -2.9238362, 6.808296), (23, -2.9257832, 6.808754), (22.998, -2.9238362, 6.808296), (23, -2.9218893, 6.8078384), (23.002, -2.9244967, 6.805486), (23, -2.9264436, 6.805944), (22.998, -2.9244967, 6.805486), (23, -2.9225497, 6.8050284), (23.002, -2.9244967, 6.805486), (23, -2.9264781, 6.8057585), (22.998, -2.9244967, 6.805486), (23, -2.9225152, 6.805214), (23.002, -2.9248781, 6.802709), (23, -2.9268596, 6.8029814), (22.998, -2.9248781, 6.802709), (23, -2.9228966, 6.802437), (23.002, -2.9248781, 6.802709), (23, -2.926876, 6.8027987), (22.998, -2.9248781, 6.802709), (23, -2.9228802, 6.8026195), (23.002, -2.925, 6.8), (23, -2.926998, 6.80009), (22.998, -2.925, 6.8), (23, -2.923002, 6.7999105), (24.998, -2.8647, 6.8), (25, -2.866698, 6.7999105), (25.002, -2.8647, 6.8), (25, -2.8627021, 6.80009), (24.998, -2.864822, 6.802709), (25, -2.8668199, 6.8026195), (25.002, -2.864822, 6.802709), (25, -2.862824, 6.8027987), (24.998, -2.864822, 6.802709), (25, -2.8668034, 6.802437), (25.002, -2.864822, 6.802709), (25, -2.8628404, 6.8029814), (24.998, -2.8652034, 6.805486), (25, -2.8671849, 6.805214), (25.002, -2.8652034, 6.805486), (25, -2.863222, 6.8057585), (24.998, -2.8652034, 6.805486), (25, -2.8671503, 6.8050284), (25.002, -2.8652034, 6.805486), (25, -2.8632565, 6.805944), (24.998, -2.8658638, 6.808296), (25, -2.8678107, 6.8078384), (25.002, -2.8658638, 6.808296), (25, -2.8639169, 6.808754), (24.998, -2.8658638, 6.808296), (25, -2.8677573, 6.807652), (25.002, -2.8658638, 6.808296), (25, -2.8639703, 6.8089404), (24.998, -2.866817, 6.811098), (25, -2.8687105, 6.810454), (25.002, -2.866817, 6.811098), (25, -2.8649235, 6.8117423), (24.998, -2.866817, 6.811098), (25, -2.8686373, 6.81027), (25.002, -2.866817, 6.811098), (25, -2.8649967, 6.8119264), (24.998, -2.8680682, 6.8138475), (25, -2.8698885, 6.8130193), (25.002, -2.8680682, 6.8138475), (25, -2.866248, 6.814676), (24.998, -2.8680682, 6.8138475), (25, -2.8697958, 6.8128395), (25.002, -2.8680682, 6.8138475), (25, -2.8663406, 6.8148556), (24.998, -2.8696146, 6.8164983), (25, -2.8713422, 6.8154902), (25.002, -2.8696146, 6.8164983), (25, -2.867887, 6.8175063), (24.998, -2.8696146, 6.8164983), (25, -2.8712301, 6.815319), (25.002, -2.8696146, 6.8164983), (25, -2.867999, 6.8176775), (24.998, -2.871443, 6.8190036), (25, -2.8730586, 6.8178244), (25.002, -2.871443, 6.8190036), (25, -2.8698275, 6.820183), (24.998, -2.871443, 6.8190036), (25, -2.8729284, 6.817664), (25.002, -2.871443, 6.8190036), (25, -2.8699577, 6.820343), (24.998, -2.8735306, 6.821319), (25, -2.875016, 6.8199797), (25.002, -2.8735306, 6.821319), (25, -2.8720453, 6.8226585), (24.998, -2.8735306, 6.821319), (25, -2.8748698, 6.8198338), (25.002, -2.8735306, 6.821319), (25, -2.8721914, 6.8228045), (24.998, -2.8758466, 6.823407), (25, -2.8771858, 6.821922), (25.002, -2.8758466, 6.823407), (25, -2.8745074, 6.8248925), (24.998, -2.8758466, 6.823407), (25, -2.8770256, 6.8217916), (25.002, -2.8758466, 6.823407), (25, -2.8746676, 6.8250227), (24.998, -2.8783517, 6.8252354), (25, -2.8795307, 6.82362), (25.002, -2.8783517, 6.8252354), (25, -2.8771727, 6.826851), (24.998, -2.8783517, 6.8252354), (25, -2.8793595, 6.823508), (25.002, -2.8783517, 6.8252354), (25, -2.877344, 6.826963), (24.998, -2.8810022, 6.8267817), (25, -2.88201, 6.825054), (25.002, -2.8810022, 6.8267817), (25, -2.8799944, 6.8285093), (24.998, -2.8810022, 6.8267817), (25, -2.8818305, 6.824961), (25.002, -2.8810022, 6.8267817), (25, -2.880174, 6.8286023), (24.998, -2.8837519, 6.828033), (25, -2.8845801, 6.8262124), (25.002, -2.8837519, 6.828033), (25, -2.8829236, 6.8298535), (24.998, -2.8837519, 6.828033), (25, -2.884396, 6.8261395), (25.002, -2.8837519, 6.828033), (25, -2.8831077, 6.8299265), (24.998, -2.886554, 6.828986), (25, -2.8871982, 6.8270926), (25.002, -2.886554, 6.828986), (25, -2.8859098, 6.8308797), (24.998, -2.886554, 6.828986), (25, -2.8870115, 6.8270392), (25.002, -2.886554, 6.828986), (25, -2.8860965, 6.830933), (24.998, -2.8893638, 6.8296466), (25, -2.8898213, 6.8276997), (25.002, -2.8893638, 6.8296466), (25, -2.8889062, 6.8315935), (24.998, -2.8893638, 6.8296466), (25, -2.889636, 6.8276653), (25.002, -2.8893638, 6.8296466), (25, -2.8890915, 6.831628), (24.998, -2.8921409, 6.830028), (25, -2.8924131, 6.828047), (25.002, -2.8921409, 6.830028), (25, -2.8918686, 6.8320093), (24.998, -2.8921409, 6.830028), (25, -2.892231, 6.82803), (25.002, -2.8921409, 6.830028), (25, -2.8920507, 6.832026), (24.998, -2.89485, 6.83015), (25, -2.8949401, 6.828152), (25.002, -2.89485, 6.83015), (25, -2.89476, 6.832148), (24.998, -2.89485, 6.83015), (25, -2.89476, 6.828152), (25.002, -2.89485, 6.83015), (25, -2.8949401, 6.832148), (24.998, -2.8975592, 6.830028), (25, -2.897469, 6.82803), (25.002, -2.8975592, 6.830028), (25, -2.8976493, 6.832026), (24.998, -2.8975592, 6.830028), (25, -2.897287, 6.828047), (25.002, -2.8975592, 6.830028), (25, -2.8978314, 6.8320093), (24.998, -2.9003363, 6.8296466), (25, -2.900064, 6.8276653), (25.002, -2.9003363, 6.8296466), (25, -2.9006085, 6.831628), (24.998, -2.9003363, 6.8296466), (25, -2.8998787, 6.8276997), (25.002, -2.9003363, 6.8296466), (25, -2.9007938, 6.8315935), (24.998, -2.903146, 6.828986), (25, -2.9026885, 6.8270392), (25.002, -2.903146, 6.828986), (25, -2.9036036, 6.830933), (24.998, -2.903146, 6.828986), (25, -2.9025018, 6.8270926), (25.002, -2.903146, 6.828986), (25, -2.9037902, 6.8308797), (24.998, -2.9059482, 6.828033), (25, -2.905304, 6.8261395), (25.002, -2.9059482, 6.828033), (25, -2.9065924, 6.8299265), (24.998, -2.9059482, 6.828033), (25, -2.90512, 6.8262124), (25.002, -2.9059482, 6.828033), (25, -2.9067764, 6.8298535), (24.998, -2.9086978, 6.8267817), (25, -2.9078696, 6.824961), (25.002, -2.9086978, 6.8267817), (25, -2.909526, 6.8286023), (24.998, -2.9086978, 6.8267817), (25, -2.90769, 6.825054), (25.002, -2.9086978, 6.8267817), (25, -2.9097056, 6.8285093), (24.998, -2.9113483, 6.8252354), (25, -2.9103405, 6.823508), (25.002, -2.9113483, 6.8252354), (25, -2.9123561, 6.826963), (24.998, -2.9113483, 6.8252354), (25, -2.9101694, 6.82362), (25.002, -2.9113483, 6.8252354), (25, -2.9125273, 6.826851), (24.998, -2.9138534, 6.823407), (25, -2.9126744, 6.8217916), (25.002, -2.9138534, 6.823407), (25, -2.9150324, 6.8250227), (24.998, -2.9138534, 6.823407), (25, -2.9125142, 6.821922), (25.002, -2.9138534, 6.823407), (25, -2.9151926, 6.8248925), (24.998, -2.9161692, 6.821319), (25, -2.91483, 6.8198338), (25.002, -2.9161692, 6.821319), (25, -2.9175084, 6.8228045), (24.998, -2.9161692, 6.821319), (25, -2.9146838, 6.8199797), (25.002, -2.9161692, 6.821319), (25, -2.9176545, 6.8226585), (24.998, -2.918257, 6.8190036), (25, -2.9167717, 6.817664), (25.002, -2.918257, 6.8190036), (25, -2.9197423, 6.820343), (24.998, -2.918257, 6.8190036), (25, -2.9166415, 6.8178244), (25.002, -2.918257, 6.8190036), (25, -2.9198725, 6.820183), (24.998, -2.9200854, 6.8164983), (25, -2.91847, 6.815319), (25.002, -2.9200854, 6.8164983), (25, -2.921701, 6.8176775), (24.998, -2.9200854, 6.8164983), (25, -2.9183578, 6.8154902), (25.002, -2.9200854, 6.8164983), (25, -2.921813, 6.8175063), (24.998, -2.9216318, 6.8138475), (25, -2.9199042, 6.8128395), (25.002, -2.9216318, 6.8138475), (25, -2.9233594, 6.8148556), (25.002, -2.9216318, 6.8138475), (25, -2.9234521, 6.814676), (24.998, -2.9216318, 6.8138475), (25, -2.9198115, 6.8130193), (25.002, -2.922883, 6.811098), (25, -2.9247034, 6.8119264), (24.998, -2.922883, 6.811098), (25, -2.9210627, 6.81027), (25.002, -2.922883, 6.811098), (25, -2.9247766, 6.8117423), (24.998, -2.922883, 6.811098), (25, -2.9209895, 6.810454), (25.002, -2.9238362, 6.808296), (25, -2.9257298, 6.8089404), (24.998, -2.9238362, 6.808296), (25, -2.9219427, 6.807652), (25.002, -2.9238362, 6.808296), (25, -2.9257832, 6.808754), (24.998, -2.9238362, 6.808296), (25, -2.9218893, 6.8078384), (25.002, -2.9244967, 6.805486), (25, -2.9264436, 6.805944), (24.998, -2.9244967, 6.805486), (25, -2.9225497, 6.8050284), (25.002, -2.9244967, 6.805486), (25, -2.9264781, 6.8057585), (24.998, -2.9244967, 6.805486), (25, -2.9225152, 6.805214), (25.002, -2.9248781, 6.802709), (25, -2.9268596, 6.8029814), (24.998, -2.9248781, 6.802709), (25, -2.9228966, 6.802437), (25.002, -2.9248781, 6.802709), (25, -2.926876, 6.8027987), (24.998, -2.9248781, 6.802709), (25, -2.9228802, 6.8026195), (25.002, -2.925, 6.8), (25, -2.926998, 6.80009), (24.998, -2.925, 6.8), (25, -2.923002, 6.7999105)]
        uniform token purpose = "guide"
        uniform token subdivisionScheme = "none"
       }
      }
     }
    }

    over "wall_l1_h_007"
    {
     def Mesh "EdgeDisplay" (
      prepend apiSchemas = ["AecoDerivedGeometryAPI"]
     )
     {
      uniform token aeco:derived:approx = "tessellated"
      rel aeco:derived:from = </demo_datacentre_01/demo_datacentre_01_Site/demo_datacentre_01/L01_Office/wall_l1_h_007/Edges>
      uniform token aeco:derived:role = "wireframe"
      string aeco:derived:source = "51468e7f-5fca-54c5-9547-9c7f5cb51055"
      string aeco:derived:stamp = "aeco-solid 0.1.0 guide display"
      double aeco:derived:tolerance = 0.004
      uniform bool doubleSided = 1
      int[] faceVertexCounts = [4, 4, 4, 4, 4, 4, 4, 4, 4, 4, 4, 4, 4, 4, 4, 4, 4, 4, 4, 4, 4, 4, 4, 4, 4, 4, 4, 4, 4, 4, 4, 4, 4, 4, 4, 4, 4, 4, 4, 4, 4, 4, 4, 4, 4, 4, 4, 4, 4, 4, 4, 4, 4, 4, 4, 4, 4, 4, 4, 4, 4, 4, 4, 4, 4, 4, 4, 4, 4, 4, 4, 4, 4, 4, 4, 4, 4, 4, 4, 4, 4, 4, 4, 4, 4, 4, 4, 4, 4, 4, 4, 4, 4, 4, 4, 4]
      int[] faceVertexIndices = [0, 1, 5, 4, 1, 2, 6, 5, 2, 3, 7, 6, 3, 0, 4, 7, 8, 9, 13, 12, 9, 10, 14, 13, 10, 11, 15, 14, 11, 8, 12, 15, 16, 17, 21, 20, 17, 18, 22, 21, 18, 19, 23, 22, 19, 16, 20, 23, 24, 25, 29, 28, 25, 26, 30, 29, 26, 27, 31, 30, 27, 24, 28, 31, 32, 33, 37, 36, 33, 34, 38, 37, 34, 35, 39, 38, 35, 32, 36, 39, 40, 41, 45, 44, 41, 42, 46, 45, 42, 43, 47, 46, 43, 40, 44, 47, 48, 49, 53, 52, 49, 50, 54, 53, 50, 51, 55, 54, 51, 48, 52, 55, 56, 57, 61, 60, 57, 58, 62, 61, 58, 59, 63, 62, 59, 56, 60, 63, 64, 65, 69, 68, 65, 66, 70, 69, 66, 67, 71, 70, 67, 64, 68, 71, 72, 73, 77, 76, 73, 74, 78, 77, 74, 75, 79, 78, 75, 72, 76, 79, 80, 81, 85, 84, 81, 82, 86, 85, 82, 83, 87, 86, 83, 80, 84, 87, 88, 89, 93, 92, 89, 90, 94, 93, 90, 91, 95, 94, 91, 88, 92, 95, 96, 97, 101, 100, 97, 98, 102, 101, 98, 99, 103, 102, 99, 96, 100, 103, 104, 105, 109, 108, 105, 106, 110, 109, 106, 107, 111, 110, 107, 104, 108, 111, 112, 113, 117, 116, 113, 114, 118, 117, 114, 115, 119, 118, 115, 112, 116, 119, 120, 121, 125, 124, 121, 122, 126, 125, 122, 123, 127, 126, 123, 120, 124, 127, 128, 129, 133, 132, 129, 130, 134, 133, 130, 131, 135, 134, 131, 128, 132, 135, 136, 137, 141, 140, 137, 138, 142, 141, 138, 139, 143, 142, 139, 136, 140, 143, 144, 145, 149, 148, 145, 146, 150, 149, 146, 147, 151, 150, 147, 144, 148, 151, 152, 153, 157, 156, 153, 154, 158, 157, 154, 155, 159, 158, 155, 152, 156, 159, 160, 161, 165, 164, 161, 162, 166, 165, 162, 163, 167, 166, 163, 160, 164, 167, 168, 169, 173, 172, 169, 170, 174, 173, 170, 171, 175, 174, 171, 168, 172, 175, 176, 177, 181, 180, 177, 178, 182, 181, 178, 179, 183, 182, 179, 176, 180, 183, 184, 185, 189, 188, 185, 186, 190, 189, 186, 187, 191, 190, 187, 184, 188, 191]
      point3f[] points = [(4.002, -0.075, 0), (4, -0.075, -0.002), (3.998, -0.075, 0), (4, -0.075, 0.002), (4.002, 0.075, 0), (4, 0.075, -0.002), (3.998, 0.075, 0), (4, 0.075, 0.002), (4, 0.077, 0), (4, 0.075, -0.002), (4, 0.07300001, 0), (4, 0.075, 0.002), (2.45, 0.077, 0), (2.45, 0.075, -0.002), (2.45, 0.07300001, 0), (2.45, 0.075, 0.002), (2.448, 0.075, 0), (2.45, 0.075, -0.002), (2.4520001, 0.075, 0), (2.45, 0.075, 0.002), (2.448, -0.075, 0), (2.45, -0.075, -0.002), (2.4520001, -0.075, 0), (2.45, -0.075, 0.002), (2.45, -0.077, 0), (2.45, -0.075, -0.002), (2.45, -0.07300001, 0), (2.45, -0.075, 0.002), (4, -0.077, 0), (4, -0.075, -0.002), (4, -0.07300001, 0), (4, -0.075, 0.002), (2.4520001, -0.075, 2.1), (2.45, -0.075, 2.0979998), (2.448, -0.075, 2.1), (2.45, -0.075, 2.102), (2.4520001, 0.075, 2.1), (2.45, 0.075, 2.0979998), (2.448, 0.075, 2.1), (2.45, 0.075, 2.102), (2.4520001, 0.075, 2.1), (2.45, 0.07300001, 2.1), (2.448, 0.075, 2.1), (2.45, 0.077, 2.1), (2.4520001, 0.075, 0), (2.45, 0.07300001, 0), (2.448, 0.075, 0), (2.45, 0.077, 0), (2.448, -0.075, 0), (2.45, -0.077, 0), (2.4520001, -0.075, 0), (2.45, -0.07300001, 0), (2.448, -0.075, 2.1), (2.45, -0.077, 2.1), (2.4520001, -0.075, 2.1), (2.45, -0.07300001, 2.1), (1.5519999, -0.075, 2.1), (1.55, -0.075, 2.0979998), (1.548, -0.075, 2.1), (1.55, -0.075, 2.102), (1.5519999, 0.075, 2.1), (1.55, 0.075, 2.0979998), (1.548, 0.075, 2.1), (1.55, 0.075, 2.102), (1.55, 0.07300001, 2.1), (1.55, 0.075, 2.0979998), (1.55, 0.077, 2.1), (1.55, 0.075, 2.102), (2.45, 0.07300001, 2.1), (2.45, 0.075, 2.0979998), (2.45, 0.077, 2.1), (2.45, 0.075, 2.102), (2.45, -0.07300001, 2.1), (2.45, -0.075, 2.0979998), (2.45, -0.077, 2.1), (2.45, -0.075, 2.102), (1.55, -0.07300001, 2.1), (1.55, -0.075, 2.0979998), (1.55, -0.077, 2.1), (1.55, -0.075, 2.102), (1.5519999, -0.075, -2.220446e-16), (1.55, -0.075, -0.002), (1.548, -0.075, -2.220446e-16), (1.55, -0.075, 0.002), (1.5519999, 0.075, -2.220446e-16), (1.55, 0.075, -0.002), (1.548, 0.075, -2.220446e-16), (1.55, 0.075, 0.002), (1.548, 0.075, 0), (1.55, 0.07300001, 0), (1.5519999, 0.075, 0), (1.55, 0.077, 0), (1.548, 0.075, 2.1), (1.55, 0.07300001, 2.1), (1.5519999, 0.075, 2.1), (1.55, 0.077, 2.1), (1.5519999, -0.075, 2.1), (1.55, -0.077, 2.1), (1.548, -0.075, 2.1), (1.55, -0.07300001, 2.1), (1.5519999, -0.075, 0), (1.55, -0.077, 0), (1.548, -0.075, 0), (1.55, -0.07300001, 0), (1.55, 0.077, 0), (1.55, 0.075, -0.002), (1.55, 0.07300001, 0), (1.55, 0.075, 0.002), (0, 0.077, 0), (0, 0.075, -0.002), (0, 0.07300001, 0), (0, 0.075, 0.002), (-0.002, 0.075, 0), (0, 0.075, -0.002), (0.002, 0.075, 0), (0, 0.075, 0.002), (-0.002, -0.075, 0), (0, -0.075, -0.002), (0.002, -0.075, 0), (0, -0.075, 0.002), (0, -0.077, 0), (0, -0.075, -0.002), (0, -0.07300001, 0), (0, -0.075, 0.002), (1.55, -0.077, 0), (1.55, -0.075, -0.002), (1.55, -0.07300001, 0), (1.55, -0.075, 0.002), (-0.002, 0.075, 0), (0, 0.07300001, 0), (0.002, 0.075, 0), (0, 0.077, 0), (-0.002, 0.075, 3), (0, 0.07300001, 3), (0.002, 0.075, 3), (0, 0.077, 3), (-0.002, 0.075, 3), (0, 0.075, 2.998), (0.002, 0.075, 3), (0, 0.075, 3.002), (-0.002, -0.075, 3), (0, -0.075, 2.998), (0.002, -0.075, 3), (0, -0.075, 3.002), (0.002, -0.075, 3), (0, -0.077, 3), (-0.002, -0.075, 3), (0, -0.07300001, 3), (0.002, -0.075, 0), (0, -0.077, 0), (-0.002, -0.075, 0), (0, -0.07300001, 0), (4.002, -0.075, 3), (4, -0.075, 2.998), (3.998, -0.075, 3), (4, -0.075, 3.002), (4.002, 0.075, 3), (4, 0.075, 2.998), (3.998, 0.075, 3), (4, 0.075, 3.002), (4, 0.077, 3), (4, 0.075, 2.998), (4, 0.07300001, 3), (4, 0.075, 3.002), (0, 0.077, 3), (0, 0.075, 2.998), (0, 0.07300001, 3), (0, 0.075, 3.002), (0, -0.077, 3), (0, -0.075, 2.998), (0, -0.07300001, 3), (0, -0.075, 3.002), (4, -0.077, 3), (4, -0.075, 2.998), (4, -0.07300001, 3), (4, -0.075, 3.002), (3.998, 0.075, 0), (4, 0.07300001, 0), (4.002, 0.075, 0), (4, 0.077, 0), (3.998, 0.075, 3), (4, 0.07300001, 3), (4.002, 0.075, 3), (4, 0.077, 3), (4.002, -0.075, 3), (4, -0.077, 3), (3.998, -0.075, 3), (4, -0.07300001, 3), (4.002, -0.075, 0), (4, -0.077, 0), (3.998, -0.075, 0), (4, -0.07300001, 0)]
      uniform token purpose = "guide"
      uniform token subdivisionScheme = "none"
     }
    }
   }
  }
 }
}

