#usda 1.0
(
 customLayerData = {
  string "aeco:layer:package" = "repeat"
  string "aeco:layer:producer" = "hook v0.2.1"
  string "aeco:layer:role" = "analysis"
  string "aeco:layer:source" = "kind/usdaeco-repeat/examples/datacentre/run.py"
  string "aeco:layer:sourceSha256" = "1b931ed764ad3b73341738c7ba6d25433424cd5d02c520927466898467965b11"
  string "aeco:layer:tag" = "v0.2.1"
 }
 defaultPrim = "demo_datacentre_01"
 fallbackPrimTypes = {
  token[] AecoActivity = ["Scope"]
  token[] AecoClashResult = ["Scope"]
  token[] AecoClashTest = ["Scope"]
  token[] AecoFacility = ["Xform"]
  token[] AecoFacilityPart = ["Xform"]
  token[] AecoLevel = ["Xform"]
  token[] AecoMilestone = ["Scope"]
  token[] AecoPort = ["Xform"]
  token[] AecoProgramme = ["Scope"]
  token[] AecoRequirement = ["Scope"]
  token[] AecoSite = ["Xform"]
  token[] AecoSpace = ["Xform"]
  token[] AecoSpecification = ["Scope"]
  token[] AecoSyncDiagnostic = ["Scope"]
  token[] AecoSystem = ["Scope"]
  token[] AecoZone = ["Scope"]
  token[] BrepArray = ["Xform"]
 }
 metersPerUnit = 1
 upAxis = "Z"
)

def Xform "demo_datacentre_01" (
 apiSchemas = ["AecoProjectAPI"]
)
{
 string aeco:project:id = "0c4e53f3-56fb-50d8-a287-1ee80e4e5f1f"
 string aeco:project:name = "demo-datacentre-01"

 def AecoSite "demo_datacentre_01_Site" (
  apiSchemas = ["AecoClassificationAPI:ifc"]
 )
 {
  string aeco:class:ifc:code = "IfcSite"
  string aeco:class:ifc:name = "demo-datacentre-01 Site"
  string aeco:id = "8565d6cd-0479-54e9-87f5-f044966073bc"

  def AecoFacility "demo_datacentre_01" (
   apiSchemas = ["AecoClassificationAPI:ifc"]
  )
  {
   string aeco:class:ifc:code = "IfcBuilding"
   string aeco:class:ifc:name = "demo-datacentre-01"
   string aeco:id = "a9b54027-a170-5ea3-ade1-dec011ba680e"

   def AecoLevel "L01_Office" (
    prepend apiSchemas = ["AecoClassificationAPI:ifc"]
   )
   {
    string aeco:class:ifc:code = "IfcBuildingStorey"
    string aeco:class:ifc:name = "L01 Office"
    double aeco:elevation = 4
    string aeco:id = "05fc4eac-b98d-5d67-81f7-a34191f2ad20"
    custom string aeco:props:DC_Identity:Discipline = "coordination"
    custom string aeco:props:DC_Identity:Id = "lvl.l1"
    custom string aeco:props:Pset_BuildingStoreyCommon:Status = "NEW"
    matrix4d xformOp:transform = ( (1, 0, 0, 0), (0, 1, 0, 0), (0, 0, 1, 0), (0, 0, 4, 1) )
    uniform token[] xformOpOrder = ["xformOp:transform"]

    def AecoSpace "Kitchen_Break" (
     prepend apiSchemas = ["AecoClassificationAPI:ifc"]
    )
    {
     string aeco:class:ifc:code = "IfcSpace"
     string aeco:class:ifc:name = "Kitchen & Break"
     string aeco:id = "02a16cfa-0423-524e-8447-88d1b328b9c6"
     custom string aeco:props:DC_Identity:Discipline = "coordination"
     custom string aeco:props:DC_Identity:Id = "sp.kitchen"
     custom string aeco:props:DC_Space:SpaceType = "kitchen"
     custom bool aeco:props:Pset_SpaceCommon:IsExternal = 0
     custom string aeco:props:Pset_SpaceCommon:Reference = "sp.kitchen"
     custom string aeco:props:Pset_SpaceCommon:Status = "NEW"
     custom double aeco:props:Qto_SpaceBaseQuantities:GrossFloorArea = 20
     custom double aeco:props:Qto_SpaceBaseQuantities:GrossVolume = 60
     custom double aeco:props:Qto_SpaceBaseQuantities:Height = 3
     matrix4d xformOp:transform = ( (1, 0, 0, 0), (0, 1, 0, 0), (0, 0, 1, 0), (0, 0, -4, 1) )
     uniform token[] xformOpOrder = ["xformOp:transform"]

     def Mesh "Extent" (
      prepend apiSchemas = ["AecoDerivedGeometryAPI"]
     )
     {
      uniform token aeco:derived:approx = "tessellated"
      uniform token aeco:derived:role = "extent"
      string aeco:derived:source = "02a16cfa-0423-524e-8447-88d1b328b9c6"
      string aeco:derived:stamp = "ifc2usdaeco (ifcopenshell 0.8.5)"
      uniform bool doubleSided = 1
      float3[] extent = [(-2, -2.5, 0), (2, 2.5, 3)]
      int[] faceVertexCounts = [3, 3, 3, 3, 3, 3, 3, 3, 3, 3, 3, 3]
      int[] faceVertexIndices = [1, 0, 3, 2, 1, 3, 2, 3, 5, 4, 2, 5, 4, 5, 7, 6, 4, 7, 6, 7, 0, 1, 6, 0, 3, 0, 5, 0, 7, 5, 4, 1, 2, 4, 6, 1]
      point3f[] points = [(-2, -2.5, 0), (-2, -2.5, 3), (2, -2.5, 3), (2, -2.5, 0), (2, 2.5, 3), (2, 2.5, 0), (-2, 2.5, 3), (-2, 2.5, 0)]
      color3f[] primvars:displayColor = [(0.65, 0.75, 0.8)]
      uniform token purpose = "guide"
      matrix4d xformOp:transform = ( (1, 0, 0, 0), (0, 1, 0, 0), (0, 0, 1, 0), (28, -5.5, 4, 1) )
      uniform token[] xformOpOrder = ["xformOp:transform"]
     }
    }

    def AecoSpace "Open_Office" (
     prepend apiSchemas = ["AecoClassificationAPI:ifc"]
    )
    {
     string aeco:class:ifc:code = "IfcSpace"
     string aeco:class:ifc:name = "Open Office"
     string aeco:id = "08c1554d-a7cb-5fb1-b834-10b3c55ab8cd"
     custom string aeco:props:DC_Identity:Discipline = "coordination"
     custom string aeco:props:DC_Identity:Id = "sp.office"
     custom string aeco:props:DC_Space:SpaceType = "office"
     custom bool aeco:props:Pset_SpaceCommon:IsExternal = 0
     custom string aeco:props:Pset_SpaceCommon:Reference = "sp.office"
     custom string aeco:props:Pset_SpaceCommon:Status = "NEW"
     custom double aeco:props:Qto_SpaceBaseQuantities:GrossFloorArea = 90
     custom double aeco:props:Qto_SpaceBaseQuantities:GrossVolume = 270
     custom double aeco:props:Qto_SpaceBaseQuantities:Height = 3
     matrix4d xformOp:transform = ( (1, 0, 0, 0), (0, 1, 0, 0), (0, 0, 1, 0), (0, 0, -4, 1) )
     uniform token[] xformOpOrder = ["xformOp:transform"]

     def Mesh "Extent" (
      prepend apiSchemas = ["AecoDerivedGeometryAPI"]
     )
     {
      uniform token aeco:derived:approx = "tessellated"
      uniform token aeco:derived:role = "extent"
      string aeco:derived:source = "08c1554d-a7cb-5fb1-b834-10b3c55ab8cd"
      string aeco:derived:stamp = "ifc2usdaeco (ifcopenshell 0.8.5)"
      uniform bool doubleSided = 1
      float3[] extent = [(-5, -4.5, 0), (5, 4.5, 3)]
      int[] faceVertexCounts = [3, 3, 3, 3, 3, 3, 3, 3, 3, 3, 3, 3]
      int[] faceVertexIndices = [1, 0, 2, 2, 0, 3, 2, 3, 5, 4, 2, 5, 4, 5, 6, 6, 5, 7, 6, 7, 0, 1, 6, 0, 3, 0, 5, 0, 7, 5, 4, 1, 2, 4, 6, 1]
      point3f[] points = [(-5, -4.5, 0), (-5, -4.5, 3), (5, -4.5, 3), (5, -4.5, 0), (5, 4.5, 3), (5, 4.5, 0), (-5, 4.5, 3), (-5, 4.5, 0)]
      color3f[] primvars:displayColor = [(0.65, 0.75, 0.8)]
      uniform token purpose = "guide"
      matrix4d xformOp:transform = ( (1, 0, 0, 0), (0, 1, 0, 0), (0, 0, 1, 0), (17, -7.5, 4, 1) )
      uniform token[] xformOpOrder = ["xformOp:transform"]
     }

     def AecoSpace "Office_ceiling_void" (
      prepend apiSchemas = ["AecoClassificationAPI:ifc"]
     )
     {
      string aeco:class:ifc:code = "IfcSpace"
      string aeco:class:ifc:name = "Office ceiling void"
      string aeco:id = "d656ba04-10f3-5839-acc4-b1421ffb9491"
      custom string aeco:props:DC_Identity:Discipline = "coordination"
      custom string aeco:props:DC_Identity:Id = "sp.void.office"
      custom string aeco:props:DC_Space:SpaceType = "void"
      custom bool aeco:props:Pset_SpaceCommon:IsExternal = 0
      custom string aeco:props:Pset_SpaceCommon:Reference = "sp.void.office"
      custom string aeco:props:Pset_SpaceCommon:Status = "NEW"
      custom double aeco:props:Qto_SpaceBaseQuantities:GrossFloorArea = 90
      custom double aeco:props:Qto_SpaceBaseQuantities:GrossVolume = 36
      custom double aeco:props:Qto_SpaceBaseQuantities:Height = 0.4

      def Mesh "Extent" (
       prepend apiSchemas = ["AecoDerivedGeometryAPI"]
      )
      {
       uniform token aeco:derived:approx = "tessellated"
       uniform token aeco:derived:role = "extent"
       string aeco:derived:source = "d656ba04-10f3-5839-acc4-b1421ffb9491"
       string aeco:derived:stamp = "ifc2usdaeco (ifcopenshell 0.8.5)"
       uniform bool doubleSided = 1
       float3[] extent = [(-5, -4.5, 0), (5, 4.5, 0.4)]
       int[] faceVertexCounts = [3, 3, 3, 3, 3, 3, 3, 3, 3, 3, 3, 3]
       int[] faceVertexIndices = [1, 0, 3, 2, 1, 3, 2, 3, 5, 4, 2, 5, 4, 5, 7, 6, 4, 7, 6, 7, 0, 1, 6, 0, 3, 0, 5, 0, 7, 5, 4, 1, 2, 4, 6, 1]
       point3f[] points = [(-5, -4.5, 0), (-5, -4.5, 0.4), (5, -4.5, 0.4), (5, -4.5, 0), (5, 4.5, 0.4), (5, 4.5, 0), (-5, 4.5, 0.4), (-5, 4.5, 0)]
       color3f[] primvars:displayColor = [(0.65, 0.75, 0.8)]
       uniform token purpose = "guide"
       matrix4d xformOp:transform = ( (1, 0, 0, 0), (0, 1, 0, 0), (0, 0, 1, 0), (17, -7.5, 6.6, 1) )
       uniform token[] xformOpOrder = ["xformOp:transform"]
      }

      def Xform "fcu_office_1" (
       prepend apiSchemas = ["AecoElementAPI", "AecoClassificationAPI:ifc"]
      )
      {
       string aeco:class:ifc:code = "IfcUnitaryEquipment.AIRCONDITIONINGUNIT"
       string aeco:class:ifc:name = "fcu.office.1"
       string aeco:id = "2fe22371-268e-5c7b-8e4c-d6fe6fd52e15"
       uniform token aeco:phase = "proposed"
       custom string aeco:props:DC_Identity:Discipline = "coordination"
       custom string aeco:props:DC_Identity:Id = "fcu.office.1"
       custom string aeco:props:Pset_UnitaryEquipmentTypeCommon:Status = "NEW"
       matrix4d xformOp:transform = ( (1, 0, 0, 0), (0, 1, 0, 0), (0, 0, 1, 0), (19.5, -5.5, 6.7, 1) )
       uniform token[] xformOpOrder = ["xformOp:transform"]

       def Mesh "Geom" (
        prepend apiSchemas = ["AecoDerivedGeometryAPI"]
       )
       {
        uniform token aeco:derived:approx = "tessellated"
        uniform token aeco:derived:role = "body"
        string aeco:derived:source = "2fe22371-268e-5c7b-8e4c-d6fe6fd52e15"
        string aeco:derived:stamp = "ifc2usdaeco (ifcopenshell 0.8.5)"
        uniform bool doubleSided = 1
        float3[] extent = [(-0.5, -0.3, 0), (0.5, 0.3, 0.2)]
        int[] faceVertexCounts = [3, 3, 3, 3, 3, 3, 3, 3, 3, 3, 3, 3]
        int[] faceVertexIndices = [1, 0, 3, 2, 1, 3, 2, 3, 5, 4, 2, 5, 4, 5, 7, 6, 4, 7, 6, 7, 0, 1, 6, 0, 3, 0, 5, 0, 7, 5, 4, 1, 2, 4, 6, 1]
        point3f[] points = [(-0.5, -0.3, 0), (-0.5, -0.3, 0.2), (0.5, -0.3, 0.2), (0.5, -0.3, 0), (0.5, 0.3, 0.2), (0.5, 0.3, 0), (-0.5, 0.3, 0.2), (-0.5, 0.3, 0)]
        color3f[] primvars:displayColor = [(0.72, 0.77, 0.8)]
       }

       def AecoPort "Port"
       {
        prepend rel aeco:connectedPorts = </demo_datacentre_01/demo_datacentre_01_Site/demo_datacentre_01/L01_Office/Office_Corridor_L01/Corridor_ceiling_void/pipe_chw_void_r/Port_bae489>
        uniform token aeco:flowDirection = "bidirectional"
        string aeco:id = "6789d08c-358b-55e7-90f0-fa66bb459472"
        uniform token aeco:medium = "pipe"
        matrix4d xformOp:transform = ( (1, 0, 0, 0), (0, 1, 0, 0), (0, 0, 1, 0), (0.1999999999999993, 0, 0.09999999999999964, 1) )
        uniform token[] xformOpOrder = ["xformOp:transform"]
       }

       def AecoPort "Port_c23220"
       {
        prepend rel aeco:connectedPorts = </demo_datacentre_01/demo_datacentre_01_Site/demo_datacentre_01/L01_Office/Office_Corridor_L01/Corridor_ceiling_void/pipe_chw_void_f/Port>
        uniform token aeco:flowDirection = "bidirectional"
        string aeco:id = "c23220d2-696c-5a48-880d-0e9eacde8bad"
        uniform token aeco:medium = "pipe"
        matrix4d xformOp:transform = ( (1, 0, 0, 0), (0, 1, 0, 0), (0, 0, 1, 0), (0, 0, 0.09999999999999964, 1) )
        uniform token[] xformOpOrder = ["xformOp:transform"]
       }
      }

      def Xform "cnd_void_office_1" (
       prepend apiSchemas = ["AecoElementAPI", "AecoClassificationAPI:ifc", "AecoAxisAPI"]
      )
      {
       double3 aeco:axis:end = (13, -6.5, 14.8)
       double aeco:axis:length = 8
       double3 aeco:axis:start = (13, -6.5, 6.8)
       string aeco:class:ifc:code = "IfcCableCarrierSegment.CONDUITSEGMENT"
       string aeco:class:ifc:name = "cnd.void.office.1"
       string aeco:id = "6f112a2a-4c87-5137-8c68-d0e86d9ff833"
       uniform token aeco:phase = "proposed"
       custom string aeco:props:DC_Identity:Discipline = "coordination"
       custom string aeco:props:DC_Identity:Id = "cnd.void.office.1"
       custom double aeco:props:DC_Section:OutsideDiameter = 0.025
       custom string aeco:props:Pset_CableCarrierSegmentTypeCommon:Status = "NEW"

       def Mesh "Geom" (
        prepend apiSchemas = ["AecoDerivedGeometryAPI"]
       )
       {
        uniform token aeco:derived:approx = "tessellated"
        uniform token aeco:derived:role = "body"
        string aeco:derived:source = "6f112a2a-4c87-5137-8c68-d0e86d9ff833"
        string aeco:derived:stamp = "ifc2usdaeco (ifcopenshell 0.8.5)"
        uniform bool doubleSided = 1
        float3[] extent = [(13, -6.5125, 6.787591), (21, -6.4875, 6.812409)]
        int[] faceVertexCounts = [3, 3, 3, 3, 3, 3, 3, 3, 3, 3, 3, 3, 3, 3, 3, 3, 3, 3, 3, 3, 3, 3, 3, 3, 3, 3, 3, 3, 3, 3, 3, 3, 3, 3, 3, 3, 3, 3, 3, 3, 3, 3, 3, 3, 3, 3, 3, 3, 3, 3, 3, 3, 3, 3, 3, 3, 3, 3, 3, 3, 3, 3, 3, 3, 3, 3, 3, 3, 3, 3, 3, 3, 3, 3, 3, 3, 3, 3, 3, 3, 3, 3, 3, 3, 3, 3, 3, 3, 3, 3, 3, 3, 3, 3, 3, 3, 3, 3, 3, 3]
        int[] faceVertexIndices = [2, 1, 0, 3, 2, 27, 2, 0, 27, 3, 27, 28, 4, 3, 29, 3, 28, 29, 5, 4, 30, 4, 29, 30, 6, 5, 31, 5, 30, 31, 7, 6, 32, 6, 31, 32, 8, 7, 33, 7, 32, 33, 9, 8, 34, 8, 33, 34, 10, 9, 35, 9, 34, 35, 11, 10, 36, 10, 35, 36, 12, 11, 37, 11, 36, 37, 12, 37, 38, 13, 12, 38, 13, 38, 39, 14, 13, 39, 15, 14, 40, 14, 39, 40, 16, 15, 40, 16, 40, 41, 17, 16, 42, 18, 17, 42, 16, 41, 42, 18, 42, 43, 19, 18, 44, 18, 43, 44, 20, 19, 45, 21, 20, 45, 19, 44, 45, 21, 45, 46, 22, 21, 47, 23, 22, 47, 21, 46, 47, 23, 47, 48, 24, 23, 49, 25, 24, 49, 23, 48, 49, 25, 49, 50, 26, 25, 51, 25, 50, 51, 1, 26, 0, 26, 51, 0, 27, 0, 29, 28, 27, 29, 31, 30, 29, 32, 31, 29, 33, 32, 29, 34, 33, 29, 35, 34, 29, 36, 35, 29, 37, 36, 29, 38, 37, 29, 39, 38, 29, 40, 39, 29, 41, 40, 29, 42, 41, 29, 43, 42, 29, 44, 43, 29, 45, 44, 29, 46, 45, 29, 47, 46, 29, 48, 47, 29, 49, 48, 29, 50, 49, 29, 51, 50, 29, 0, 51, 29, 4, 1, 2, 4, 2, 3, 4, 5, 6, 4, 6, 7, 4, 7, 8, 4, 8, 9, 4, 9, 10, 4, 10, 11, 4, 11, 12, 4, 12, 13, 4, 13, 14, 4, 14, 15, 4, 15, 16, 4, 16, 17, 4, 17, 18, 4, 18, 19, 4, 19, 20, 4, 20, 21, 4, 21, 22, 4, 22, 23, 4, 23, 24, 4, 24, 25, 4, 25, 26, 4, 26, 1]
        point3f[] points = [(13, -6.4875, 6.8), (21, -6.4875, 6.8), (21, -6.487863, 6.8029914), (21, -6.4889317, 6.805809), (21, -6.4906435, 6.808289), (21, -6.4928994, 6.8102875), (21, -6.4955673, 6.8116875), (21, -6.498493, 6.812409), (21, -6.501507, 6.812409), (21, -6.5044327, 6.8116875), (21, -6.5071006, 6.8102875), (21, -6.5093565, 6.808289), (21, -6.5110683, 6.805809), (21, -6.512137, 6.8029914), (21, -6.5125, 6.8), (21, -6.512137, 6.7970085), (21, -6.5110683, 6.794191), (21, -6.5093565, 6.791711), (21, -6.5071006, 6.789713), (21, -6.5044327, 6.7883124), (21, -6.501507, 6.787591), (21, -6.498493, 6.787591), (21, -6.4955673, 6.7883124), (21, -6.4928994, 6.789713), (21, -6.4906435, 6.791711), (21, -6.4889317, 6.794191), (21, -6.487863, 6.7970085), (13, -6.487863, 6.8029914), (13, -6.4889317, 6.805809), (13, -6.4906435, 6.808289), (13, -6.4928994, 6.8102875), (13, -6.4955673, 6.8116875), (13, -6.498493, 6.812409), (13, -6.501507, 6.812409), (13, -6.5044327, 6.8116875), (13, -6.5071006, 6.8102875), (13, -6.5093565, 6.808289), (13, -6.5110683, 6.805809), (13, -6.512137, 6.8029914), (13, -6.5125, 6.8), (13, -6.512137, 6.7970085), (13, -6.5110683, 6.794191), (13, -6.5093565, 6.791711), (13, -6.5071006, 6.789713), (13, -6.5044327, 6.7883124), (13, -6.501507, 6.787591), (13, -6.498493, 6.787591), (13, -6.4955673, 6.7883124), (13, -6.4928994, 6.789713), (13, -6.4906435, 6.791711), (13, -6.4889317, 6.794191), (13, -6.487863, 6.7970085)]
        color3f[] primvars:displayColor = [(0.72, 0.77, 0.8)]
       }

       def AecoPort "Port"
       {
        uniform token aeco:flowDirection = "bidirectional"
        string aeco:id = "36426a9f-69cc-5a14-9ecc-bffbddf8917b"
        uniform token aeco:medium = "cableCarrier"
        matrix4d xformOp:transform = ( (1, 0, 0, 0), (0, 1, 0, 0), (0, 0, 1, 0), (13, -6.5, 6.8, 1) )
        uniform token[] xformOpOrder = ["xformOp:transform"]
       }

       def AecoPort "Port_ea2686"
       {
        uniform token aeco:flowDirection = "bidirectional"
        string aeco:id = "ea26867d-6b8d-5180-8a26-300e0418271e"
        uniform token aeco:medium = "cableCarrier"
        matrix4d xformOp:transform = ( (1, 0, 0, 0), (0, 1, 0, 0), (0, 0, 1, 0), (21, -6.5, 6.8, 1) )
        uniform token[] xformOpOrder = ["xformOp:transform"]
       }
      }

      def Xform "cnd_void_office_2" (
       prepend apiSchemas = ["AecoElementAPI", "AecoClassificationAPI:ifc", "AecoAxisAPI"]
      )
      {
       double3 aeco:axis:end = (13, -8.5, 14.8)
       double aeco:axis:length = 8
       double3 aeco:axis:start = (13, -8.5, 6.8)
       string aeco:class:ifc:code = "IfcCableCarrierSegment.CONDUITSEGMENT"
       string aeco:class:ifc:name = "cnd.void.office.2"
       string aeco:id = "81e9ca85-7c2f-5b47-8eac-b89408b7c6bc"
       uniform token aeco:phase = "proposed"
       custom string aeco:props:DC_Identity:Discipline = "coordination"
       custom string aeco:props:DC_Identity:Id = "cnd.void.office.2"
       custom double aeco:props:DC_Section:OutsideDiameter = 0.025
       custom string aeco:props:Pset_CableCarrierSegmentTypeCommon:Status = "NEW"

       def Mesh "Geom" (
        prepend apiSchemas = ["AecoDerivedGeometryAPI"]
       )
       {
        uniform token aeco:derived:approx = "tessellated"
        uniform token aeco:derived:role = "body"
        string aeco:derived:source = "81e9ca85-7c2f-5b47-8eac-b89408b7c6bc"
        string aeco:derived:stamp = "ifc2usdaeco (ifcopenshell 0.8.5)"
        uniform bool doubleSided = 1
        float3[] extent = [(13, -8.5125, 6.787591), (21, -8.4875, 6.812409)]
        int[] faceVertexCounts = [3, 3, 3, 3, 3, 3, 3, 3, 3, 3, 3, 3, 3, 3, 3, 3, 3, 3, 3, 3, 3, 3, 3, 3, 3, 3, 3, 3, 3, 3, 3, 3, 3, 3, 3, 3, 3, 3, 3, 3, 3, 3, 3, 3, 3, 3, 3, 3, 3, 3, 3, 3, 3, 3, 3, 3, 3, 3, 3, 3, 3, 3, 3, 3, 3, 3, 3, 3, 3, 3, 3, 3, 3, 3, 3, 3, 3, 3, 3, 3, 3, 3, 3, 3, 3, 3, 3, 3, 3, 3, 3, 3, 3, 3, 3, 3, 3, 3, 3, 3]
        int[] faceVertexIndices = [2, 1, 0, 3, 2, 27, 2, 0, 27, 3, 27, 28, 4, 3, 29, 3, 28, 29, 5, 4, 30, 4, 29, 30, 6, 5, 31, 5, 30, 31, 7, 6, 32, 6, 31, 32, 8, 7, 33, 7, 32, 33, 9, 8, 34, 8, 33, 34, 10, 9, 35, 9, 34, 35, 11, 10, 36, 10, 35, 36, 12, 11, 37, 11, 36, 37, 12, 37, 38, 13, 12, 38, 13, 38, 39, 14, 13, 39, 15, 14, 40, 14, 39, 40, 16, 15, 40, 16, 40, 41, 17, 16, 42, 18, 17, 42, 16, 41, 42, 18, 42, 43, 19, 18, 44, 18, 43, 44, 20, 19, 45, 21, 20, 45, 19, 44, 45, 21, 45, 46, 22, 21, 47, 23, 22, 47, 21, 46, 47, 23, 47, 48, 24, 23, 49, 25, 24, 49, 23, 48, 49, 25, 49, 50, 26, 25, 51, 25, 50, 51, 1, 26, 0, 26, 51, 0, 27, 0, 29, 28, 27, 29, 31, 30, 29, 32, 31, 29, 33, 32, 29, 34, 33, 29, 35, 34, 29, 36, 35, 29, 37, 36, 29, 38, 37, 29, 39, 38, 29, 40, 39, 29, 41, 40, 29, 42, 41, 29, 43, 42, 29, 44, 43, 29, 45, 44, 29, 46, 45, 29, 47, 46, 29, 48, 47, 29, 49, 48, 29, 50, 49, 29, 51, 50, 29, 0, 51, 29, 4, 1, 2, 4, 2, 3, 4, 5, 6, 4, 6, 7, 4, 7, 8, 4, 8, 9, 4, 9, 10, 4, 10, 11, 4, 11, 12, 4, 12, 13, 4, 13, 14, 4, 14, 15, 4, 15, 16, 4, 16, 17, 4, 17, 18, 4, 18, 19, 4, 19, 20, 4, 20, 21, 4, 21, 22, 4, 22, 23, 4, 23, 24, 4, 24, 25, 4, 25, 26, 4, 26, 1]
        point3f[] points = [(13, -8.4875, 6.8), (21, -8.4875, 6.8), (21, -8.487864, 6.8029914), (21, -8.488932, 6.805809), (21, -8.4906435, 6.808289), (21, -8.492899, 6.8102875), (21, -8.495567, 6.8116875), (21, -8.498493, 6.812409), (21, -8.501507, 6.812409), (21, -8.504433, 6.8116875), (21, -8.507101, 6.8102875), (21, -8.5093565, 6.808289), (21, -8.511068, 6.805809), (21, -8.512136, 6.8029914), (21, -8.5125, 6.8), (21, -8.512136, 6.7970085), (21, -8.511068, 6.794191), (21, -8.5093565, 6.791711), (21, -8.507101, 6.789713), (21, -8.504433, 6.7883124), (21, -8.501507, 6.787591), (21, -8.498493, 6.787591), (21, -8.495567, 6.7883124), (21, -8.492899, 6.789713), (21, -8.4906435, 6.791711), (21, -8.488932, 6.794191), (21, -8.487864, 6.7970085), (13, -8.487864, 6.8029914), (13, -8.488932, 6.805809), (13, -8.4906435, 6.808289), (13, -8.492899, 6.8102875), (13, -8.495567, 6.8116875), (13, -8.498493, 6.812409), (13, -8.501507, 6.812409), (13, -8.504433, 6.8116875), (13, -8.507101, 6.8102875), (13, -8.5093565, 6.808289), (13, -8.511068, 6.805809), (13, -8.512136, 6.8029914), (13, -8.5125, 6.8), (13, -8.512136, 6.7970085), (13, -8.511068, 6.794191), (13, -8.5093565, 6.791711), (13, -8.507101, 6.789713), (13, -8.504433, 6.7883124), (13, -8.501507, 6.787591), (13, -8.498493, 6.787591), (13, -8.495567, 6.7883124), (13, -8.492899, 6.789713), (13, -8.4906435, 6.791711), (13, -8.488932, 6.794191), (13, -8.487864, 6.7970085)]
        color3f[] primvars:displayColor = [(0.72, 0.77, 0.8)]
       }

       def AecoPort "Port"
       {
        uniform token aeco:flowDirection = "bidirectional"
        string aeco:id = "035831ce-f960-5ffc-9f0b-c5e93b050ed5"
        uniform token aeco:medium = "cableCarrier"
        matrix4d xformOp:transform = ( (1, 0, 0, 0), (0, 1, 0, 0), (0, 0, 1, 0), (21, -8.5, 6.8, 1) )
        uniform token[] xformOpOrder = ["xformOp:transform"]
       }

       def AecoPort "Port_d7f5f2"
       {
        uniform token aeco:flowDirection = "bidirectional"
        string aeco:id = "d7f5f2d8-2565-50a7-ad45-a670555e6fc0"
        uniform token aeco:medium = "cableCarrier"
        matrix4d xformOp:transform = ( (1, 0, 0, 0), (0, 1, 0, 0), (0, 0, 1, 0), (13, -8.5, 6.8, 1) )
        uniform token[] xformOpOrder = ["xformOp:transform"]
       }
      }
     }

     def Xform "grl_office_1" (
      prepend apiSchemas = ["AecoElementAPI", "AecoClassificationAPI:ifc"]
     )
     {
      string aeco:class:ifc:code = "IfcAirTerminal.GRILLE"
      string aeco:class:ifc:name = "grl.office.1"
      string aeco:id = "200afa6b-627f-59ac-86ed-4125edf30004"
      uniform token aeco:phase = "proposed"
      custom string aeco:props:DC_Identity:Discipline = "coordination"
      custom string aeco:props:DC_Identity:Id = "grl.office.1"
      custom string aeco:props:Pset_AirTerminalTypeCommon:Status = "NEW"
      matrix4d xformOp:transform = ( (1, 0, 0, 0), (0, 1, 0, 0), (0, 0, 1, 0), (14, -6.5, 6.55, 1) )
      uniform token[] xformOpOrder = ["xformOp:transform"]

      def Mesh "Geom" (
       prepend apiSchemas = ["AecoDerivedGeometryAPI"]
      )
      {
       uniform token aeco:derived:approx = "tessellated"
       uniform token aeco:derived:role = "body"
       string aeco:derived:source = "200afa6b-627f-59ac-86ed-4125edf30004"
       string aeco:derived:stamp = "ifc2usdaeco (ifcopenshell 0.8.5)"
       uniform bool doubleSided = 1
       float3[] extent = [(-0.2, -0.2, 0), (0.2, 0.2, 0.0375)]
       int[] faceVertexCounts = [3, 3, 3, 3, 3, 3, 3, 3, 3, 3, 3, 3]
       int[] faceVertexIndices = [1, 0, 3, 2, 1, 3, 2, 3, 5, 4, 2, 5, 4, 5, 7, 6, 4, 7, 6, 7, 0, 1, 6, 0, 3, 0, 5, 0, 7, 5, 4, 1, 2, 4, 6, 1]
       point3f[] points = [(-0.2, -0.2, 0), (-0.2, -0.2, 0.0375), (0.2, -0.2, 0.0375), (0.2, -0.2, 0), (0.2, 0.2, 0.0375), (0.2, 0.2, 0), (-0.2, 0.2, 0.0375), (-0.2, 0.2, 0)]
       color3f[] primvars:displayColor = [(0.72, 0.77, 0.8)]
      }

      def AecoPort "Port"
      {
       uniform token aeco:flowDirection = "bidirectional"
       string aeco:id = "b83138ff-8b65-513e-86cd-8cadc99f354b"
       uniform token aeco:medium = "duct"
       matrix4d xformOp:transform = ( (1, 0, 0, 0), (0, 1, 0, 0), (0, 0, 1, 0), (0, 0, 0.040000000000000036, 1) )
       uniform token[] xformOpOrder = ["xformOp:transform"]
      }
     }

     def Xform "grl_office_4" (
      prepend apiSchemas = ["AecoElementAPI", "AecoClassificationAPI:ifc"]
     )
     {
      string aeco:class:ifc:code = "IfcAirTerminal.GRILLE"
      string aeco:class:ifc:name = "grl.office.4"
      string aeco:id = "3592dab5-80a1-58a1-931a-10aa42d6c6fd"
      uniform token aeco:phase = "proposed"
      custom string aeco:props:DC_Identity:Discipline = "coordination"
      custom string aeco:props:DC_Identity:Id = "grl.office.4"
      custom string aeco:props:Pset_AirTerminalTypeCommon:Status = "NEW"
      matrix4d xformOp:transform = ( (1, 0, 0, 0), (0, 1, 0, 0), (0, 0, 1, 0), (20, -8.5, 6.55, 1) )
      uniform token[] xformOpOrder = ["xformOp:transform"]

      def Mesh "Geom" (
       prepend apiSchemas = ["AecoDerivedGeometryAPI"]
      )
      {
       uniform token aeco:derived:approx = "tessellated"
       uniform token aeco:derived:role = "body"
       string aeco:derived:source = "3592dab5-80a1-58a1-931a-10aa42d6c6fd"
       string aeco:derived:stamp = "ifc2usdaeco (ifcopenshell 0.8.5)"
       uniform bool doubleSided = 1
       float3[] extent = [(-0.2, -0.2, 0), (0.2, 0.2, 0.0375)]
       int[] faceVertexCounts = [3, 3, 3, 3, 3, 3, 3, 3, 3, 3, 3, 3]
       int[] faceVertexIndices = [1, 0, 3, 2, 1, 3, 2, 3, 5, 4, 2, 5, 4, 5, 7, 6, 4, 7, 6, 7, 0, 1, 6, 0, 3, 0, 5, 0, 7, 5, 4, 1, 2, 4, 6, 1]
       point3f[] points = [(-0.2, -0.2, 0), (-0.2, -0.2, 0.0375), (0.2, -0.2, 0.0375), (0.2, -0.2, 0), (0.2, 0.2, 0.0375), (0.2, 0.2, 0), (-0.2, 0.2, 0.0375), (-0.2, 0.2, 0)]
       color3f[] primvars:displayColor = [(0.72, 0.77, 0.8)]
      }

      def AecoPort "Port"
      {
       uniform token aeco:flowDirection = "bidirectional"
       string aeco:id = "2f273b38-3a57-5131-8be9-3c56a5f4e89f"
       uniform token aeco:medium = "duct"
       matrix4d xformOp:transform = ( (1, 0, 0, 0), (0, 1, 0, 0), (0, 0, 1, 0), (0, 0, 0.040000000000000036, 1) )
       uniform token[] xformOpOrder = ["xformOp:transform"]
      }
     }

     def Xform "grl_office_3" (
      prepend apiSchemas = ["AecoElementAPI", "AecoClassificationAPI:ifc"]
     )
     {
      string aeco:class:ifc:code = "IfcAirTerminal.GRILLE"
      string aeco:class:ifc:name = "grl.office.3"
      string aeco:id = "375f15c5-74dd-5039-849e-3b71530db1d0"
      uniform token aeco:phase = "proposed"
      custom string aeco:props:DC_Identity:Discipline = "coordination"
      custom string aeco:props:DC_Identity:Id = "grl.office.3"
      custom string aeco:props:Pset_AirTerminalTypeCommon:Status = "NEW"
      matrix4d xformOp:transform = ( (1, 0, 0, 0), (0, 1, 0, 0), (0, 0, 1, 0), (14, -8.5, 6.55, 1) )
      uniform token[] xformOpOrder = ["xformOp:transform"]

      def Mesh "Geom" (
       prepend apiSchemas = ["AecoDerivedGeometryAPI"]
      )
      {
       uniform token aeco:derived:approx = "tessellated"
       uniform token aeco:derived:role = "body"
       string aeco:derived:source = "375f15c5-74dd-5039-849e-3b71530db1d0"
       string aeco:derived:stamp = "ifc2usdaeco (ifcopenshell 0.8.5)"
       uniform bool doubleSided = 1
       float3[] extent = [(-0.2, -0.2, 0), (0.2, 0.2, 0.0375)]
       int[] faceVertexCounts = [3, 3, 3, 3, 3, 3, 3, 3, 3, 3, 3, 3]
       int[] faceVertexIndices = [1, 0, 3, 2, 1, 3, 2, 3, 5, 4, 2, 5, 4, 5, 7, 6, 4, 7, 6, 7, 0, 1, 6, 0, 3, 0, 5, 0, 7, 5, 4, 1, 2, 4, 6, 1]
       point3f[] points = [(-0.2, -0.2, 0), (-0.2, -0.2, 0.0375), (0.2, -0.2, 0.0375), (0.2, -0.2, 0), (0.2, 0.2, 0.0375), (0.2, 0.2, 0), (-0.2, 0.2, 0.0375), (-0.2, 0.2, 0)]
       color3f[] primvars:displayColor = [(0.72, 0.77, 0.8)]
      }

      def AecoPort "Port"
      {
       uniform token aeco:flowDirection = "bidirectional"
       string aeco:id = "d41390c1-8f70-5e64-84d0-20295b9b156b"
       uniform token aeco:medium = "duct"
       matrix4d xformOp:transform = ( (1, 0, 0, 0), (0, 1, 0, 0), (0, 0, 1, 0), (0, 0, 0.040000000000000036, 1) )
       uniform token[] xformOpOrder = ["xformOp:transform"]
      }
     }

     def Xform "lum_office_2" (
      prepend apiSchemas = ["AecoElementAPI", "AecoClassificationAPI:ifc"]
     )
     {
      string aeco:class:ifc:code = "IfcLightFixture.POINTSOURCE"
      string aeco:class:ifc:name = "lum.office.2"
      string aeco:id = "5db6b31c-420a-51d0-8087-e08cd3d96828"
      uniform token aeco:phase = "proposed"
      custom string aeco:props:DC_Identity:Discipline = "coordination"
      custom string aeco:props:DC_Identity:Id = "lum.office.2"
      custom string aeco:props:Pset_LightFixtureTypeCommon:Status = "NEW"
      matrix4d xformOp:transform = ( (1, 0, 0, 0), (0, 1, 0, 0), (0, 0, 1, 0), (17, -5, 6.54, 1) )
      uniform token[] xformOpOrder = ["xformOp:transform"]

      def Mesh "Geom" (
       prepend apiSchemas = ["AecoDerivedGeometryAPI"]
      )
      {
       uniform token aeco:derived:approx = "tessellated"
       uniform token aeco:derived:role = "body"
       string aeco:derived:source = "5db6b31c-420a-51d0-8087-e08cd3d96828"
       string aeco:derived:stamp = "ifc2usdaeco (ifcopenshell 0.8.5)"
       uniform bool doubleSided = 1
       float3[] extent = [(-0.3, -0.3, 0), (0.3, 0.3, 0.0475)]
       int[] faceVertexCounts = [3, 3, 3, 3, 3, 3, 3, 3, 3, 3, 3, 3]
       int[] faceVertexIndices = [1, 0, 3, 2, 1, 3, 2, 3, 5, 4, 2, 5, 4, 5, 7, 6, 4, 7, 6, 7, 0, 1, 6, 0, 3, 0, 5, 0, 7, 5, 4, 1, 2, 4, 6, 1]
       point3f[] points = [(-0.3, -0.3, 0), (-0.3, -0.3, 0.0475), (0.3, -0.3, 0.0475), (0.3, -0.3, 0), (0.3, 0.3, 0.0475), (0.3, 0.3, 0), (-0.3, 0.3, 0.0475), (-0.3, 0.3, 0)]
       color3f[] primvars:displayColor = [(0.72, 0.77, 0.8)]
      }

      def AecoPort "Port"
      {
       uniform token aeco:flowDirection = "bidirectional"
       string aeco:id = "a7a901db-f258-5744-8849-e46210233896"
       uniform token aeco:medium = "cable"
       matrix4d xformOp:transform = ( (1, 0, 0, 0), (0, 1, 0, 0), (0, 0, 1, 0), (0, 0, 0.04999999999999982, 1) )
       uniform token[] xformOpOrder = ["xformOp:transform"]
      }
     }

     def Xform "lum_office_1" (
      prepend apiSchemas = ["AecoElementAPI", "AecoClassificationAPI:ifc"]
     )
     {
      string aeco:class:ifc:code = "IfcLightFixture.POINTSOURCE"
      string aeco:class:ifc:name = "lum.office.1"
      string aeco:id = "63ad1f8d-6555-5ff5-be23-79cd82b39dae"
      uniform token aeco:phase = "proposed"
      custom string aeco:props:DC_Identity:Discipline = "coordination"
      custom string aeco:props:DC_Identity:Id = "lum.office.1"
      custom string aeco:props:Pset_LightFixtureTypeCommon:Status = "NEW"
      matrix4d xformOp:transform = ( (1, 0, 0, 0), (0, 1, 0, 0), (0, 0, 1, 0), (14, -5, 6.54, 1) )
      uniform token[] xformOpOrder = ["xformOp:transform"]

      def Mesh "Geom" (
       prepend apiSchemas = ["AecoDerivedGeometryAPI"]
      )
      {
       uniform token aeco:derived:approx = "tessellated"
       uniform token aeco:derived:role = "body"
       string aeco:derived:source = "63ad1f8d-6555-5ff5-be23-79cd82b39dae"
       string aeco:derived:stamp = "ifc2usdaeco (ifcopenshell 0.8.5)"
       uniform bool doubleSided = 1
       float3[] extent = [(-0.3, -0.3, 0), (0.3, 0.3, 0.0475)]
       int[] faceVertexCounts = [3, 3, 3, 3, 3, 3, 3, 3, 3, 3, 3, 3]
       int[] faceVertexIndices = [1, 0, 3, 2, 1, 3, 2, 3, 5, 4, 2, 5, 4, 5, 7, 6, 4, 7, 6, 7, 0, 1, 6, 0, 3, 0, 5, 0, 7, 5, 4, 1, 2, 4, 6, 1]
       point3f[] points = [(-0.3, -0.3, 0), (-0.3, -0.3, 0.0475), (0.3, -0.3, 0.0475), (0.3, -0.3, 0), (0.3, 0.3, 0.0475), (0.3, 0.3, 0), (-0.3, 0.3, 0.0475), (-0.3, 0.3, 0)]
       color3f[] primvars:displayColor = [(0.72, 0.77, 0.8)]
      }

      def AecoPort "Port"
      {
       uniform token aeco:flowDirection = "bidirectional"
       string aeco:id = "5ae03602-7b2e-5eb3-b678-fe13390d7554"
       uniform token aeco:medium = "cable"
       matrix4d xformOp:transform = ( (1, 0, 0, 0), (0, 1, 0, 0), (0, 0, 1, 0), (0, 0, 0.04999999999999982, 1) )
       uniform token[] xformOpOrder = ["xformOp:transform"]
      }
     }

     def Xform "clg_office" (
      prepend apiSchemas = ["AecoElementAPI", "AecoClassificationAPI:ifc"]
     )
     {
      string aeco:class:ifc:code = "IfcCovering.CEILING"
      string aeco:class:ifc:name = "clg.office"
      string aeco:id = "6e39f114-9566-58cd-8ca5-d54269132687"
      uniform token aeco:phase = "proposed"
      custom string aeco:props:DC_Construction:Description = "12.5 mm plasterboard on MF grid; top 2.6 m above L01"
      custom string aeco:props:DC_Identity:Discipline = "coordination"
      custom string aeco:props:DC_Identity:Id = "clg.office"
      custom string aeco:props:Pset_CoveringCommon:Status = "NEW"
      matrix4d xformOp:transform = ( (1, 0, 0, 0), (0, 1, 0, 0), (0, 0, 1, 0), (17, -7.5, 6.5875, 1) )
      uniform token[] xformOpOrder = ["xformOp:transform"]

      def Mesh "Geom" (
       prepend apiSchemas = ["AecoDerivedGeometryAPI"]
      )
      {
       uniform token aeco:derived:approx = "tessellated"
       uniform token aeco:derived:role = "body"
       string aeco:derived:source = "6e39f114-9566-58cd-8ca5-d54269132687"
       string aeco:derived:stamp = "ifc2usdaeco (ifcopenshell 0.8.5)"
       uniform bool doubleSided = 1
       float3[] extent = [(-5, -4.5, 0), (5, 4.5, 0.0125)]
       int[] faceVertexCounts = [3, 3, 3, 3, 3, 3, 3, 3, 3, 3, 3, 3]
       int[] faceVertexIndices = [1, 0, 3, 2, 1, 3, 2, 3, 5, 4, 2, 5, 4, 5, 7, 6, 4, 7, 6, 7, 0, 1, 6, 0, 3, 0, 5, 0, 7, 5, 4, 1, 2, 4, 6, 1]
       point3f[] points = [(-5, -4.5, 0), (-5, -4.5, 0.0125), (5, -4.5, 0.0125), (5, -4.5, 0), (5, 4.5, 0.0125), (5, 4.5, 0), (-5, 4.5, 0.0125), (-5, 4.5, 0)]
       color3f[] primvars:displayColor = [(0.72, 0.77, 0.8)]
      }
     }

     def Xform "grl_office_2" (
      prepend apiSchemas = ["AecoElementAPI", "AecoClassificationAPI:ifc"]
     )
     {
      string aeco:class:ifc:code = "IfcAirTerminal.GRILLE"
      string aeco:class:ifc:name = "grl.office.2"
      string aeco:id = "8c2b777c-50db-5e0f-a278-85413b30c991"
      uniform token aeco:phase = "proposed"
      custom string aeco:props:DC_Identity:Discipline = "coordination"
      custom string aeco:props:DC_Identity:Id = "grl.office.2"
      custom string aeco:props:Pset_AirTerminalTypeCommon:Status = "NEW"
      matrix4d xformOp:transform = ( (1, 0, 0, 0), (0, 1, 0, 0), (0, 0, 1, 0), (20, -6.5, 6.55, 1) )
      uniform token[] xformOpOrder = ["xformOp:transform"]

      def Mesh "Geom" (
       prepend apiSchemas = ["AecoDerivedGeometryAPI"]
      )
      {
       uniform token aeco:derived:approx = "tessellated"
       uniform token aeco:derived:role = "body"
       string aeco:derived:source = "8c2b777c-50db-5e0f-a278-85413b30c991"
       string aeco:derived:stamp = "ifc2usdaeco (ifcopenshell 0.8.5)"
       uniform bool doubleSided = 1
       float3[] extent = [(-0.2, -0.2, 0), (0.2, 0.2, 0.0375)]
       int[] faceVertexCounts = [3, 3, 3, 3, 3, 3, 3, 3, 3, 3, 3, 3]
       int[] faceVertexIndices = [1, 0, 3, 2, 1, 3, 2, 3, 5, 4, 2, 5, 4, 5, 7, 6, 4, 7, 6, 7, 0, 1, 6, 0, 3, 0, 5, 0, 7, 5, 4, 1, 2, 4, 6, 1]
       point3f[] points = [(-0.2, -0.2, 0), (-0.2, -0.2, 0.0375), (0.2, -0.2, 0.0375), (0.2, -0.2, 0), (0.2, 0.2, 0.0375), (0.2, 0.2, 0), (-0.2, 0.2, 0.0375), (-0.2, 0.2, 0)]
       color3f[] primvars:displayColor = [(0.72, 0.77, 0.8)]
      }

      def AecoPort "Port"
      {
       uniform token aeco:flowDirection = "bidirectional"
       string aeco:id = "fe3cc96b-b7a3-5051-83d3-e6d480631ae3"
       uniform token aeco:medium = "duct"
       matrix4d xformOp:transform = ( (1, 0, 0, 0), (0, 1, 0, 0), (0, 0, 1, 0), (0, 0, 0.040000000000000036, 1) )
       uniform token[] xformOpOrder = ["xformOp:transform"]
      }
     }

     def Xform "lum_office_3" (
      prepend apiSchemas = ["AecoElementAPI", "AecoClassificationAPI:ifc"]
     )
     {
      string aeco:class:ifc:code = "IfcLightFixture.POINTSOURCE"
      string aeco:class:ifc:name = "lum.office.3"
      string aeco:id = "9353edbf-0717-5a0b-8ef3-59bcb0ebe324"
      uniform token aeco:phase = "proposed"
      custom string aeco:props:DC_Identity:Discipline = "coordination"
      custom string aeco:props:DC_Identity:Id = "lum.office.3"
      custom string aeco:props:Pset_LightFixtureTypeCommon:Status = "NEW"
      matrix4d xformOp:transform = ( (1, 0, 0, 0), (0, 1, 0, 0), (0, 0, 1, 0), (20, -5, 6.54, 1) )
      uniform token[] xformOpOrder = ["xformOp:transform"]

      def Mesh "Geom" (
       prepend apiSchemas = ["AecoDerivedGeometryAPI"]
      )
      {
       uniform token aeco:derived:approx = "tessellated"
       uniform token aeco:derived:role = "body"
       string aeco:derived:source = "9353edbf-0717-5a0b-8ef3-59bcb0ebe324"
       string aeco:derived:stamp = "ifc2usdaeco (ifcopenshell 0.8.5)"
       uniform bool doubleSided = 1
       float3[] extent = [(-0.3, -0.3, 0), (0.3, 0.3, 0.0475)]
       int[] faceVertexCounts = [3, 3, 3, 3, 3, 3, 3, 3, 3, 3, 3, 3]
       int[] faceVertexIndices = [1, 0, 3, 2, 1, 3, 2, 3, 5, 4, 2, 5, 4, 5, 7, 6, 4, 7, 6, 7, 0, 1, 6, 0, 3, 0, 5, 0, 7, 5, 4, 1, 2, 4, 6, 1]
       point3f[] points = [(-0.3, -0.3, 0), (-0.3, -0.3, 0.0475), (0.3, -0.3, 0.0475), (0.3, -0.3, 0), (0.3, 0.3, 0.0475), (0.3, 0.3, 0), (-0.3, 0.3, 0.0475), (-0.3, 0.3, 0)]
       color3f[] primvars:displayColor = [(0.72, 0.77, 0.8)]
      }

      def AecoPort "Port"
      {
       uniform token aeco:flowDirection = "bidirectional"
       string aeco:id = "21cbc425-ff8c-599a-ad4a-e90acf7c77a0"
       uniform token aeco:medium = "cable"
       matrix4d xformOp:transform = ( (1, 0, 0, 0), (0, 1, 0, 0), (0, 0, 1, 0), (0, 0, 0.04999999999999982, 1) )
       uniform token[] xformOpOrder = ["xformOp:transform"]
      }
     }

     def Xform "lum_office_6" (
      prepend apiSchemas = ["AecoElementAPI", "AecoClassificationAPI:ifc"]
     )
     {
      string aeco:class:ifc:code = "IfcLightFixture.POINTSOURCE"
      string aeco:class:ifc:name = "lum.office.6"
      string aeco:id = "b09c11f2-2de8-5904-9ae7-1802a2a783e2"
      uniform token aeco:phase = "proposed"
      custom string aeco:props:DC_Identity:Discipline = "coordination"
      custom string aeco:props:DC_Identity:Id = "lum.office.6"
      custom string aeco:props:Pset_LightFixtureTypeCommon:Status = "NEW"
      matrix4d xformOp:transform = ( (1, 0, 0, 0), (0, 1, 0, 0), (0, 0, 1, 0), (20, -10, 6.54, 1) )
      uniform token[] xformOpOrder = ["xformOp:transform"]

      def Mesh "Geom" (
       prepend apiSchemas = ["AecoDerivedGeometryAPI"]
      )
      {
       uniform token aeco:derived:approx = "tessellated"
       uniform token aeco:derived:role = "body"
       string aeco:derived:source = "b09c11f2-2de8-5904-9ae7-1802a2a783e2"
       string aeco:derived:stamp = "ifc2usdaeco (ifcopenshell 0.8.5)"
       uniform bool doubleSided = 1
       float3[] extent = [(-0.3, -0.3, 0), (0.3, 0.3, 0.0475)]
       int[] faceVertexCounts = [3, 3, 3, 3, 3, 3, 3, 3, 3, 3, 3, 3]
       int[] faceVertexIndices = [1, 0, 3, 2, 1, 3, 2, 3, 5, 4, 2, 5, 4, 5, 7, 6, 4, 7, 6, 7, 0, 1, 6, 0, 3, 0, 5, 0, 7, 5, 4, 1, 2, 4, 6, 1]
       point3f[] points = [(-0.3, -0.3, 0), (-0.3, -0.3, 0.0475), (0.3, -0.3, 0.0475), (0.3, -0.3, 0), (0.3, 0.3, 0.0475), (0.3, 0.3, 0), (-0.3, 0.3, 0.0475), (-0.3, 0.3, 0)]
       color3f[] primvars:displayColor = [(0.72, 0.77, 0.8)]
      }

      def AecoPort "Port"
      {
       uniform token aeco:flowDirection = "bidirectional"
       string aeco:id = "281b9b7a-e3b2-5879-aaba-17aaa6cbb404"
       uniform token aeco:medium = "cable"
       matrix4d xformOp:transform = ( (1, 0, 0, 0), (0, 1, 0, 0), (0, 0, 1, 0), (0, 0, 0.04999999999999982, 1) )
       uniform token[] xformOpOrder = ["xformOp:transform"]
      }
     }

     def Xform "lum_office_4" (
      prepend apiSchemas = ["AecoElementAPI", "AecoClassificationAPI:ifc"]
     )
     {
      string aeco:class:ifc:code = "IfcLightFixture.POINTSOURCE"
      string aeco:class:ifc:name = "lum.office.4"
      string aeco:id = "b56f1757-5239-5fb4-b0a3-b8eec425b08c"
      uniform token aeco:phase = "proposed"
      custom string aeco:props:DC_Identity:Discipline = "coordination"
      custom string aeco:props:DC_Identity:Id = "lum.office.4"
      custom string aeco:props:Pset_LightFixtureTypeCommon:Status = "NEW"
      matrix4d xformOp:transform = ( (1, 0, 0, 0), (0, 1, 0, 0), (0, 0, 1, 0), (14, -10, 6.54, 1) )
      uniform token[] xformOpOrder = ["xformOp:transform"]

      def Mesh "Geom" (
       prepend apiSchemas = ["AecoDerivedGeometryAPI"]
      )
      {
       uniform token aeco:derived:approx = "tessellated"
       uniform token aeco:derived:role = "body"
       string aeco:derived:source = "b56f1757-5239-5fb4-b0a3-b8eec425b08c"
       string aeco:derived:stamp = "ifc2usdaeco (ifcopenshell 0.8.5)"
       uniform bool doubleSided = 1
       float3[] extent = [(-0.3, -0.3, 0), (0.3, 0.3, 0.0475)]
       int[] faceVertexCounts = [3, 3, 3, 3, 3, 3, 3, 3, 3, 3, 3, 3]
       int[] faceVertexIndices = [1, 0, 3, 2, 1, 3, 2, 3, 5, 4, 2, 5, 4, 5, 7, 6, 4, 7, 6, 7, 0, 1, 6, 0, 3, 0, 5, 0, 7, 5, 4, 1, 2, 4, 6, 1]
       point3f[] points = [(-0.3, -0.3, 0), (-0.3, -0.3, 0.0475), (0.3, -0.3, 0.0475), (0.3, -0.3, 0), (0.3, 0.3, 0.0475), (0.3, 0.3, 0), (-0.3, 0.3, 0.0475), (-0.3, 0.3, 0)]
       color3f[] primvars:displayColor = [(0.72, 0.77, 0.8)]
      }

      def AecoPort "Port"
      {
       uniform token aeco:flowDirection = "bidirectional"
       string aeco:id = "f8c1a946-50a1-511a-8b14-754b9e6fa5d4"
       uniform token aeco:medium = "cable"
       matrix4d xformOp:transform = ( (1, 0, 0, 0), (0, 1, 0, 0), (0, 0, 1, 0), (0, 0, 0.04999999999999982, 1) )
       uniform token[] xformOpOrder = ["xformOp:transform"]
      }
     }

     def Xform "lum_office_5" (
      prepend apiSchemas = ["AecoElementAPI", "AecoClassificationAPI:ifc"]
     )
     {
      string aeco:class:ifc:code = "IfcLightFixture.POINTSOURCE"
      string aeco:class:ifc:name = "lum.office.5"
      string aeco:id = "d8fdb98a-f141-50d7-813c-543c49947890"
      uniform token aeco:phase = "proposed"
      custom string aeco:props:DC_Identity:Discipline = "coordination"
      custom string aeco:props:DC_Identity:Id = "lum.office.5"
      custom string aeco:props:Pset_LightFixtureTypeCommon:Status = "NEW"
      matrix4d xformOp:transform = ( (1, 0, 0, 0), (0, 1, 0, 0), (0, 0, 1, 0), (17, -10, 6.54, 1) )
      uniform token[] xformOpOrder = ["xformOp:transform"]

      def Mesh "Geom" (
       prepend apiSchemas = ["AecoDerivedGeometryAPI"]
      )
      {
       uniform token aeco:derived:approx = "tessellated"
       uniform token aeco:derived:role = "body"
       string aeco:derived:source = "d8fdb98a-f141-50d7-813c-543c49947890"
       string aeco:derived:stamp = "ifc2usdaeco (ifcopenshell 0.8.5)"
       uniform bool doubleSided = 1
       float3[] extent = [(-0.3, -0.3, 0), (0.3, 0.3, 0.0475)]
       int[] faceVertexCounts = [3, 3, 3, 3, 3, 3, 3, 3, 3, 3, 3, 3]
       int[] faceVertexIndices = [1, 0, 3, 2, 1, 3, 2, 3, 5, 4, 2, 5, 4, 5, 7, 6, 4, 7, 6, 7, 0, 1, 6, 0, 3, 0, 5, 0, 7, 5, 4, 1, 2, 4, 6, 1]
       point3f[] points = [(-0.3, -0.3, 0), (-0.3, -0.3, 0.0475), (0.3, -0.3, 0.0475), (0.3, -0.3, 0), (0.3, 0.3, 0.0475), (0.3, 0.3, 0), (-0.3, 0.3, 0.0475), (-0.3, 0.3, 0)]
       color3f[] primvars:displayColor = [(0.72, 0.77, 0.8)]
      }

      def AecoPort "Port"
      {
       uniform token aeco:flowDirection = "bidirectional"
       string aeco:id = "898cd86d-e571-5891-930a-ade320b71b53"
       uniform token aeco:medium = "cable"
       matrix4d xformOp:transform = ( (1, 0, 0, 0), (0, 1, 0, 0), (0, 0, 1, 0), (0, 0, 0.04999999999999982, 1) )
       uniform token[] xformOpOrder = ["xformOp:transform"]
      }
     }
    }

    def AecoSpace "Office_Corridor_L01" (
     prepend apiSchemas = ["AecoClassificationAPI:ifc"]
    )
    {
     string aeco:class:ifc:code = "IfcSpace"
     string aeco:class:ifc:name = "Office Corridor L01"
     string aeco:id = "f455f79e-95a1-53af-b17c-a819532eef3e"
     custom string aeco:props:DC_Identity:Discipline = "coordination"
     custom string aeco:props:DC_Identity:Id = "sp.ocorr.1"
     custom string aeco:props:DC_Space:SpaceType = "corridor"
     custom bool aeco:props:Pset_SpaceCommon:IsExternal = 0
     custom string aeco:props:Pset_SpaceCommon:Reference = "sp.ocorr.1"
     custom string aeco:props:Pset_SpaceCommon:Status = "NEW"
     custom double aeco:props:Qto_SpaceBaseQuantities:GrossFloorArea = 45
     custom double aeco:props:Qto_SpaceBaseQuantities:GrossVolume = 135
     custom double aeco:props:Qto_SpaceBaseQuantities:Height = 3
     matrix4d xformOp:transform = ( (1, 0, 0, 0), (0, 1, 0, 0), (0, 0, 1, 0), (0, 0, -4, 1) )
     uniform token[] xformOpOrder = ["xformOp:transform"]

     def AecoSpace "Corridor_ceiling_void" (
      prepend apiSchemas = ["AecoClassificationAPI:ifc"]
     )
     {
      string aeco:class:ifc:code = "IfcSpace"
      string aeco:class:ifc:name = "Corridor ceiling void"
      string aeco:id = "258abaad-3b13-5c68-b90c-a450390ef159"
      custom string aeco:props:DC_Identity:Discipline = "coordination"
      custom string aeco:props:DC_Identity:Id = "sp.void.ocorr.1"
      custom string aeco:props:DC_Space:SpaceType = "void"
      custom bool aeco:props:Pset_SpaceCommon:IsExternal = 0
      custom string aeco:props:Pset_SpaceCommon:Reference = "sp.void.ocorr.1"
      custom string aeco:props:Pset_SpaceCommon:Status = "NEW"
      custom double aeco:props:Qto_SpaceBaseQuantities:GrossFloorArea = 45
      custom double aeco:props:Qto_SpaceBaseQuantities:GrossVolume = 18
      custom double aeco:props:Qto_SpaceBaseQuantities:Height = 0.4

      def Mesh "Extent" (
       prepend apiSchemas = ["AecoDerivedGeometryAPI"]
      )
      {
       uniform token aeco:derived:approx = "tessellated"
       uniform token aeco:derived:role = "extent"
       string aeco:derived:source = "258abaad-3b13-5c68-b90c-a450390ef159"
       string aeco:derived:stamp = "ifc2usdaeco (ifcopenshell 0.8.5)"
       uniform bool doubleSided = 1
       float3[] extent = [(-7.5, -1.5, 0), (7.5, 1.5, 0.4)]
       int[] faceVertexCounts = [3, 3, 3, 3, 3, 3, 3, 3, 3, 3, 3, 3]
       int[] faceVertexIndices = [1, 0, 3, 2, 1, 3, 2, 3, 5, 4, 2, 5, 4, 5, 7, 6, 4, 7, 6, 7, 0, 1, 6, 0, 3, 0, 5, 0, 7, 5, 4, 1, 2, 4, 6, 1]
       point3f[] points = [(-7.5, -1.5, 0), (-7.5, -1.5, 0.4), (7.5, -1.5, 0.4), (7.5, -1.5, 0), (7.5, 1.5, 0.4), (7.5, 1.5, 0), (-7.5, 1.5, 0.4), (-7.5, 1.5, 0)]
       color3f[] primvars:displayColor = [(0.65, 0.75, 0.8)]
       uniform token purpose = "guide"
       matrix4d xformOp:transform = ( (1, 0, 0, 0), (0, 1, 0, 0), (0, 0, 1, 0), (22.5, -1.5, 6.6, 1) )
       uniform token[] xformOpOrder = ["xformOp:transform"]
      }

      def Xform "tray_void_ocorr_1" (
       prepend apiSchemas = ["AecoElementAPI", "AecoClassificationAPI:ifc", "AecoAxisAPI"]
      )
      {
       double3 aeco:axis:end = (16, -1.5, 19.8)
       double aeco:axis:length = 13
       double3 aeco:axis:start = (16, -1.5, 6.8)
       string aeco:class:ifc:code = "IfcCableCarrierSegment.CABLETRAYSEGMENT"
       string aeco:class:ifc:name = "tray.void.ocorr.1"
       string aeco:id = "2df12127-2bce-58a4-b767-5f0747057b63"
       uniform token aeco:phase = "proposed"
       custom string aeco:props:DC_Identity:Discipline = "coordination"
       custom string aeco:props:DC_Identity:Id = "tray.void.ocorr.1"
       custom string aeco:props:Pset_CableCarrierSegmentTypeCommon:Status = "NEW"

       def Mesh "Geom" (
        prepend apiSchemas = ["AecoDerivedGeometryAPI"]
       )
       {
        double aeco:body:tolerance = 0 (
         aecoDerived = true
        )
        uniform token aeco:derived:approx = "tessellated"
        uniform token aeco:derived:role = "body"
        string aeco:derived:source = "2df12127-2bce-58a4-b767-5f0747057b63"
        string aeco:derived:stamp = "ifc2usdaeco (ifcopenshell 0.8.5)"
        double aeco:derived:tolerance = 0 (
         aecoDerived = true
        )
        uniform bool doubleSided = 1
        float3[] extent = [(16, -1.65, 6.75), (29, -1.35, 6.85)]
        int[] faceVertexCounts = [3, 3, 3, 3, 3, 3, 3, 3, 3, 3, 3, 3]
        int[] faceVertexIndices = [1, 0, 3, 2, 1, 3, 4, 2, 3, 4, 3, 5, 4, 5, 7, 6, 4, 7, 1, 6, 7, 1, 7, 0, 3, 0, 5, 0, 7, 5, 4, 1, 2, 4, 6, 1]
        point3f[] points = [(16, -1.65, 6.75), (29, -1.65, 6.75), (29, -1.35, 6.75), (16, -1.35, 6.75), (29, -1.35, 6.85), (16, -1.35, 6.85), (29, -1.65, 6.85), (16, -1.65, 6.85)]
        color3f[] primvars:displayColor = [(0.72, 0.77, 0.8)]
       }

       def AecoPort "Port"
       {
        uniform token aeco:flowDirection = "bidirectional"
        string aeco:id = "382816c1-e67e-5545-9f05-ede457391586"
        uniform token aeco:medium = "cableCarrier"
        matrix4d xformOp:transform = ( (1, 0, 0, 0), (0, 1, 0, 0), (0, 0, 1, 0), (16, -1.5, 6.8, 1) )
        uniform token[] xformOpOrder = ["xformOp:transform"]
       }

       def AecoPort "Port_9db3fa"
       {
        uniform token aeco:flowDirection = "bidirectional"
        string aeco:id = "9db3fa17-fcaa-5859-a6ae-ea626fa463fc"
        uniform token aeco:medium = "cableCarrier"
        matrix4d xformOp:transform = ( (1, 0, 0, 0), (0, 1, 0, 0), (0, 0, 1, 0), (29, -1.5, 6.8, 1) )
        uniform token[] xformOpOrder = ["xformOp:transform"]
       }
      }

      def Xform "pipe_chw_void_f" (
       prepend apiSchemas = ["AecoElementAPI", "AecoClassificationAPI:ifc", "AecoAxisAPI"]
      )
      {
       double3 aeco:axis:end = (28, -1.9, 6.8)
       double aeco:axis:length = 3.8
       double3 aeco:axis:start = (28, -1.9, 3)
       string aeco:class:ifc:code = "IfcPipeSegment.RIGIDSEGMENT"
       string aeco:class:ifc:name = "pipe.chw.void.f"
       string aeco:id = "e230a24f-4b3f-503b-a65d-4641640e8b5a"
       uniform token aeco:phase = "proposed"
       custom string aeco:props:DC_Identity:Discipline = "coordination"
       custom string aeco:props:DC_Identity:Id = "pipe.chw.void.f"
       custom double aeco:props:DC_Section:NominalDiameter = 0.05
       custom double aeco:props:DC_Section:OutsideDiameter = 0.0603
       custom string aeco:props:Pset_PipeSegmentTypeCommon:Status = "NEW"

       def Mesh "Geom" (
        prepend apiSchemas = ["AecoDerivedGeometryAPI"]
       )
       {
        uniform token aeco:derived:approx = "tessellated"
        uniform token aeco:derived:role = "body"
        string aeco:derived:source = "e230a24f-4b3f-503b-a65d-4641640e8b5a"
        string aeco:derived:stamp = "ifc2usdaeco (ifcopenshell 0.8.5)"
        uniform bool doubleSided = 1
        float3[] extent = [(19.46985, -5.5, 3), (28.02993, -1.86985, 6.8299303)]
        int[] faceVertexCounts = [3, 3, 3, 3, 3, 3, 3, 3, 3, 3, 3, 3, 3, 3, 3, 3, 3, 3, 3, 3, 3, 3, 3, 3, 3, 3, 3, 3, 3, 3, 3, 3, 3, 3, 3, 3, 3, 3, 3, 3, 3, 3, 3, 3, 3, 3, 3, 3, 3, 3, 3, 3, 3, 3, 3, 3, 3, 3, 3, 3, 3, 3, 3, 3, 3, 3, 3, 3, 3, 3, 3, 3, 3, 3, 3, 3, 3, 3, 3, 3, 3, 3, 3, 3, 3, 3, 3, 3, 3, 3, 3, 3, 3, 3, 3, 3, 3, 3, 3, 3, 3, 3, 3, 3, 3, 3, 3, 3, 3, 3, 3, 3, 3, 3, 3, 3, 3, 3, 3, 3, 3, 3, 3, 3, 3, 3, 3, 3, 3, 3, 3, 3, 3, 3, 3, 3, 3, 3, 3, 3, 3, 3, 3, 3, 3, 3, 3, 3, 3, 3, 3, 3, 3, 3, 3, 3, 3, 3, 3, 3, 3, 3, 3, 3, 3, 3, 3, 3, 3, 3, 3, 3, 3, 3, 3, 3, 3, 3, 3, 3, 3, 3, 3, 3, 3, 3, 3, 3, 3, 3, 3, 3, 3, 3, 3, 3, 3, 3, 3, 3, 3, 3, 3, 3, 3, 3, 3, 3, 3, 3, 3, 3, 3, 3, 3, 3, 3, 3, 3, 3, 3, 3, 3, 3, 3, 3, 3, 3, 3, 3, 3, 3, 3, 3, 3, 3, 3, 3, 3, 3, 3, 3, 3, 3, 3, 3, 3, 3, 3, 3, 3, 3, 3, 3, 3, 3, 3, 3, 3, 3, 3, 3, 3, 3, 3, 3, 3, 3, 3, 3, 3, 3, 3, 3, 3, 3, 3, 3, 3, 3, 3, 3, 3, 3, 3, 3, 3, 3, 3, 3, 3, 3, 3, 3, 3, 3, 3, 3, 3, 3]
        int[] faceVertexIndices = [1, 0, 27, 2, 1, 27, 3, 2, 28, 2, 27, 28, 4, 3, 29, 3, 28, 29, 5, 4, 30, 4, 29, 30, 6, 5, 31, 5, 30, 31, 7, 6, 32, 8, 7, 32, 6, 31, 32, 9, 8, 33, 8, 32, 33, 9, 33, 34, 10, 9, 35, 9, 34, 35, 11, 10, 36, 10, 35, 36, 12, 11, 37, 11, 36, 37, 12, 37, 38, 13, 12, 38, 13, 38, 39, 14, 13, 39, 15, 14, 40, 14, 39, 40, 16, 15, 41, 15, 40, 41, 17, 16, 42, 18, 17, 42, 16, 41, 42, 18, 42, 43, 19, 18, 44, 18, 43, 44, 20, 19, 45, 19, 44, 45, 21, 20, 46, 22, 21, 46, 20, 45, 46, 22, 46, 47, 23, 22, 48, 22, 47, 48, 24, 23, 49, 25, 24, 49, 23, 48, 49, 26, 25, 50, 25, 49, 50, 1, 26, 51, 26, 50, 51, 1, 51, 0, 27, 0, 29, 28, 27, 29, 31, 30, 29, 32, 31, 29, 33, 32, 29, 34, 33, 29, 35, 34, 29, 36, 35, 29, 37, 36, 29, 38, 37, 29, 39, 38, 29, 40, 39, 29, 41, 40, 29, 42, 41, 29, 43, 42, 29, 44, 43, 29, 45, 44, 29, 46, 45, 29, 47, 46, 29, 48, 47, 29, 49, 48, 29, 50, 49, 29, 51, 50, 29, 0, 51, 29, 4, 1, 2, 4, 2, 3, 4, 5, 6, 4, 6, 7, 4, 7, 8, 4, 8, 9, 4, 9, 10, 4, 10, 11, 4, 11, 12, 4, 12, 13, 4, 13, 14, 4, 14, 15, 4, 15, 16, 4, 16, 17, 4, 17, 18, 4, 18, 19, 4, 19, 20, 4, 20, 21, 4, 21, 22, 4, 22, 23, 4, 23, 24, 4, 24, 25, 4, 25, 26, 4, 26, 1, 53, 52, 79, 54, 53, 79, 55, 54, 80, 56, 55, 80, 54, 79, 80, 57, 56, 81, 56, 80, 81, 57, 81, 82, 58, 57, 83, 57, 82, 83, 59, 58, 84, 58, 83, 84, 60, 59, 85, 59, 84, 85, 61, 60, 86, 60, 85, 86, 62, 61, 87, 61, 86, 87, 63, 62, 88, 62, 87, 88, 64, 63, 89, 63, 88, 89, 64, 89, 90, 65, 64, 90, 66, 65, 90, 66, 90, 91, 67, 66, 91, 67, 91, 92, 67, 92, 93, 68, 67, 93, 69, 68, 94, 68, 93, 94, 70, 69, 95, 69, 94, 95, 71, 70, 96, 72, 71, 96, 70, 95, 96, 72, 96, 97, 73, 72, 98, 72, 97, 98, 74, 73, 99, 75, 74, 99, 73, 98, 99, 75, 99, 100, 76, 75, 101, 75, 100, 101, 77, 76, 102, 76, 101, 102, 78, 77, 103, 77, 102, 103, 53, 78, 52, 78, 103, 52, 79, 52, 81, 80, 79, 81, 83, 82, 81, 84, 83, 81, 85, 84, 81, 86, 85, 81, 87, 86, 81, 88, 87, 81, 89, 88, 81, 90, 89, 81, 91, 90, 81, 92, 91, 81, 93, 92, 81, 94, 93, 81, 95, 94, 81, 96, 95, 81, 97, 96, 81, 98, 97, 81, 99, 98, 81, 100, 99, 81, 101, 100, 81, 102, 101, 81, 103, 102, 81, 52, 103, 81, 56, 53, 54, 56, 54, 55, 56, 57, 58, 56, 58, 59, 56, 59, 60, 56, 60, 61, 56, 61, 62, 56, 62, 63, 56, 63, 64, 56, 64, 65, 56, 65, 66, 56, 66, 67, 56, 67, 68, 56, 68, 69, 56, 69, 70, 56, 70, 71, 56, 71, 72, 56, 72, 73, 56, 73, 74, 56, 74, 75, 56, 75, 76, 56, 76, 77, 56, 77, 78, 56, 78, 53, 105, 104, 131, 106, 105, 131, 107, 106, 132, 106, 131, 132, 108, 107, 133, 107, 132, 133, 109, 108, 134, 108, 133, 134, 110, 109, 135, 109, 134, 135, 111, 110, 136, 110, 135, 136, 112, 111, 137, 111, 136, 137, 113, 112, 138, 114, 113, 138, 112, 137, 138, 115, 114, 139, 114, 138, 139, 115, 139, 140, 115, 140, 141, 116, 115, 141, 116, 141, 142, 117, 116, 142, 117, 142, 143, 118, 117, 143, 119, 118, 143, 119, 143, 144, 120, 119, 145, 121, 120, 145, 119, 144, 145, 122, 121, 146, 121, 145, 146, 122, 146, 147, 123, 122, 148, 122, 147, 148, 124, 123, 149, 125, 124, 149, 123, 148, 149, 125, 149, 150, 126, 125, 151, 125, 150, 151, 127, 126, 152, 126, 151, 152, 128, 127, 153, 129, 128, 153, 127, 152, 153, 130, 129, 154, 129, 153, 154, 105, 130, 155, 130, 154, 155, 105, 155, 104, 131, 104, 133, 132, 131, 133, 135, 134, 133, 136, 135, 133, 137, 136, 133, 138, 137, 133, 139, 138, 133, 140, 139, 133, 141, 140, 133, 142, 141, 133, 143, 142, 133, 144, 143, 133, 145, 144, 133, 146, 145, 133, 147, 146, 133, 148, 147, 133, 149, 148, 133, 150, 149, 133, 151, 150, 133, 152, 151, 133, 153, 152, 133, 154, 153, 133, 155, 154, 133, 104, 155, 133, 108, 105, 106, 108, 106, 107, 108, 109, 110, 108, 110, 111, 108, 111, 112, 108, 112, 113, 108, 113, 114, 108, 114, 115, 108, 115, 116, 108, 116, 117, 108, 117, 118, 108, 118, 119, 108, 119, 120, 108, 120, 121, 108, 121, 122, 108, 122, 123, 108, 123, 124, 108, 124, 125, 108, 125, 126, 108, 126, 127, 108, 127, 128, 108, 128, 129, 108, 129, 130, 108, 130, 105]
        point3f[] points = [(28, -1.93015, 3), (28, -1.93015, 6.8), (28.007215, -1.9292738, 6.8), (28.014011, -1.9266965, 6.8), (28.019993, -1.9225676, 6.8), (28.024813, -1.9171271, 6.8), (28.02819, -1.9106914, 6.8), (28.02993, -1.9036342, 6.8), (28.02993, -1.8963658, 6.8), (28.02819, -1.8893087, 6.8), (28.024813, -1.8828728, 6.8), (28.019993, -1.8774323, 6.8), (28.014011, -1.8733035, 6.8), (28.007215, -1.8707261, 6.8), (28, -1.86985, 6.8), (27.992785, -1.8707261, 6.8), (27.985989, -1.8733035, 6.8), (27.980007, -1.8774323, 6.8), (27.975187, -1.8828728, 6.8), (27.97181, -1.8893087, 6.8), (27.97007, -1.8963658, 6.8), (27.97007, -1.9036342, 6.8), (27.97181, -1.9106914, 6.8), (27.975187, -1.9171271, 6.8), (27.980007, -1.9225676, 6.8), (27.985989, -1.9266965, 6.8), (27.992785, -1.9292738, 6.8), (28.007215, -1.9292738, 3), (28.014011, -1.9266965, 3), (28.019993, -1.9225676, 3), (28.024813, -1.9171271, 3), (28.02819, -1.9106914, 3), (28.02993, -1.9036342, 3), (28.02993, -1.8963658, 3), (28.02819, -1.8893087, 3), (28.024813, -1.8828728, 3), (28.019993, -1.8774323, 3), (28.014011, -1.8733035, 3), (28.007215, -1.8707261, 3), (28, -1.86985, 3), (27.992785, -1.8707261, 3), (27.985989, -1.8733035, 3), (27.980007, -1.8774323, 3), (27.975187, -1.8828728, 3), (27.97181, -1.8893087, 3), (27.97007, -1.8963658, 3), (27.97007, -1.9036342, 3), (27.97181, -1.9106914, 3), (27.975187, -1.9171271, 3), (27.980007, -1.9225676, 3), (27.985989, -1.9266965, 3), (27.992785, -1.9292738, 3), (28, -1.93015, 6.8), (19.5, -1.93015, 6.8), (19.5, -1.9292738, 6.807215), (19.5, -1.9266965, 6.8140116), (19.5, -1.9225676, 6.819993), (19.5, -1.9171271, 6.824813), (19.5, -1.9106914, 6.828191), (19.5, -1.9036342, 6.8299303), (19.5, -1.8963658, 6.8299303), (19.5, -1.8893087, 6.828191), (19.5, -1.8828728, 6.824813), (19.5, -1.8774323, 6.819993), (19.5, -1.8733035, 6.8140116), (19.5, -1.8707261, 6.807215), (19.5, -1.86985, 6.8), (19.5, -1.8707261, 6.7927847), (19.5, -1.8733035, 6.785989), (19.5, -1.8774323, 6.780007), (19.5, -1.8828728, 6.775187), (19.5, -1.8893087, 6.771809), (19.5, -1.8963658, 6.7700696), (19.5, -1.9036342, 6.7700696), (19.5, -1.9106914, 6.771809), (19.5, -1.9171271, 6.775187), (19.5, -1.9225676, 6.780007), (19.5, -1.9266965, 6.785989), (19.5, -1.9292738, 6.7927847), (28, -1.9292738, 6.807215), (28, -1.9266965, 6.8140116), (28, -1.9225676, 6.819993), (28, -1.9171271, 6.824813), (28, -1.9106914, 6.828191), (28, -1.9036342, 6.8299303), (28, -1.8963658, 6.8299303), (28, -1.8893087, 6.828191), (28, -1.8828728, 6.824813), (28, -1.8774323, 6.819993), (28, -1.8733035, 6.8140116), (28, -1.8707261, 6.807215), (28, -1.86985, 6.8), (28, -1.8707261, 6.7927847), (28, -1.8733035, 6.785989), (28, -1.8774323, 6.780007), (28, -1.8828728, 6.775187), (28, -1.8893087, 6.771809), (28, -1.8963658, 6.7700696), (28, -1.9036342, 6.7700696), (28, -1.9106914, 6.771809), (28, -1.9171271, 6.775187), (28, -1.9225676, 6.780007), (28, -1.9266965, 6.785989), (28, -1.9292738, 6.7927847), (19.53015, -1.9, 6.8), (19.53015, -5.5, 6.8), (19.529274, -5.5, 6.807215), (19.526697, -5.5, 6.8140116), (19.522568, -5.5, 6.819993), (19.517128, -5.5, 6.824813), (19.51069, -5.5, 6.828191), (19.503633, -5.5, 6.8299303), (19.496367, -5.5, 6.8299303), (19.48931, -5.5, 6.828191), (19.482872, -5.5, 6.824813), (19.477432, -5.5, 6.819993), (19.473303, -5.5, 6.8140116), (19.470726, -5.5, 6.807215), (19.46985, -5.5, 6.8), (19.470726, -5.5, 6.7927847), (19.473303, -5.5, 6.785989), (19.477432, -5.5, 6.780007), (19.482872, -5.5, 6.775187), (19.48931, -5.5, 6.771809), (19.496367, -5.5, 6.7700696), (19.503633, -5.5, 6.7700696), (19.51069, -5.5, 6.771809), (19.517128, -5.5, 6.775187), (19.522568, -5.5, 6.780007), (19.526697, -5.5, 6.785989), (19.529274, -5.5, 6.7927847), (19.529274, -1.9, 6.807215), (19.526697, -1.9, 6.8140116), (19.522568, -1.9, 6.819993), (19.517128, -1.9, 6.824813), (19.51069, -1.9, 6.828191), (19.503633, -1.9, 6.8299303), (19.496367, -1.9, 6.8299303), (19.48931, -1.9, 6.828191), (19.482872, -1.9, 6.824813), (19.477432, -1.9, 6.819993), (19.473303, -1.9, 6.8140116), (19.470726, -1.9, 6.807215), (19.46985, -1.9, 6.8), (19.470726, -1.9, 6.7927847), (19.473303, -1.9, 6.785989), (19.477432, -1.9, 6.780007), (19.482872, -1.9, 6.775187), (19.48931, -1.9, 6.771809), (19.496367, -1.9, 6.7700696), (19.503633, -1.9, 6.7700696), (19.51069, -1.9, 6.771809), (19.517128, -1.9, 6.775187), (19.522568, -1.9, 6.780007), (19.526697, -1.9, 6.785989), (19.529274, -1.9, 6.7927847)]
        color3f[] primvars:displayColor = [(0.72, 0.77, 0.8)]
       }

       def AecoPort "Port"
       {
        prepend rel aeco:connectedPorts = </demo_datacentre_01/demo_datacentre_01_Site/demo_datacentre_01/L01_Office/Open_Office/Office_ceiling_void/fcu_office_1/Port_c23220>
        uniform token aeco:flowDirection = "bidirectional"
        string aeco:id = "2c768adc-c423-5bf0-8e41-edd49eb2f31c"
        uniform token aeco:medium = "pipe"
        matrix4d xformOp:transform = ( (1, 0, 0, 0), (0, 1, 0, 0), (0, 0, 1, 0), (19.5, -5.5, 6.8, 1) )
        uniform token[] xformOpOrder = ["xformOp:transform"]
       }

       def AecoPort "Port_334aaa"
       {
        uniform token aeco:flowDirection = "bidirectional"
        string aeco:id = "334aaa38-65a1-5ecc-bd4c-930a0d97b398"
        uniform token aeco:medium = "pipe"
        matrix4d xformOp:transform = ( (1, 0, 0, 0), (0, 1, 0, 0), (0, 0, 1, 0), (28, -1.9, 3, 1) )
        uniform token[] xformOpOrder = ["xformOp:transform"]
       }
      }

      def Xform "pipe_chw_void_r" (
       prepend apiSchemas = ["AecoElementAPI", "AecoClassificationAPI:ifc", "AecoAxisAPI"]
      )
      {
       double3 aeco:axis:end = (28, -2.15, 6.8)
       double aeco:axis:length = 3.8
       double3 aeco:axis:start = (28, -2.15, 3)
       string aeco:class:ifc:code = "IfcPipeSegment.RIGIDSEGMENT"
       string aeco:class:ifc:name = "pipe.chw.void.r"
       string aeco:id = "f197c006-1d48-5d32-9aab-55f6e27f7a11"
       uniform token aeco:phase = "proposed"
       custom string aeco:props:DC_Identity:Discipline = "coordination"
       custom string aeco:props:DC_Identity:Id = "pipe.chw.void.r"
       custom double aeco:props:DC_Section:NominalDiameter = 0.05
       custom double aeco:props:DC_Section:OutsideDiameter = 0.0603
       custom string aeco:props:Pset_PipeSegmentTypeCommon:Status = "NEW"

       def Mesh "Geom" (
        prepend apiSchemas = ["AecoDerivedGeometryAPI"]
       )
       {
        uniform token aeco:derived:approx = "tessellated"
        uniform token aeco:derived:role = "body"
        string aeco:derived:source = "f197c006-1d48-5d32-9aab-55f6e27f7a11"
        string aeco:derived:stamp = "ifc2usdaeco (ifcopenshell 0.8.5)"
        uniform bool doubleSided = 1
        float3[] extent = [(19.66985, -5.5, 3), (28.02993, -2.11985, 6.8299303)]
        int[] faceVertexCounts = [3, 3, 3, 3, 3, 3, 3, 3, 3, 3, 3, 3, 3, 3, 3, 3, 3, 3, 3, 3, 3, 3, 3, 3, 3, 3, 3, 3, 3, 3, 3, 3, 3, 3, 3, 3, 3, 3, 3, 3, 3, 3, 3, 3, 3, 3, 3, 3, 3, 3, 3, 3, 3, 3, 3, 3, 3, 3, 3, 3, 3, 3, 3, 3, 3, 3, 3, 3, 3, 3, 3, 3, 3, 3, 3, 3, 3, 3, 3, 3, 3, 3, 3, 3, 3, 3, 3, 3, 3, 3, 3, 3, 3, 3, 3, 3, 3, 3, 3, 3, 3, 3, 3, 3, 3, 3, 3, 3, 3, 3, 3, 3, 3, 3, 3, 3, 3, 3, 3, 3, 3, 3, 3, 3, 3, 3, 3, 3, 3, 3, 3, 3, 3, 3, 3, 3, 3, 3, 3, 3, 3, 3, 3, 3, 3, 3, 3, 3, 3, 3, 3, 3, 3, 3, 3, 3, 3, 3, 3, 3, 3, 3, 3, 3, 3, 3, 3, 3, 3, 3, 3, 3, 3, 3, 3, 3, 3, 3, 3, 3, 3, 3, 3, 3, 3, 3, 3, 3, 3, 3, 3, 3, 3, 3, 3, 3, 3, 3, 3, 3, 3, 3, 3, 3, 3, 3, 3, 3, 3, 3, 3, 3, 3, 3, 3, 3, 3, 3, 3, 3, 3, 3, 3, 3, 3, 3, 3, 3, 3, 3, 3, 3, 3, 3, 3, 3, 3, 3, 3, 3, 3, 3, 3, 3, 3, 3, 3, 3, 3, 3, 3, 3, 3, 3, 3, 3, 3, 3, 3, 3, 3, 3, 3, 3, 3, 3, 3, 3, 3, 3, 3, 3, 3, 3, 3, 3, 3, 3, 3, 3, 3, 3, 3, 3, 3, 3, 3, 3, 3, 3, 3, 3, 3, 3, 3, 3, 3, 3, 3, 3]
        int[] faceVertexIndices = [1, 0, 27, 2, 1, 27, 3, 2, 28, 2, 27, 28, 4, 3, 29, 3, 28, 29, 5, 4, 30, 4, 29, 30, 6, 5, 31, 5, 30, 31, 7, 6, 32, 8, 7, 32, 6, 31, 32, 9, 8, 33, 8, 32, 33, 9, 33, 34, 10, 9, 35, 9, 34, 35, 11, 10, 36, 10, 35, 36, 12, 11, 37, 11, 36, 37, 12, 37, 38, 13, 12, 38, 13, 38, 39, 14, 13, 39, 15, 14, 40, 14, 39, 40, 16, 15, 41, 15, 40, 41, 17, 16, 42, 18, 17, 42, 16, 41, 42, 18, 42, 43, 19, 18, 44, 18, 43, 44, 20, 19, 45, 19, 44, 45, 21, 20, 46, 22, 21, 46, 20, 45, 46, 22, 46, 47, 23, 22, 48, 22, 47, 48, 24, 23, 49, 25, 24, 49, 23, 48, 49, 26, 25, 50, 25, 49, 50, 1, 26, 51, 26, 50, 51, 1, 51, 0, 27, 0, 29, 28, 27, 29, 31, 30, 29, 32, 31, 29, 33, 32, 29, 34, 33, 29, 35, 34, 29, 36, 35, 29, 37, 36, 29, 38, 37, 29, 39, 38, 29, 40, 39, 29, 41, 40, 29, 42, 41, 29, 43, 42, 29, 44, 43, 29, 45, 44, 29, 46, 45, 29, 47, 46, 29, 48, 47, 29, 49, 48, 29, 50, 49, 29, 51, 50, 29, 0, 51, 29, 4, 1, 2, 4, 2, 3, 4, 5, 6, 4, 6, 7, 4, 7, 8, 4, 8, 9, 4, 9, 10, 4, 10, 11, 4, 11, 12, 4, 12, 13, 4, 13, 14, 4, 14, 15, 4, 15, 16, 4, 16, 17, 4, 17, 18, 4, 18, 19, 4, 19, 20, 4, 20, 21, 4, 21, 22, 4, 22, 23, 4, 23, 24, 4, 24, 25, 4, 25, 26, 4, 26, 1, 54, 53, 52, 55, 54, 79, 54, 52, 79, 55, 79, 80, 56, 55, 81, 55, 80, 81, 57, 56, 82, 58, 57, 82, 56, 81, 82, 58, 82, 83, 59, 58, 84, 58, 83, 84, 60, 59, 85, 59, 84, 85, 61, 60, 86, 60, 85, 86, 62, 61, 87, 61, 86, 87, 63, 62, 88, 62, 87, 88, 64, 63, 89, 63, 88, 89, 64, 89, 90, 65, 64, 90, 66, 65, 90, 66, 90, 91, 67, 66, 92, 66, 91, 92, 68, 67, 92, 68, 92, 93, 69, 68, 94, 70, 69, 94, 68, 93, 94, 70, 94, 95, 71, 70, 96, 70, 95, 96, 72, 71, 97, 73, 72, 97, 71, 96, 97, 74, 73, 98, 73, 97, 98, 74, 98, 99, 75, 74, 100, 74, 99, 100, 76, 75, 101, 77, 76, 101, 75, 100, 101, 77, 101, 102, 78, 77, 103, 77, 102, 103, 53, 78, 52, 78, 103, 52, 79, 52, 81, 80, 79, 81, 83, 82, 81, 84, 83, 81, 85, 84, 81, 86, 85, 81, 87, 86, 81, 88, 87, 81, 89, 88, 81, 90, 89, 81, 91, 90, 81, 92, 91, 81, 93, 92, 81, 94, 93, 81, 95, 94, 81, 96, 95, 81, 97, 96, 81, 98, 97, 81, 99, 98, 81, 100, 99, 81, 101, 100, 81, 102, 101, 81, 103, 102, 81, 52, 103, 81, 56, 53, 54, 56, 54, 55, 56, 57, 58, 56, 58, 59, 56, 59, 60, 56, 60, 61, 56, 61, 62, 56, 62, 63, 56, 63, 64, 56, 64, 65, 56, 65, 66, 56, 66, 67, 56, 67, 68, 56, 68, 69, 56, 69, 70, 56, 70, 71, 56, 71, 72, 56, 72, 73, 56, 73, 74, 56, 74, 75, 56, 75, 76, 56, 76, 77, 56, 77, 78, 56, 78, 53, 105, 104, 131, 106, 105, 131, 107, 106, 132, 106, 131, 132, 108, 107, 133, 109, 108, 133, 107, 132, 133, 109, 133, 134, 110, 109, 135, 111, 110, 135, 109, 134, 135, 112, 111, 136, 111, 135, 136, 112, 136, 137, 113, 112, 138, 112, 137, 138, 114, 113, 139, 113, 138, 139, 115, 114, 140, 114, 139, 140, 116, 115, 141, 117, 116, 141, 115, 140, 141, 117, 141, 142, 118, 117, 142, 118, 142, 143, 119, 118, 143, 120, 119, 144, 119, 143, 144, 121, 120, 145, 120, 144, 145, 121, 145, 146, 122, 121, 147, 121, 146, 147, 123, 122, 148, 122, 147, 148, 124, 123, 149, 125, 124, 149, 123, 148, 149, 125, 149, 150, 126, 125, 151, 125, 150, 151, 127, 126, 152, 126, 151, 152, 128, 127, 153, 127, 152, 153, 129, 128, 154, 128, 153, 154, 130, 129, 155, 129, 154, 155, 130, 155, 104, 105, 130, 104, 131, 104, 133, 132, 131, 133, 135, 134, 133, 136, 135, 133, 137, 136, 133, 138, 137, 133, 139, 138, 133, 140, 139, 133, 141, 140, 133, 142, 141, 133, 143, 142, 133, 144, 143, 133, 145, 144, 133, 146, 145, 133, 147, 146, 133, 148, 147, 133, 149, 148, 133, 150, 149, 133, 151, 150, 133, 152, 151, 133, 153, 152, 133, 154, 153, 133, 155, 154, 133, 104, 155, 133, 108, 105, 106, 108, 106, 107, 108, 109, 110, 108, 110, 111, 108, 111, 112, 108, 112, 113, 108, 113, 114, 108, 114, 115, 108, 115, 116, 108, 116, 117, 108, 117, 118, 108, 118, 119, 108, 119, 120, 108, 120, 121, 108, 121, 122, 108, 122, 123, 108, 123, 124, 108, 124, 125, 108, 125, 126, 108, 126, 127, 108, 127, 128, 108, 128, 129, 108, 129, 130, 108, 130, 105]
        point3f[] points = [(28, -2.18015, 3), (28, -2.18015, 6.8), (28.007215, -2.1792738, 6.8), (28.014011, -2.1766965, 6.8), (28.019993, -2.1725676, 6.8), (28.024813, -2.1671271, 6.8), (28.02819, -2.1606913, 6.8), (28.02993, -2.153634, 6.8), (28.02993, -2.146366, 6.8), (28.02819, -2.1393087, 6.8), (28.024813, -2.1328728, 6.8), (28.019993, -2.1274323, 6.8), (28.014011, -2.1233034, 6.8), (28.007215, -2.120726, 6.8), (28, -2.11985, 6.8), (27.992785, -2.120726, 6.8), (27.985989, -2.1233034, 6.8), (27.980007, -2.1274323, 6.8), (27.975187, -2.1328728, 6.8), (27.97181, -2.1393087, 6.8), (27.97007, -2.146366, 6.8), (27.97007, -2.153634, 6.8), (27.97181, -2.1606913, 6.8), (27.975187, -2.1671271, 6.8), (27.980007, -2.1725676, 6.8), (27.985989, -2.1766965, 6.8), (27.992785, -2.1792738, 6.8), (28.007215, -2.1792738, 3), (28.014011, -2.1766965, 3), (28.019993, -2.1725676, 3), (28.024813, -2.1671271, 3), (28.02819, -2.1606913, 3), (28.02993, -2.153634, 3), (28.02993, -2.146366, 3), (28.02819, -2.1393087, 3), (28.024813, -2.1328728, 3), (28.019993, -2.1274323, 3), (28.014011, -2.1233034, 3), (28.007215, -2.120726, 3), (28, -2.11985, 3), (27.992785, -2.120726, 3), (27.985989, -2.1233034, 3), (27.980007, -2.1274323, 3), (27.975187, -2.1328728, 3), (27.97181, -2.1393087, 3), (27.97007, -2.146366, 3), (27.97007, -2.153634, 3), (27.97181, -2.1606913, 3), (27.975187, -2.1671271, 3), (27.980007, -2.1725676, 3), (27.985989, -2.1766965, 3), (27.992785, -2.1792738, 3), (28, -2.18015, 6.8), (19.7, -2.18015, 6.8), (19.7, -2.1792738, 6.807215), (19.7, -2.1766965, 6.8140116), (19.7, -2.1725676, 6.819993), (19.7, -2.1671271, 6.824813), (19.7, -2.1606913, 6.828191), (19.7, -2.153634, 6.8299303), (19.7, -2.146366, 6.8299303), (19.7, -2.1393087, 6.828191), (19.7, -2.1328728, 6.824813), (19.7, -2.1274323, 6.819993), (19.7, -2.1233034, 6.8140116), (19.7, -2.120726, 6.807215), (19.7, -2.11985, 6.8), (19.7, -2.120726, 6.7927847), (19.7, -2.1233034, 6.785989), (19.7, -2.1274323, 6.780007), (19.7, -2.1328728, 6.775187), (19.7, -2.1393087, 6.771809), (19.7, -2.146366, 6.7700696), (19.7, -2.153634, 6.7700696), (19.7, -2.1606913, 6.771809), (19.7, -2.1671271, 6.775187), (19.7, -2.1725676, 6.780007), (19.7, -2.1766965, 6.785989), (19.7, -2.1792738, 6.7927847), (28, -2.1792738, 6.807215), (28, -2.1766965, 6.8140116), (28, -2.1725676, 6.819993), (28, -2.1671271, 6.824813), (28, -2.1606913, 6.828191), (28, -2.153634, 6.8299303), (28, -2.146366, 6.8299303), (28, -2.1393087, 6.828191), (28, -2.1328728, 6.824813), (28, -2.1274323, 6.819993), (28, -2.1233034, 6.8140116), (28, -2.120726, 6.807215), (28, -2.11985, 6.8), (28, -2.120726, 6.7927847), (28, -2.1233034, 6.785989), (28, -2.1274323, 6.780007), (28, -2.1328728, 6.775187), (28, -2.1393087, 6.771809), (28, -2.146366, 6.7700696), (28, -2.153634, 6.7700696), (28, -2.1606913, 6.771809), (28, -2.1671271, 6.775187), (28, -2.1725676, 6.780007), (28, -2.1766965, 6.785989), (28, -2.1792738, 6.7927847), (19.73015, -2.15, 6.8), (19.73015, -5.5, 6.8), (19.729275, -5.5, 6.807215), (19.726696, -5.5, 6.8140116), (19.722569, -5.5, 6.819993), (19.717127, -5.5, 6.824813), (19.710691, -5.5, 6.828191), (19.703634, -5.5, 6.8299303), (19.696365, -5.5, 6.8299303), (19.689308, -5.5, 6.828191), (19.682873, -5.5, 6.824813), (19.677433, -5.5, 6.819993), (19.673304, -5.5, 6.8140116), (19.670727, -5.5, 6.807215), (19.66985, -5.5, 6.8), (19.670727, -5.5, 6.7927847), (19.673304, -5.5, 6.785989), (19.677433, -5.5, 6.780007), (19.682873, -5.5, 6.775187), (19.689308, -5.5, 6.771809), (19.696365, -5.5, 6.7700696), (19.703634, -5.5, 6.7700696), (19.710691, -5.5, 6.771809), (19.717127, -5.5, 6.775187), (19.722569, -5.5, 6.780007), (19.726696, -5.5, 6.785989), (19.729275, -5.5, 6.7927847), (19.729275, -2.15, 6.807215), (19.726696, -2.15, 6.8140116), (19.722569, -2.15, 6.819993), (19.717127, -2.15, 6.824813), (19.710691, -2.15, 6.828191), (19.703634, -2.15, 6.8299303), (19.696365, -2.15, 6.8299303), (19.689308, -2.15, 6.828191), (19.682873, -2.15, 6.824813), (19.677433, -2.15, 6.819993), (19.673304, -2.15, 6.8140116), (19.670727, -2.15, 6.807215), (19.66985, -2.15, 6.8), (19.670727, -2.15, 6.7927847), (19.673304, -2.15, 6.785989), (19.677433, -2.15, 6.780007), (19.682873, -2.15, 6.775187), (19.689308, -2.15, 6.771809), (19.696365, -2.15, 6.7700696), (19.703634, -2.15, 6.7700696), (19.710691, -2.15, 6.771809), (19.717127, -2.15, 6.775187), (19.722569, -2.15, 6.780007), (19.726696, -2.15, 6.785989), (19.729275, -2.15, 6.7927847)]
        color3f[] primvars:displayColor = [(0.72, 0.77, 0.8)]
       }

       def AecoPort "Port"
       {
        uniform token aeco:flowDirection = "bidirectional"
        string aeco:id = "838d7213-a7a9-5920-aaa2-8b4c278080f6"
        uniform token aeco:medium = "pipe"
        matrix4d xformOp:transform = ( (1, 0, 0, 0), (0, 1, 0, 0), (0, 0, 1, 0), (28, -2.15, 3, 1) )
        uniform token[] xformOpOrder = ["xformOp:transform"]
       }

       def AecoPort "Port_bae489"
       {
        prepend rel aeco:connectedPorts = </demo_datacentre_01/demo_datacentre_01_Site/demo_datacentre_01/L01_Office/Open_Office/Office_ceiling_void/fcu_office_1/Port>
        uniform token aeco:flowDirection = "bidirectional"
        string aeco:id = "bae4893a-77b0-57d9-88a7-684876a42423"
        uniform token aeco:medium = "pipe"
        matrix4d xformOp:transform = ( (1, 0, 0, 0), (0, 1, 0, 0), (0, 0, 1, 0), (19.7, -5.5, 6.8, 1) )
        uniform token[] xformOpOrder = ["xformOp:transform"]
       }
      }

      def Xform "pipe_clash_hard" (
       prepend apiSchemas = ["AecoElementAPI", "AecoClassificationAPI:ifc", "AecoAxisAPI"]
      )
      {
       double3 aeco:axis:end = (24, -4, 8.8)
       double aeco:axis:length = 2.000000000000001
       double3 aeco:axis:start = (24, -4, 6.8)
       string aeco:class:ifc:code = "IfcPipeSegment.RIGIDSEGMENT"
       string aeco:class:ifc:name = "pipe.clash.hard"
       string aeco:id = "5c1bcae1-aed8-5d1a-bffe-e8eb8bc50f6f"
       uniform token aeco:phase = "proposed"
       custom string aeco:props:DC_Identity:Discipline = "coordination"
       custom string aeco:props:DC_Identity:Id = "pipe.clash.hard"
       custom double aeco:props:DC_Section:NominalDiameter = 0.05
       custom double aeco:props:DC_Section:OutsideDiameter = 0.0603
       custom string aeco:props:Pset_PipeSegmentTypeCommon:Status = "NEW"

       def Mesh "Geom" (
        prepend apiSchemas = ["AecoDerivedGeometryAPI"]
       )
       {
        double aeco:body:tolerance = 0.00022009999999999998 (
         aecoDerived = true
        )
        uniform token aeco:derived:approx = "tessellated"
        uniform token aeco:derived:role = "body"
        string aeco:derived:source = "5c1bcae1-aed8-5d1a-bffe-e8eb8bc50f6f"
        string aeco:derived:stamp = "ifc2usdaeco (ifcopenshell 0.8.5)"
        double aeco:derived:tolerance = 0.00022009999999999998 (
         aecoDerived = true
        )
        uniform bool doubleSided = 1
        float3[] extent = [(23.96985, -4, 6.7700696), (24.03015, -2, 6.8299303)]
        int[] faceVertexCounts = [3, 3, 3, 3, 3, 3, 3, 3, 3, 3, 3, 3, 3, 3, 3, 3, 3, 3, 3, 3, 3, 3, 3, 3, 3, 3, 3, 3, 3, 3, 3, 3, 3, 3, 3, 3, 3, 3, 3, 3, 3, 3, 3, 3, 3, 3, 3, 3, 3, 3, 3, 3, 3, 3, 3, 3, 3, 3, 3, 3, 3, 3, 3, 3, 3, 3, 3, 3, 3, 3, 3, 3, 3, 3, 3, 3, 3, 3, 3, 3, 3, 3, 3, 3, 3, 3, 3, 3, 3, 3, 3, 3, 3, 3, 3, 3, 3, 3, 3, 3]
        int[] faceVertexIndices = [1, 0, 27, 2, 1, 27, 3, 2, 28, 2, 27, 28, 4, 3, 29, 3, 28, 29, 5, 4, 30, 4, 29, 30, 6, 5, 31, 5, 30, 31, 7, 6, 32, 6, 31, 32, 8, 7, 33, 7, 32, 33, 9, 8, 34, 8, 33, 34, 10, 9, 35, 9, 34, 35, 11, 10, 36, 10, 35, 36, 12, 11, 37, 11, 36, 37, 12, 37, 38, 13, 12, 38, 13, 38, 39, 14, 13, 39, 15, 14, 40, 14, 39, 40, 16, 15, 40, 16, 40, 41, 17, 16, 42, 18, 17, 42, 16, 41, 42, 18, 42, 43, 19, 18, 44, 18, 43, 44, 20, 19, 45, 21, 20, 45, 19, 44, 45, 21, 45, 46, 22, 21, 47, 23, 22, 47, 21, 46, 47, 23, 47, 48, 24, 23, 49, 25, 24, 49, 23, 48, 49, 25, 49, 50, 26, 25, 51, 25, 50, 51, 1, 26, 0, 26, 51, 0, 27, 0, 29, 28, 27, 29, 31, 30, 29, 32, 31, 29, 33, 32, 29, 34, 33, 29, 35, 34, 29, 36, 35, 29, 37, 36, 29, 38, 37, 29, 39, 38, 29, 40, 39, 29, 41, 40, 29, 42, 41, 29, 43, 42, 29, 44, 43, 29, 45, 44, 29, 46, 45, 29, 47, 46, 29, 48, 47, 29, 49, 48, 29, 50, 49, 29, 51, 50, 29, 0, 51, 29, 4, 1, 2, 4, 2, 3, 4, 5, 6, 4, 6, 7, 4, 7, 8, 4, 8, 9, 4, 9, 10, 4, 10, 11, 4, 11, 12, 4, 12, 13, 4, 13, 14, 4, 14, 15, 4, 15, 16, 4, 16, 17, 4, 17, 18, 4, 18, 19, 4, 19, 20, 4, 20, 21, 4, 21, 22, 4, 22, 23, 4, 23, 24, 4, 24, 25, 4, 25, 26, 4, 26, 1]
        point3f[] points = [(23.96985, -4, 6.8), (23.96985, -2, 6.8), (23.970726, -2, 6.807215), (23.973303, -2, 6.8140116), (23.977432, -2, 6.819993), (23.982872, -2, 6.824813), (23.98931, -2, 6.828191), (23.996367, -2, 6.8299303), (24.003633, -2, 6.8299303), (24.01069, -2, 6.828191), (24.017128, -2, 6.824813), (24.022568, -2, 6.819993), (24.026697, -2, 6.8140116), (24.029274, -2, 6.807215), (24.03015, -2, 6.8), (24.029274, -2, 6.7927847), (24.026697, -2, 6.785989), (24.022568, -2, 6.780007), (24.017128, -2, 6.775187), (24.01069, -2, 6.771809), (24.003633, -2, 6.7700696), (23.996367, -2, 6.7700696), (23.98931, -2, 6.771809), (23.982872, -2, 6.775187), (23.977432, -2, 6.780007), (23.973303, -2, 6.785989), (23.970726, -2, 6.7927847), (23.970726, -4, 6.807215), (23.973303, -4, 6.8140116), (23.977432, -4, 6.819993), (23.982872, -4, 6.824813), (23.98931, -4, 6.828191), (23.996367, -4, 6.8299303), (24.003633, -4, 6.8299303), (24.01069, -4, 6.828191), (24.017128, -4, 6.824813), (24.022568, -4, 6.819993), (24.026697, -4, 6.8140116), (24.029274, -4, 6.807215), (24.03015, -4, 6.8), (24.029274, -4, 6.7927847), (24.026697, -4, 6.785989), (24.022568, -4, 6.780007), (24.017128, -4, 6.775187), (24.01069, -4, 6.771809), (24.003633, -4, 6.7700696), (23.996367, -4, 6.7700696), (23.98931, -4, 6.771809), (23.982872, -4, 6.775187), (23.977432, -4, 6.780007), (23.973303, -4, 6.785989), (23.970726, -4, 6.7927847)]
        color3f[] primvars:displayColor = [(0.72, 0.77, 0.8)]
       }

       def AecoPort "Port"
       {
        uniform token aeco:flowDirection = "bidirectional"
        string aeco:id = "8242e2a7-f284-59b6-84b0-be4eb9c3b214"
        uniform token aeco:medium = "pipe"
        matrix4d xformOp:transform = ( (1, 0, 0, 0), (0, 1, 0, 0), (0, 0, 1, 0), (24, -2, 6.8, 1) )
        uniform token[] xformOpOrder = ["xformOp:transform"]
       }

       def AecoPort "Port_c9095b"
       {
        uniform token aeco:flowDirection = "bidirectional"
        string aeco:id = "c9095b83-b906-5604-bfc4-a89e15c4155c"
        uniform token aeco:medium = "pipe"
        matrix4d xformOp:transform = ( (1, 0, 0, 0), (0, 1, 0, 0), (0, 0, 1, 0), (24, -4, 6.8, 1) )
        uniform token[] xformOpOrder = ["xformOp:transform"]
       }
      }

      def Xform "pipe_clash_near" (
       prepend apiSchemas = ["AecoElementAPI", "AecoClassificationAPI:ifc", "AecoAxisAPI"]
      )
      {
       double3 aeco:axis:end = (23, -1.5, 8.88515)
       double aeco:axis:length = 1.9999999999999991
       double3 aeco:axis:start = (23, -1.5, 6.88515)
       string aeco:class:ifc:code = "IfcPipeSegment.RIGIDSEGMENT"
       string aeco:class:ifc:name = "pipe.clash.near"
       string aeco:id = "6e5a2055-fc33-5dd4-8df1-af4a6e337adb"
       uniform token aeco:phase = "proposed"
       custom string aeco:props:DC_Identity:Discipline = "coordination"
       custom string aeco:props:DC_Identity:Id = "pipe.clash.near"
       custom double aeco:props:DC_Section:NominalDiameter = 0.05
       custom double aeco:props:DC_Section:OutsideDiameter = 0.0603
       custom string aeco:props:Pset_PipeSegmentTypeCommon:Status = "NEW"

       def Mesh "Geom" (
        prepend apiSchemas = ["AecoDerivedGeometryAPI"]
       )
       {
        double aeco:body:tolerance = 0.0057582 (
         aecoDerived = true
        )
        uniform token aeco:derived:approx = "tessellated"
        uniform token aeco:derived:role = "body"
        string aeco:derived:source = "6e5a2055-fc33-5dd4-8df1-af4a6e337adb"
        string aeco:derived:stamp = 'dcbuild circular-sweep tessellation {"deflection": 0.006, "mode": "inscribed", "vertex_direction": [0, 0, -1]}'
        double aeco:derived:tolerance = 0.0057582 (
         aecoDerived = true
        )
        uniform bool doubleSided = 1
        float3[] extent = [(23, -1.5286744, 6.855), (25, -1.4713256, 6.909542)]
        int[] faceVertexCounts = [3, 3, 3, 3, 3, 3, 3, 3, 3, 3, 3, 3, 3, 3, 3, 3]
        int[] faceVertexIndices = [0, 1, 6, 0, 6, 5, 1, 2, 7, 1, 7, 6, 2, 3, 8, 2, 8, 7, 3, 4, 9, 3, 9, 8, 4, 0, 5, 4, 5, 9, 0, 2, 1, 5, 6, 7, 0, 3, 2, 5, 7, 8, 0, 4, 3, 5, 8, 9]
        point3f[] points = [(23, -1.5, 6.855), (23, -1.4713256, 6.875833), (23, -1.4822782, 6.909542), (23, -1.5177218, 6.909542), (23, -1.5286744, 6.875833), (25, -1.5, 6.855), (25, -1.4713256, 6.875833), (25, -1.4822782, 6.909542), (25, -1.5177218, 6.909542), (25, -1.5286744, 6.875833)]
        color3f[] primvars:displayColor = [(0.72, 0.77, 0.8)]
        uniform token subdivisionScheme = "none"
       }

       def AecoPort "Port"
       {
        uniform token aeco:flowDirection = "bidirectional"
        string aeco:id = "606a1019-5217-5337-a1dd-2086279518d9"
        uniform token aeco:medium = "pipe"
        matrix4d xformOp:transform = ( (1, 0, 0, 0), (0, 1, 0, 0), (0, 0, 1, 0), (23, -1.5, 6.88515, 1) )
        uniform token[] xformOpOrder = ["xformOp:transform"]
       }

       def AecoPort "Port_b81fd8"
       {
        uniform token aeco:flowDirection = "bidirectional"
        string aeco:id = "b81fd821-1327-54cd-9cf7-8275022ff41f"
        uniform token aeco:medium = "pipe"
        matrix4d xformOp:transform = ( (1, 0, 0, 0), (0, 1, 0, 0), (0, 0, 1, 0), (25, -1.5, 6.88515, 1) )
        uniform token[] xformOpOrder = ["xformOp:transform"]
       }
      }

      def Xform "pipe_clash_tangent" (
       prepend apiSchemas = ["AecoElementAPI", "AecoClassificationAPI:ifc", "AecoAxisAPI"]
      )
      {
       double3 aeco:axis:end = (23, -2.89485, 8.8)
       double aeco:axis:length = 2.000000000000001
       double3 aeco:axis:start = (23, -2.89485, 6.8)
       string aeco:class:ifc:code = "IfcPipeSegment.RIGIDSEGMENT"
       string aeco:class:ifc:name = "pipe.clash.tangent"
       string aeco:id = "f48386c3-5bfd-55b0-8010-7c0321905d51"
       uniform token aeco:phase = "proposed"
       custom string aeco:props:DC_Identity:Discipline = "coordination"
       custom string aeco:props:DC_Identity:Id = "pipe.clash.tangent"
       custom double aeco:props:DC_Section:NominalDiameter = 0.05
       custom double aeco:props:DC_Section:OutsideDiameter = 0.0603
       custom string aeco:props:Pset_PipeSegmentTypeCommon:Status = "NEW"

       def Mesh "Geom" (
        prepend apiSchemas = ["AecoDerivedGeometryAPI"]
       )
       {
        double aeco:body:tolerance = 0.0010636 (
         aecoDerived = true
        )
        uniform token aeco:derived:approx = "tessellated"
        uniform token aeco:derived:role = "body"
        string aeco:derived:source = "f48386c3-5bfd-55b0-8010-7c0321905d51"
        string aeco:derived:stamp = 'dcbuild circular-sweep tessellation {"deflection": 0.0012, "mode": "circumscribed", "vertex_direction": [0, -1, 0]}'
        double aeco:derived:tolerance = 0.0010636 (
         aecoDerived = true
        )
        uniform bool doubleSided = 1
        float3[] extent = [(23, -2.9260635, 6.7687864), (25, -2.8636365, 6.8312135)]
        int[] faceVertexCounts = [3, 3, 3, 3, 3, 3, 3, 3, 3, 3, 3, 3, 3, 3, 3, 3, 3, 3, 3, 3, 3, 3, 3, 3, 3, 3, 3, 3, 3, 3, 3, 3, 3, 3, 3, 3, 3, 3, 3, 3, 3, 3, 3, 3]
        int[] faceVertexIndices = [0, 1, 13, 0, 13, 12, 1, 2, 14, 1, 14, 13, 2, 3, 15, 2, 15, 14, 3, 4, 16, 3, 16, 15, 4, 5, 17, 4, 17, 16, 5, 6, 18, 5, 18, 17, 6, 7, 19, 6, 19, 18, 7, 8, 20, 7, 20, 19, 8, 9, 21, 8, 21, 20, 9, 10, 22, 9, 22, 21, 10, 11, 23, 10, 23, 22, 11, 0, 12, 11, 12, 23, 0, 2, 1, 12, 13, 14, 0, 3, 2, 12, 14, 15, 0, 4, 3, 12, 15, 16, 0, 5, 4, 12, 16, 17, 0, 6, 5, 12, 17, 18, 0, 7, 6, 12, 18, 19, 0, 8, 7, 12, 19, 20, 0, 9, 8, 12, 20, 21, 0, 10, 9, 12, 21, 22, 0, 11, 10, 12, 22, 23]
        point3f[] points = [(23, -2.9260635, 6.8), (23, -2.9218817, 6.7843933), (23, -2.910457, 6.7729683), (23, -2.89485, 6.7687864), (23, -2.8792431, 6.7729683), (23, -2.8678184, 6.7843933), (23, -2.8636365, 6.8), (23, -2.8678184, 6.8156066), (23, -2.8792431, 6.8270316), (23, -2.89485, 6.8312135), (23, -2.910457, 6.8270316), (23, -2.9218817, 6.8156066), (25, -2.9260635, 6.8), (25, -2.9218817, 6.7843933), (25, -2.910457, 6.7729683), (25, -2.89485, 6.7687864), (25, -2.8792431, 6.7729683), (25, -2.8678184, 6.7843933), (25, -2.8636365, 6.8), (25, -2.8678184, 6.8156066), (25, -2.8792431, 6.8270316), (25, -2.89485, 6.8312135), (25, -2.910457, 6.8270316), (25, -2.9218817, 6.8156066)]
        color3f[] primvars:displayColor = [(0.72, 0.77, 0.8)]
        uniform token subdivisionScheme = "none"
       }

       def AecoPort "Port"
       {
        uniform token aeco:flowDirection = "bidirectional"
        string aeco:id = "d0731cbd-a911-5559-aae8-fb6613ff4be9"
        uniform token aeco:medium = "pipe"
        matrix4d xformOp:transform = ( (1, 0, 0, 0), (0, 1, 0, 0), (0, 0, 1, 0), (25, -2.89485, 6.8, 1) )
        uniform token[] xformOpOrder = ["xformOp:transform"]
       }

       def AecoPort "Port_f6522e"
       {
        uniform token aeco:flowDirection = "bidirectional"
        string aeco:id = "f6522e65-9c30-52cf-a69b-13830926ffa9"
        uniform token aeco:medium = "pipe"
        matrix4d xformOp:transform = ( (1, 0, 0, 0), (0, 1, 0, 0), (0, 0, 1, 0), (23, -2.89485, 6.8, 1) )
        uniform token[] xformOpOrder = ["xformOp:transform"]
       }
      }
     }

     def Mesh "Extent" (
      prepend apiSchemas = ["AecoDerivedGeometryAPI"]
     )
     {
      uniform token aeco:derived:approx = "tessellated"
      uniform token aeco:derived:role = "extent"
      string aeco:derived:source = "f455f79e-95a1-53af-b17c-a819532eef3e"
      string aeco:derived:stamp = "ifc2usdaeco (ifcopenshell 0.8.5)"
      uniform bool doubleSided = 1
      float3[] extent = [(-7.5, -1.5, 0), (7.5, 1.5, 3)]
      int[] faceVertexCounts = [3, 3, 3, 3, 3, 3, 3, 3, 3, 3, 3, 3]
      int[] faceVertexIndices = [1, 0, 3, 2, 1, 3, 2, 3, 5, 4, 2, 5, 4, 5, 7, 6, 4, 7, 6, 7, 0, 1, 6, 0, 3, 0, 5, 0, 7, 5, 4, 1, 2, 4, 6, 1]
      point3f[] points = [(-7.5, -1.5, 0), (-7.5, -1.5, 3), (7.5, -1.5, 3), (7.5, -1.5, 0), (7.5, 1.5, 3), (7.5, 1.5, 0), (-7.5, 1.5, 3), (-7.5, 1.5, 0)]
      color3f[] primvars:displayColor = [(0.65, 0.75, 0.8)]
      uniform token purpose = "guide"
      matrix4d xformOp:transform = ( (1, 0, 0, 0), (0, 1, 0, 0), (0, 0, 1, 0), (22.5, -1.5, 4, 1) )
      uniform token[] xformOpOrder = ["xformOp:transform"]
     }

     def Xform "sec_cam_corr_ocorr_1_2" (
      prepend apiSchemas = ["AecoElementAPI", "AecoClassificationAPI:ifc"]
      prepend inherits = </demo_datacentre_01/_TypeCatalog/dome_5mp>
     )
     {
      string aeco:class:ifc:code = "IfcAudioVisualAppliance.CAMERA"
      string aeco:class:ifc:name = "sec.cam.corr.ocorr.1.2"
      string aeco:id = "5c516ad4-57b5-5ffe-9468-cf14e42e9ae0"
      uniform token aeco:phase = "proposed"
      custom string aeco:props:DC_Identity:Discipline = "coordination"
      custom string aeco:props:DC_Identity:Id = "sec.cam.corr.ocorr.1.2"
      custom string aeco:props:DC_Identity:System = "sys.sec"
      custom string aeco:props:Pset_AecoCctv:Contract = "usdaeco-cctv-ifc/1.0"
      custom string aeco:props:Pset_AecoCctv:Drivers = '{"aeco:cctv:mount": "pendant", "aeco:cctv:scenario": "corridor"}'
      custom string aeco:props:Pset_AecoCctv:Sensors = '[{"drivers": {"aeco:cctvSensor:focalLength": 4.0, "aeco:cctvSensor:pan": 180.0, "aeco:cctvSensor:range": 24.0, "aeco:cctvSensor:roll": 0.0, "aeco:cctvSensor:targetDensity": 250.0, "aeco:cctvSensor:tilt": 15.0}, "name": "Sensor_0", "presets": {}, "tour": []}]'
      custom string aeco:props:Pset_AecoCctv:Type = '{"aeco:cctvType:irRange": 30.0, "aeco:cctvType:outdoor": false, "aeco:type:manufacturer": "Generic", "aeco:type:model": "dome_5mp"}'
      custom string aeco:props:Pset_AudioVisualApplianceTypeCamera:CameraType = "VIDEO"
      custom bool aeco:props:Pset_AudioVisualApplianceTypeCamera:IsOutdoors = 0
      custom double aeco:props:Pset_AudioVisualApplianceTypeCamera:PanHorizontal = 180
      custom double aeco:props:Pset_AudioVisualApplianceTypeCamera:TiltHorizontal = -0.2617993877991494
      custom int aeco:props:Pset_AudioVisualApplianceTypeCamera:VideoResolutionHeight = 1944
      custom int aeco:props:Pset_AudioVisualApplianceTypeCamera:VideoResolutionWidth = 2592
      custom double aeco:props:Pset_AudioVisualApplianceTypeCamera:Zoom = 0.004
      custom string aeco:props:Pset_AudioVisualApplianceTypeCommon:Status = "NEW"
      matrix4d xformOp:transform = ( (1, 0, 0, 0), (0, 1, 0, 0), (0, 0, 1, 0), (29.5, -1.5, 6.9, 1) )
      uniform token[] xformOpOrder = ["xformOp:transform"]

      def Mesh "Geom" (
       prepend apiSchemas = ["AecoDerivedGeometryAPI"]
      )
      {
       uniform token aeco:derived:approx = "tessellated"
       uniform token aeco:derived:role = "body"
       string aeco:derived:source = "5c516ad4-57b5-5ffe-9468-cf14e42e9ae0"
       string aeco:derived:stamp = "ifc2usdaeco (ifcopenshell 0.8.5)"
       uniform bool doubleSided = 1
       float3[] extent = [(-0.08, -0.08, 0), (0.08, 0.08, 0.1)]
       int[] faceVertexCounts = [3, 3, 3, 3, 3, 3, 3, 3, 3, 3, 3, 3]
       int[] faceVertexIndices = [1, 0, 3, 2, 1, 3, 2, 3, 5, 4, 2, 5, 4, 5, 7, 6, 4, 7, 6, 7, 0, 1, 6, 0, 3, 0, 5, 0, 7, 5, 4, 1, 2, 4, 6, 1]
       point3f[] points = [(-0.08, -0.08, 0), (-0.08, -0.08, 0.1), (0.08, -0.08, 0.1), (0.08, -0.08, 0), (0.08, 0.08, 0.1), (0.08, 0.08, 0), (-0.08, 0.08, 0.1), (-0.08, 0.08, 0)]
       color3f[] primvars:displayColor = [(0.7, 0.7, 0.7)]
      }
     }

     def Xform "sec_cam_corr_ocorr_1_1" (
      prepend apiSchemas = ["AecoElementAPI", "AecoClassificationAPI:ifc"]
      prepend inherits = </demo_datacentre_01/_TypeCatalog/dome_5mp>
     )
     {
      string aeco:class:ifc:code = "IfcAudioVisualAppliance.CAMERA"
      string aeco:class:ifc:name = "sec.cam.corr.ocorr.1.1"
      string aeco:id = "85ef0c56-c408-588b-8c84-7efbe9dd3b53"
      uniform token aeco:phase = "proposed"
      custom string aeco:props:DC_Identity:Discipline = "coordination"
      custom string aeco:props:DC_Identity:Id = "sec.cam.corr.ocorr.1.1"
      custom string aeco:props:DC_Identity:System = "sys.sec"
      custom string aeco:props:Pset_AecoCctv:Contract = "usdaeco-cctv-ifc/1.0"
      custom string aeco:props:Pset_AecoCctv:Drivers = '{"aeco:cctv:mount": "pendant", "aeco:cctv:scenario": "corridor"}'
      custom string aeco:props:Pset_AecoCctv:Sensors = '[{"drivers": {"aeco:cctvSensor:focalLength": 4.0, "aeco:cctvSensor:pan": 0.0, "aeco:cctvSensor:range": 24.0, "aeco:cctvSensor:roll": 0.0, "aeco:cctvSensor:targetDensity": 250.0, "aeco:cctvSensor:tilt": 15.0}, "name": "Sensor_0", "presets": {}, "tour": []}]'
      custom string aeco:props:Pset_AecoCctv:Type = '{"aeco:cctvType:irRange": 30.0, "aeco:cctvType:outdoor": false, "aeco:type:manufacturer": "Generic", "aeco:type:model": "dome_5mp"}'
      custom string aeco:props:Pset_AudioVisualApplianceTypeCamera:CameraType = "VIDEO"
      custom bool aeco:props:Pset_AudioVisualApplianceTypeCamera:IsOutdoors = 0
      custom double aeco:props:Pset_AudioVisualApplianceTypeCamera:PanHorizontal = 0
      custom double aeco:props:Pset_AudioVisualApplianceTypeCamera:TiltHorizontal = -0.2617993877991494
      custom int aeco:props:Pset_AudioVisualApplianceTypeCamera:VideoResolutionHeight = 1944
      custom int aeco:props:Pset_AudioVisualApplianceTypeCamera:VideoResolutionWidth = 2592
      custom double aeco:props:Pset_AudioVisualApplianceTypeCamera:Zoom = 0.004
      custom string aeco:props:Pset_AudioVisualApplianceTypeCommon:Status = "NEW"
      matrix4d xformOp:transform = ( (1, 0, 0, 0), (0, 1, 0, 0), (0, 0, 1, 0), (15.5, -1.5, 6.9, 1) )
      uniform token[] xformOpOrder = ["xformOp:transform"]

      def Mesh "Geom" (
       prepend apiSchemas = ["AecoDerivedGeometryAPI"]
      )
      {
       uniform token aeco:derived:approx = "tessellated"
       uniform token aeco:derived:role = "body"
       string aeco:derived:source = "85ef0c56-c408-588b-8c84-7efbe9dd3b53"
       string aeco:derived:stamp = "ifc2usdaeco (ifcopenshell 0.8.5)"
       uniform bool doubleSided = 1
       float3[] extent = [(-0.08, -0.08, 0), (0.08, 0.08, 0.1)]
       int[] faceVertexCounts = [3, 3, 3, 3, 3, 3, 3, 3, 3, 3, 3, 3]
       int[] faceVertexIndices = [1, 0, 3, 2, 1, 3, 2, 3, 5, 4, 2, 5, 4, 5, 7, 6, 4, 7, 6, 7, 0, 1, 6, 0, 3, 0, 5, 0, 7, 5, 4, 1, 2, 4, 6, 1]
       point3f[] points = [(-0.08, -0.08, 0), (-0.08, -0.08, 0.1), (0.08, -0.08, 0.1), (0.08, -0.08, 0), (0.08, 0.08, 0.1), (0.08, 0.08, 0), (-0.08, 0.08, 0.1), (-0.08, 0.08, 0)]
       color3f[] primvars:displayColor = [(0.7, 0.7, 0.7)]
      }
     }

     def Xform "pod_wc_temp" (
      prepend apiSchemas = ["AecoElementAPI", "AecoClassificationAPI:ifc"]
     )
     {
      string aeco:class:ifc:code = "IfcElementAssembly.Prefabricated bathroom pod"
      string aeco:class:ifc:name = "pod.wc.temp"
      string aeco:id = "5c25d9bf-d000-5d3b-b4ed-f199bda623a7"
      uniform token aeco:phase = "temporary"
      custom string aeco:props:DC_Construction:Description = "Prefabricated bathroom pod, temporary delivery position"
      custom string aeco:props:DC_Identity:Discipline = "coordination"
      custom string aeco:props:DC_Identity:Id = "pod.wc.temp"
      custom string aeco:props:Pset_ElementAssemblyCommon:Status = "TEMPORARY"
      matrix4d xformOp:transform = ( (1, 0, 0, 0), (0, 1, 0, 0), (0, 0, 1, 0), (21.2, -1.5, 4, 1) )
      uniform token[] xformOpOrder = ["xformOp:transform"]

      def Mesh "Geom" (
       prepend apiSchemas = ["AecoDerivedGeometryAPI"]
      )
      {
       uniform token aeco:derived:approx = "tessellated"
       uniform token aeco:derived:role = "body"
       string aeco:derived:source = "5c25d9bf-d000-5d3b-b4ed-f199bda623a7"
       string aeco:derived:stamp = "ifc2usdaeco (ifcopenshell 0.8.5)"
       uniform bool doubleSided = 1
       float3[] extent = [(-1.2, -1.8, 0), (1.2, 1.8, 2.5)]
       int[] faceVertexCounts = [3, 3, 3, 3, 3, 3, 3, 3, 3, 3, 3, 3]
       int[] faceVertexIndices = [1, 0, 3, 2, 1, 3, 2, 3, 5, 4, 2, 5, 4, 5, 7, 6, 4, 7, 6, 7, 0, 1, 6, 0, 3, 0, 5, 0, 7, 5, 4, 1, 2, 4, 6, 1]
       point3f[] points = [(-1.2, -1.8, 0), (-1.2, -1.8, 2.5), (1.2, -1.8, 2.5), (1.2, -1.8, 0), (1.2, 1.8, 2.5), (1.2, 1.8, 0), (-1.2, 1.8, 2.5), (-1.2, 1.8, 0)]
       color3f[] primvars:displayColor = [(0.72, 0.77, 0.8)]
      }
     }

     def Xform "clg_ocorr_1" (
      prepend apiSchemas = ["AecoElementAPI", "AecoClassificationAPI:ifc"]
     )
     {
      string aeco:class:ifc:code = "IfcCovering.CEILING"
      string aeco:class:ifc:name = "clg.ocorr.1"
      string aeco:id = "e3359946-0dce-571b-9dd2-a86326da37f8"
      uniform token aeco:phase = "proposed"
      custom string aeco:props:DC_Construction:Description = "12.5 mm plasterboard on MF grid; top 2.6 m above L01"
      custom string aeco:props:DC_Identity:Discipline = "coordination"
      custom string aeco:props:DC_Identity:Id = "clg.ocorr.1"
      custom string aeco:props:Pset_CoveringCommon:Status = "NEW"
      matrix4d xformOp:transform = ( (1, 0, 0, 0), (0, 1, 0, 0), (0, 0, 1, 0), (22.5, -1.5, 6.5875, 1) )
      uniform token[] xformOpOrder = ["xformOp:transform"]

      def Mesh "Geom" (
       prepend apiSchemas = ["AecoDerivedGeometryAPI"]
      )
      {
       uniform token aeco:derived:approx = "tessellated"
       uniform token aeco:derived:role = "body"
       string aeco:derived:source = "e3359946-0dce-571b-9dd2-a86326da37f8"
       string aeco:derived:stamp = "ifc2usdaeco (ifcopenshell 0.8.5)"
       uniform bool doubleSided = 1
       float3[] extent = [(-7.5, -1.5, 0), (7.5, 1.5, 0.0125)]
       int[] faceVertexCounts = [3, 3, 3, 3, 3, 3, 3, 3, 3, 3, 3, 3]
       int[] faceVertexIndices = [1, 0, 2, 2, 0, 3, 2, 3, 5, 4, 2, 5, 4, 5, 6, 6, 5, 7, 6, 7, 0, 1, 6, 0, 3, 0, 5, 0, 7, 5, 4, 1, 2, 4, 6, 1]
       point3f[] points = [(-7.5, -1.5, 0), (-7.5, -1.5, 0.0125), (7.5, -1.5, 0.0125), (7.5, -1.5, 0), (7.5, 1.5, 0.0125), (7.5, 1.5, 0), (-7.5, 1.5, 0.0125), (-7.5, 1.5, 0)]
       color3f[] primvars:displayColor = [(0.72, 0.77, 0.8)]
      }
     }
    }

    def AecoSpace "WC" (
     prepend apiSchemas = ["AecoClassificationAPI:ifc"]
    )
    {
     string aeco:class:ifc:code = "IfcSpace"
     string aeco:class:ifc:name = "WC"
     string aeco:id = "9e2b5273-ec32-52b4-9539-30c5dba88017"
     custom string aeco:props:DC_Identity:Discipline = "coordination"
     custom string aeco:props:DC_Identity:Id = "sp.wc"
     custom string aeco:props:DC_Space:SpaceType = "wc"
     custom bool aeco:props:Pset_SpaceCommon:IsExternal = 0
     custom string aeco:props:Pset_SpaceCommon:Reference = "sp.wc"
     custom string aeco:props:Pset_SpaceCommon:Status = "NEW"
     custom double aeco:props:Qto_SpaceBaseQuantities:GrossFloorArea = 16
     custom double aeco:props:Qto_SpaceBaseQuantities:GrossVolume = 48
     custom double aeco:props:Qto_SpaceBaseQuantities:Height = 3
     matrix4d xformOp:transform = ( (1, 0, 0, 0), (0, 1, 0, 0), (0, 0, 1, 0), (0, 0, -4, 1) )
     uniform token[] xformOpOrder = ["xformOp:transform"]

     def Mesh "Extent" (
      prepend apiSchemas = ["AecoDerivedGeometryAPI"]
     )
     {
      uniform token aeco:derived:approx = "tessellated"
      uniform token aeco:derived:role = "extent"
      string aeco:derived:source = "9e2b5273-ec32-52b4-9539-30c5dba88017"
      string aeco:derived:stamp = "ifc2usdaeco (ifcopenshell 0.8.5)"
      uniform bool doubleSided = 1
      float3[] extent = [(-2, -2, 0), (2, 2, 3)]
      int[] faceVertexCounts = [3, 3, 3, 3, 3, 3, 3, 3, 3, 3, 3, 3]
      int[] faceVertexIndices = [1, 0, 3, 2, 1, 3, 2, 3, 5, 4, 2, 5, 4, 5, 7, 6, 4, 7, 6, 7, 0, 1, 6, 0, 3, 0, 5, 0, 7, 5, 4, 1, 2, 4, 6, 1]
      point3f[] points = [(-2, -2, 0), (-2, -2, 3), (2, -2, 3), (2, -2, 0), (2, 2, 3), (2, 2, 0), (-2, 2, 3), (-2, 2, 0)]
      color3f[] primvars:displayColor = [(0.65, 0.75, 0.8)]
      uniform token purpose = "guide"
      matrix4d xformOp:transform = ( (1, 0, 0, 0), (0, 1, 0, 0), (0, 0, 1, 0), (28, -10, 4, 1) )
      uniform token[] xformOpOrder = ["xformOp:transform"]
     }

     def Xform "san_pod_1" (
      prepend apiSchemas = ["AecoElementAPI", "AecoClassificationAPI:ifc"]
     )
     {
      string aeco:class:ifc:code = "IfcSanitaryTerminal.TOILETPAN"
      string aeco:class:ifc:name = "san.pod.1"
      string aeco:id = "09a08952-f90d-5507-bdf2-99b440b02104"
      uniform token aeco:phase = "proposed"
      custom string aeco:props:DC_Identity:Discipline = "coordination"
      custom string aeco:props:DC_Identity:Id = "san.pod.1"
      custom string aeco:props:Pset_SanitaryTerminalTypeCommon:Status = "NEW"
      matrix4d xformOp:transform = ( (1, 0, 0, 0), (0, 1, 0, 0), (0, 0, 1, 0), (27.4, -10.5, 4, 1) )
      uniform token[] xformOpOrder = ["xformOp:transform"]

      def Mesh "Geom" (
       prepend apiSchemas = ["AecoDerivedGeometryAPI"]
      )
      {
       uniform token aeco:derived:approx = "tessellated"
       uniform token aeco:derived:role = "body"
       string aeco:derived:source = "09a08952-f90d-5507-bdf2-99b440b02104"
       string aeco:derived:stamp = "ifc2usdaeco (ifcopenshell 0.8.5)"
       uniform bool doubleSided = 1
       float3[] extent = [(-0.3, -0.35, 0), (0.3, 0.35, 0.8)]
       int[] faceVertexCounts = [3, 3, 3, 3, 3, 3, 3, 3, 3, 3, 3, 3]
       int[] faceVertexIndices = [1, 0, 3, 2, 1, 3, 2, 3, 5, 4, 2, 5, 4, 5, 7, 6, 4, 7, 6, 7, 0, 1, 6, 0, 3, 0, 5, 0, 7, 5, 4, 1, 2, 4, 6, 1]
       point3f[] points = [(-0.3, -0.35, 0), (-0.3, -0.35, 0.8), (0.3, -0.35, 0.8), (0.3, -0.35, 0), (0.3, 0.35, 0.8), (0.3, 0.35, 0), (-0.3, 0.35, 0.8), (-0.3, 0.35, 0)]
       color3f[] primvars:displayColor = [(0.72, 0.77, 0.8)]
      }

      def AecoPort "Port"
      {
       uniform token aeco:flowDirection = "bidirectional"
       string aeco:id = "ef97ecd1-b9fd-5311-80e5-3cc57aaeb07e"
       uniform token aeco:medium = "pipe"
       matrix4d xformOp:transform = ( (1, 0, 0, 0), (0, 1, 0, 0), (0, 0, 1, 0), (0, 0, 0.15000000000000036, 1) )
       uniform token[] xformOpOrder = ["xformOp:transform"]
      }
     }

     def Xform "pipe_drain_pod" (
      prepend apiSchemas = ["AecoElementAPI", "AecoClassificationAPI:ifc", "AecoAxisAPI"]
     )
     {
      double3 aeco:axis:end = (27.4, -10, 10.15)
      double aeco:axis:length = 6
      double3 aeco:axis:start = (27.4, -10, 4.15)
      string aeco:class:ifc:code = "IfcPipeSegment.RIGIDSEGMENT"
      string aeco:class:ifc:name = "pipe.drain.pod"
      string aeco:id = "48a8a942-99cd-5139-a9d6-41575476d93f"
      uniform token aeco:phase = "proposed"
      custom string aeco:props:DC_Identity:Discipline = "coordination"
      custom string aeco:props:DC_Identity:Id = "pipe.drain.pod"
      custom double aeco:props:DC_Section:NominalDiameter = 0.1
      custom double aeco:props:DC_Section:OutsideDiameter = 0.11
      custom string aeco:props:Pset_PipeSegmentTypeCommon:Status = "NEW"

      def Mesh "Geom" (
       prepend apiSchemas = ["AecoDerivedGeometryAPI"]
      )
      {
       uniform token aeco:derived:approx = "tessellated"
       uniform token aeco:derived:role = "body"
       string aeco:derived:source = "48a8a942-99cd-5139-a9d6-41575476d93f"
       string aeco:derived:stamp = "ifc2usdaeco (ifcopenshell 0.8.5)"
       uniform bool doubleSided = 1
       float3[] extent = [(27.345, -10, 1), (27.455, -3.945, 4.204599)]
       int[] faceVertexCounts = [3, 3, 3, 3, 3, 3, 3, 3, 3, 3, 3, 3, 3, 3, 3, 3, 3, 3, 3, 3, 3, 3, 3, 3, 3, 3, 3, 3, 3, 3, 3, 3, 3, 3, 3, 3, 3, 3, 3, 3, 3, 3, 3, 3, 3, 3, 3, 3, 3, 3, 3, 3, 3, 3, 3, 3, 3, 3, 3, 3, 3, 3, 3, 3, 3, 3, 3, 3, 3, 3, 3, 3, 3, 3, 3, 3, 3, 3, 3, 3, 3, 3, 3, 3, 3, 3, 3, 3, 3, 3, 3, 3, 3, 3, 3, 3, 3, 3, 3, 3, 3, 3, 3, 3, 3, 3, 3, 3, 3, 3, 3, 3, 3, 3, 3, 3, 3, 3, 3, 3, 3, 3, 3, 3, 3, 3, 3, 3, 3, 3, 3, 3, 3, 3, 3, 3, 3, 3, 3, 3, 3, 3, 3, 3, 3, 3, 3, 3, 3, 3, 3, 3, 3, 3, 3, 3, 3, 3, 3, 3, 3, 3, 3, 3, 3, 3, 3, 3, 3, 3, 3, 3, 3, 3, 3, 3, 3, 3, 3, 3, 3, 3, 3, 3, 3, 3, 3, 3, 3, 3, 3, 3, 3, 3, 3, 3, 3, 3, 3, 3]
       int[] faceVertexIndices = [1, 0, 27, 2, 1, 27, 3, 2, 28, 2, 27, 28, 4, 3, 29, 3, 28, 29, 5, 4, 30, 6, 5, 30, 4, 29, 30, 6, 30, 31, 7, 6, 32, 6, 31, 32, 8, 7, 33, 9, 8, 33, 7, 32, 33, 10, 9, 34, 9, 33, 34, 10, 34, 35, 11, 10, 36, 10, 35, 36, 11, 36, 37, 12, 11, 37, 12, 37, 38, 13, 12, 38, 13, 38, 39, 14, 13, 39, 15, 14, 40, 14, 39, 40, 16, 15, 40, 16, 40, 41, 17, 16, 42, 16, 41, 42, 18, 17, 43, 17, 42, 43, 19, 18, 44, 18, 43, 44, 20, 19, 45, 21, 20, 45, 19, 44, 45, 21, 45, 46, 22, 21, 47, 21, 46, 47, 23, 22, 48, 22, 47, 48, 24, 23, 49, 23, 48, 49, 25, 24, 50, 26, 25, 50, 24, 49, 50, 26, 50, 51, 1, 26, 0, 26, 51, 0, 27, 0, 29, 28, 27, 29, 31, 30, 29, 32, 31, 29, 33, 32, 29, 34, 33, 29, 35, 34, 29, 36, 35, 29, 37, 36, 29, 38, 37, 29, 39, 38, 29, 40, 39, 29, 41, 40, 29, 42, 41, 29, 43, 42, 29, 44, 43, 29, 45, 44, 29, 46, 45, 29, 47, 46, 29, 48, 47, 29, 49, 48, 29, 50, 49, 29, 51, 50, 29, 0, 51, 29, 4, 1, 2, 4, 2, 3, 4, 5, 6, 4, 6, 7, 4, 7, 8, 4, 8, 9, 4, 9, 10, 4, 10, 11, 4, 11, 12, 4, 12, 13, 4, 13, 14, 4, 14, 15, 4, 15, 16, 4, 16, 17, 4, 17, 18, 4, 18, 19, 4, 19, 20, 4, 20, 21, 4, 21, 22, 4, 22, 23, 4, 23, 24, 4, 24, 25, 4, 25, 26, 4, 26, 1, 53, 52, 79, 54, 53, 79, 55, 54, 80, 54, 79, 80, 56, 55, 81, 55, 80, 81, 57, 56, 82, 56, 81, 82, 58, 57, 83, 57, 82, 83, 59, 58, 84, 58, 83, 84, 60, 59, 85, 61, 60, 85, 59, 84, 85, 61, 85, 86, 62, 61, 87, 61, 86, 87, 63, 62, 88, 62, 87, 88, 63, 88, 89, 64, 63, 89, 64, 89, 90, 65, 64, 90, 66, 65, 90, 66, 90, 91, 66, 91, 92, 67, 66, 92, 67, 92, 93, 68, 67, 93, 69, 68, 94, 68, 93, 94, 70, 69, 95, 71, 70, 95, 69, 94, 95, 71, 95, 96, 72, 71, 97, 71, 96, 97, 73, 72, 98, 74, 73, 98, 72, 97, 98, 74, 98, 99, 75, 74, 100, 74, 99, 100, 76, 75, 101, 77, 76, 101, 75, 100, 101, 78, 77, 102, 77, 101, 102, 78, 102, 103, 53, 78, 52, 78, 103, 52, 79, 52, 81, 80, 79, 81, 83, 82, 81, 84, 83, 81, 85, 84, 81, 86, 85, 81, 87, 86, 81, 88, 87, 81, 89, 88, 81, 90, 89, 81, 91, 90, 81, 92, 91, 81, 93, 92, 81, 94, 93, 81, 95, 94, 81, 96, 95, 81, 97, 96, 81, 98, 97, 81, 99, 98, 81, 100, 99, 81, 101, 100, 81, 102, 101, 81, 103, 102, 81, 52, 103, 81, 56, 53, 54, 56, 54, 55, 56, 57, 58, 56, 58, 59, 56, 59, 60, 56, 60, 61, 56, 61, 62, 56, 62, 63, 56, 63, 64, 56, 64, 65, 56, 65, 66, 56, 66, 67, 56, 67, 68, 56, 68, 69, 56, 69, 70, 56, 70, 71, 56, 71, 72, 56, 72, 73, 56, 73, 74, 56, 74, 75, 56, 75, 76, 56, 76, 77, 56, 77, 78, 56, 78, 53]
       point3f[] points = [(27.345, -10, 4.15), (27.345, -4, 4.15), (27.346598, -4, 4.163162), (27.3513, -4, 4.17556), (27.358831, -4, 4.186472), (27.368757, -4, 4.1952643), (27.380497, -4, 4.201426), (27.39337, -4, 4.204599), (27.40663, -4, 4.204599), (27.419504, -4, 4.201426), (27.431244, -4, 4.1952643), (27.441168, -4, 4.186472), (27.4487, -4, 4.17556), (27.453402, -4, 4.163162), (27.455, -4, 4.15), (27.453402, -4, 4.1368375), (27.4487, -4, 4.12444), (27.441168, -4, 4.1135283), (27.431244, -4, 4.104736), (27.419504, -4, 4.098574), (27.40663, -4, 4.095401), (27.39337, -4, 4.095401), (27.380497, -4, 4.098574), (27.368757, -4, 4.104736), (27.358831, -4, 4.1135283), (27.3513, -4, 4.12444), (27.346598, -4, 4.1368375), (27.346598, -10, 4.163162), (27.3513, -10, 4.17556), (27.358831, -10, 4.186472), (27.368757, -10, 4.1952643), (27.380497, -10, 4.201426), (27.39337, -10, 4.204599), (27.40663, -10, 4.204599), (27.419504, -10, 4.201426), (27.431244, -10, 4.1952643), (27.441168, -10, 4.186472), (27.4487, -10, 4.17556), (27.453402, -10, 4.163162), (27.455, -10, 4.15), (27.453402, -10, 4.1368375), (27.4487, -10, 4.12444), (27.441168, -10, 4.1135283), (27.431244, -10, 4.104736), (27.419504, -10, 4.098574), (27.40663, -10, 4.095401), (27.39337, -10, 4.095401), (27.380497, -10, 4.098574), (27.368757, -10, 4.104736), (27.358831, -10, 4.1135283), (27.3513, -10, 4.12444), (27.346598, -10, 4.1368375), (27.4, -3.945, 4.15), (27.4, -3.945, 1), (27.413162, -3.9465983, 1), (27.42556, -3.9513, 1), (27.436472, -3.958832, 1), (27.445265, -3.9687564, 1), (27.451426, -3.9804966, 1), (27.4546, -3.9933705, 1), (27.4546, -4.0066295, 1), (27.451426, -4.019503, 1), (27.445265, -4.0312433, 1), (27.436472, -4.041168, 1), (27.42556, -4.0487, 1), (27.413162, -4.053402, 1), (27.4, -4.055, 1), (27.386837, -4.053402, 1), (27.374441, -4.0487, 1), (27.36353, -4.041168, 1), (27.354736, -4.0312433, 1), (27.348574, -4.019503, 1), (27.345402, -4.0066295, 1), (27.345402, -3.9933705, 1), (27.348574, -3.9804966, 1), (27.354736, -3.9687564, 1), (27.36353, -3.958832, 1), (27.374441, -3.9513, 1), (27.386837, -3.9465983, 1), (27.413162, -3.9465983, 4.15), (27.42556, -3.9513, 4.15), (27.436472, -3.958832, 4.15), (27.445265, -3.9687564, 4.15), (27.451426, -3.9804966, 4.15), (27.4546, -3.9933705, 4.15), (27.4546, -4.0066295, 4.15), (27.451426, -4.019503, 4.15), (27.445265, -4.0312433, 4.15), (27.436472, -4.041168, 4.15), (27.42556, -4.0487, 4.15), (27.413162, -4.053402, 4.15), (27.4, -4.055, 4.15), (27.386837, -4.053402, 4.15), (27.374441, -4.0487, 4.15), (27.36353, -4.041168, 4.15), (27.354736, -4.0312433, 4.15), (27.348574, -4.019503, 4.15), (27.345402, -4.0066295, 4.15), (27.345402, -3.9933705, 4.15), (27.348574, -3.9804966, 4.15), (27.354736, -3.9687564, 4.15), (27.36353, -3.958832, 4.15), (27.374441, -3.9513, 4.15), (27.386837, -3.9465983, 4.15)]
       color3f[] primvars:displayColor = [(0.72, 0.77, 0.8)]
      }

      def AecoPort "Port"
      {
       uniform token aeco:flowDirection = "bidirectional"
       string aeco:id = "59607b9d-8819-5c49-994d-fe2ecabad88c"
       uniform token aeco:medium = "pipe"
       matrix4d xformOp:transform = ( (1, 0, 0, 0), (0, 1, 0, 0), (0, 0, 1, 0), (27.4, -4, 1, 1) )
       uniform token[] xformOpOrder = ["xformOp:transform"]
      }

      def AecoPort "Port_839e88"
      {
       uniform token aeco:flowDirection = "bidirectional"
       string aeco:id = "839e8811-1a9f-5fdd-97c0-a0071c685cd6"
       uniform token aeco:medium = "pipe"
       matrix4d xformOp:transform = ( (1, 0, 0, 0), (0, 1, 0, 0), (0, 0, 1, 0), (27.4, -10, 4.15, 1) )
       uniform token[] xformOpOrder = ["xformOp:transform"]
      }
     }

     def Xform "san_pod_2" (
      prepend apiSchemas = ["AecoElementAPI", "AecoClassificationAPI:ifc"]
     )
     {
      string aeco:class:ifc:code = "IfcSanitaryTerminal.WASHHANDBASIN"
      string aeco:class:ifc:name = "san.pod.2"
      string aeco:id = "78ff9628-38c7-5c69-b583-632c816608bb"
      uniform token aeco:phase = "proposed"
      custom string aeco:props:DC_Identity:Discipline = "coordination"
      custom string aeco:props:DC_Identity:Id = "san.pod.2"
      custom string aeco:props:Pset_SanitaryTerminalTypeCommon:Status = "NEW"
      matrix4d xformOp:transform = ( (1, 0, 0, 0), (0, 1, 0, 0), (0, 0, 1, 0), (27.4, -9, 4, 1) )
      uniform token[] xformOpOrder = ["xformOp:transform"]

      def Mesh "Geom" (
       prepend apiSchemas = ["AecoDerivedGeometryAPI"]
      )
      {
       uniform token aeco:derived:approx = "tessellated"
       uniform token aeco:derived:role = "body"
       string aeco:derived:source = "78ff9628-38c7-5c69-b583-632c816608bb"
       string aeco:derived:stamp = "ifc2usdaeco (ifcopenshell 0.8.5)"
       uniform bool doubleSided = 1
       float3[] extent = [(-0.3, -0.35, 0), (0.3, 0.35, 0.8)]
       int[] faceVertexCounts = [3, 3, 3, 3, 3, 3, 3, 3, 3, 3, 3, 3]
       int[] faceVertexIndices = [1, 0, 3, 2, 1, 3, 2, 3, 5, 4, 2, 5, 4, 5, 7, 6, 4, 7, 6, 7, 0, 1, 6, 0, 3, 0, 5, 0, 7, 5, 4, 1, 2, 4, 6, 1]
       point3f[] points = [(-0.3, -0.35, 0), (-0.3, -0.35, 0.8), (0.3, -0.35, 0.8), (0.3, -0.35, 0), (0.3, 0.35, 0.8), (0.3, 0.35, 0), (-0.3, 0.35, 0.8), (-0.3, 0.35, 0)]
       color3f[] primvars:displayColor = [(0.72, 0.77, 0.8)]
      }

      def AecoPort "Port"
      {
       uniform token aeco:flowDirection = "bidirectional"
       string aeco:id = "1116442e-9df6-5d74-8c9e-b447a4705624"
       uniform token aeco:medium = "pipe"
       matrix4d xformOp:transform = ( (1, 0, 0, 0), (0, 1, 0, 0), (0, 0, 1, 0), (0, 0, 0.15000000000000036, 1) )
       uniform token[] xformOpOrder = ["xformOp:transform"]
      }
     }

     def Xform "pod_wc" (
      prepend apiSchemas = ["AecoElementAPI", "AecoClassificationAPI:ifc"]
     )
     {
      string aeco:class:ifc:code = "IfcElementAssembly.Prefabricated bathroom pod"
      string aeco:class:ifc:name = "pod.wc"
      string aeco:id = "b5bde906-c097-5af5-bf4e-03cee37f130b"
      uniform token aeco:phase = "proposed"
      custom string aeco:props:DC_Construction:Description = "Prefabricated bathroom pod, final position"
      custom string aeco:props:DC_Identity:Discipline = "coordination"
      custom string aeco:props:DC_Identity:Id = "pod.wc"
      custom string aeco:props:Pset_ElementAssemblyCommon:Status = "NEW"
      matrix4d xformOp:transform = ( (1, 0, 0, 0), (0, 1, 0, 0), (0, 0, 1, 0), (27.4, -10, 4, 1) )
      uniform token[] xformOpOrder = ["xformOp:transform"]

      def Mesh "Geom" (
       prepend apiSchemas = ["AecoDerivedGeometryAPI"]
      )
      {
       uniform token aeco:derived:approx = "tessellated"
       uniform token aeco:derived:role = "body"
       string aeco:derived:source = "b5bde906-c097-5af5-bf4e-03cee37f130b"
       string aeco:derived:stamp = "ifc2usdaeco (ifcopenshell 0.8.5)"
       uniform bool doubleSided = 1
       float3[] extent = [(-1.2, -1.8, 0), (1.2, 1.8, 2.5)]
       int[] faceVertexCounts = [3, 3, 3, 3, 3, 3, 3, 3, 3, 3, 3, 3]
       int[] faceVertexIndices = [1, 0, 3, 2, 1, 3, 2, 3, 5, 4, 2, 5, 4, 5, 7, 6, 4, 7, 6, 7, 0, 1, 6, 0, 3, 0, 5, 0, 7, 5, 4, 1, 2, 4, 6, 1]
       point3f[] points = [(-1.2, -1.8, 0), (-1.2, -1.8, 2.5), (1.2, -1.8, 2.5), (1.2, -1.8, 0), (1.2, 1.8, 2.5), (1.2, 1.8, 0), (-1.2, 1.8, 2.5), (-1.2, 1.8, 0)]
       color3f[] primvars:displayColor = [(0.72, 0.77, 0.8)]
      }
     }
    }

    def AecoSpace "Stair_L01" (
     prepend apiSchemas = ["AecoClassificationAPI:ifc"]
    )
    {
     string aeco:class:ifc:code = "IfcSpace"
     string aeco:class:ifc:name = "Stair L01"
     string aeco:id = "e0c7c2e3-3201-560f-84c9-8cbb69ca4804"
     custom string aeco:props:DC_Identity:Discipline = "coordination"
     custom string aeco:props:DC_Identity:Id = "sp.stair.1"
     custom string aeco:props:DC_Space:SpaceType = "stair"
     custom bool aeco:props:Pset_SpaceCommon:IsExternal = 0
     custom string aeco:props:Pset_SpaceCommon:Reference = "sp.stair.1"
     custom string aeco:props:Pset_SpaceCommon:Status = "NEW"
     custom double aeco:props:Qto_SpaceBaseQuantities:GrossFloorArea = 9
     custom double aeco:props:Qto_SpaceBaseQuantities:GrossVolume = 27
     custom double aeco:props:Qto_SpaceBaseQuantities:Height = 3
     matrix4d xformOp:transform = ( (1, 0, 0, 0), (0, 1, 0, 0), (0, 0, 1, 0), (0, 0, -4, 1) )
     uniform token[] xformOpOrder = ["xformOp:transform"]

     def Mesh "Extent" (
      prepend apiSchemas = ["AecoDerivedGeometryAPI"]
     )
     {
      uniform token aeco:derived:approx = "tessellated"
      uniform token aeco:derived:role = "extent"
      string aeco:derived:source = "e0c7c2e3-3201-560f-84c9-8cbb69ca4804"
      string aeco:derived:stamp = "ifc2usdaeco (ifcopenshell 0.8.5)"
      uniform bool doubleSided = 1
      float3[] extent = [(-1.5, -1.5, 0), (1.5, 1.5, 3)]
      int[] faceVertexCounts = [3, 3, 3, 3, 3, 3, 3, 3, 3, 3, 3, 3]
      int[] faceVertexIndices = [1, 0, 3, 2, 1, 3, 2, 3, 5, 4, 2, 5, 4, 5, 7, 6, 4, 7, 6, 7, 0, 1, 6, 0, 3, 0, 5, 0, 7, 5, 4, 1, 2, 4, 6, 1]
      point3f[] points = [(-1.5, -1.5, 0), (-1.5, -1.5, 3), (1.5, -1.5, 3), (1.5, -1.5, 0), (1.5, 1.5, 3), (1.5, 1.5, 0), (-1.5, 1.5, 3), (-1.5, 1.5, 0)]
      color3f[] primvars:displayColor = [(0.65, 0.75, 0.8)]
      uniform token purpose = "guide"
      matrix4d xformOp:transform = ( (1, 0, 0, 0), (0, 1, 0, 0), (0, 0, 1, 0), (13.5, -1.5, 4, 1) )
      uniform token[] xformOpOrder = ["xformOp:transform"]
     }

     def Xform "Office_Stair" (
      prepend apiSchemas = ["AecoElementAPI", "AecoClassificationAPI:ifc"]
     )
     {
      string aeco:class:ifc:code = "IfcStair.STRAIGHT_RUN_STAIR"
      string aeco:class:ifc:name = "Office Stair"
      string aeco:id = "433acb7c-dbba-5481-96c6-de9afd976ddd"
      uniform token aeco:phase = "proposed"
      custom string aeco:props:DC_Identity:Discipline = "coordination"
      custom string aeco:props:DC_Identity:Id = "arch.stair.2"
      custom bool aeco:props:Pset_StairCommon:IsExternal = 0
      custom string aeco:props:Pset_StairCommon:Status = "NEW"
      matrix4d xformOp:transform = ( (0, 1, 0, 0), (0, 0, 1, 0), (1, 0, 0, 0), (12.9, -2.9, 4, 1) )
      uniform token[] xformOpOrder = ["xformOp:transform"]

      def Mesh "Geom" (
       prepend apiSchemas = ["AecoDerivedGeometryAPI"]
      )
      {
       uniform token aeco:derived:approx = "tessellated"
       uniform token aeco:derived:role = "body"
       string aeco:derived:source = "433acb7c-dbba-5481-96c6-de9afd976ddd"
       string aeco:derived:stamp = "ifc2usdaeco (ifcopenshell 0.8.5)"
       uniform bool doubleSided = 1
       float3[] extent = [(0, 0, 0), (2.8, 3, 1.2)]
       int[] faceVertexCounts = [3, 3, 3, 3, 3, 3, 3, 3, 3, 3, 3, 3, 3, 3, 3, 3, 3, 3, 3, 3]
       int[] faceVertexIndices = [1, 0, 3, 2, 1, 3, 2, 3, 5, 4, 2, 5, 4, 5, 7, 6, 4, 7, 6, 7, 9, 8, 6, 9, 8, 9, 11, 10, 8, 11, 10, 11, 0, 1, 10, 0, 3, 11, 9, 5, 3, 7, 3, 9, 7, 11, 3, 0, 8, 10, 2, 6, 2, 4, 6, 8, 2, 1, 2, 10]
       point3f[] points = [(0, 0, 0), (0, 0, 1.2), (1.5, 2.7, 1.2), (1.5, 2.7, 0), (2.8, 2.7, 1.2), (2.8, 2.7, 0), (2.8, 3, 1.2), (2.8, 3, 0), (1.5, 3, 1.2), (1.5, 3, 0), (0, 0.3, 1.2), (0, 0.3, 0)]
       color3f[] primvars:displayColor = [(0.62, 0.62, 0.6)]
      }
     }
    }

    def AecoSpace "Meeting_Room_L01" (
     prepend apiSchemas = ["AecoClassificationAPI:ifc"]
    )
    {
     string aeco:class:ifc:code = "IfcSpace"
     string aeco:class:ifc:name = "Meeting Room L01"
     string aeco:id = "ec7507b6-b9b2-5391-99f7-4ddebb13178e"
     custom string aeco:props:DC_Identity:Discipline = "coordination"
     custom string aeco:props:DC_Identity:Id = "sp.meeting.1"
     custom string aeco:props:DC_Space:SpaceType = "meeting"
     custom bool aeco:props:Pset_SpaceCommon:IsExternal = 0
     custom string aeco:props:Pset_SpaceCommon:Reference = "sp.meeting.1"
     custom string aeco:props:Pset_SpaceCommon:Status = "NEW"
     custom double aeco:props:Qto_SpaceBaseQuantities:GrossFloorArea = 36
     custom double aeco:props:Qto_SpaceBaseQuantities:GrossVolume = 108
     custom double aeco:props:Qto_SpaceBaseQuantities:Height = 3
     matrix4d xformOp:transform = ( (1, 0, 0, 0), (0, 1, 0, 0), (0, 0, 1, 0), (0, 0, -4, 1) )
     uniform token[] xformOpOrder = ["xformOp:transform"]

     def Mesh "Extent" (
      prepend apiSchemas = ["AecoDerivedGeometryAPI"]
     )
     {
      uniform token aeco:derived:approx = "tessellated"
      uniform token aeco:derived:role = "extent"
      string aeco:derived:source = "ec7507b6-b9b2-5391-99f7-4ddebb13178e"
      string aeco:derived:stamp = "ifc2usdaeco (ifcopenshell 0.8.5)"
      uniform bool doubleSided = 1
      float3[] extent = [(-2, -4.5, 0), (2, 4.5, 3)]
      int[] faceVertexCounts = [3, 3, 3, 3, 3, 3, 3, 3, 3, 3, 3, 3]
      int[] faceVertexIndices = [1, 0, 3, 2, 1, 3, 2, 3, 5, 4, 2, 5, 4, 5, 7, 6, 4, 7, 6, 7, 0, 1, 6, 0, 3, 0, 5, 0, 7, 5, 4, 1, 2, 4, 6, 1]
      point3f[] points = [(-2, -4.5, 0), (-2, -4.5, 3), (2, -4.5, 3), (2, -4.5, 0), (2, 4.5, 3), (2, 4.5, 0), (-2, 4.5, 3), (-2, 4.5, 0)]
      color3f[] primvars:displayColor = [(0.65, 0.75, 0.8)]
      uniform token purpose = "guide"
      matrix4d xformOp:transform = ( (1, 0, 0, 0), (0, 1, 0, 0), (0, 0, 1, 0), (24, -7.5, 4, 1) )
      uniform token[] xformOpOrder = ["xformOp:transform"]
     }
    }

    def Xform "wall_l1_v_017" (
     prepend apiSchemas = ["AecoElementAPI", "AecoClassificationAPI:ifc", "AecoAxisAPI"]
     prepend inherits = </demo_datacentre_01/_TypeCatalog/External_Wall_300>
    )
    {
     double3 aeco:axis:end = (4, 0, 0)
     double aeco:axis:length = 4
     double3 aeco:axis:start = (0, 0, 0)
     string aeco:class:ifc:code = "IfcWall.SOLIDWALL"
     string aeco:class:ifc:name = "wall.l1.v.017"
     string aeco:id = "17fabf2a-db55-5b3d-acbe-4cc963ed34b0"
     uniform token aeco:phase = "proposed"
     custom string aeco:props:DC_Identity:Discipline = "coordination"
     custom string aeco:props:DC_Identity:Id = "wall.l1.v.017"
     custom string aeco:props:Pset_WallCommon:FireRating = "REI 120"
     custom bool aeco:props:Pset_WallCommon:IsExternal = 1
     custom bool aeco:props:Pset_WallCommon:LoadBearing = 1
     custom string aeco:props:Pset_WallCommon:Status = "NEW"
     custom double aeco:props:Qto_WallBaseQuantities:GrossSideArea = 12
     custom double aeco:props:Qto_WallBaseQuantities:GrossVolume = 3.5999999999999996
     custom double aeco:props:Qto_WallBaseQuantities:Height = 3
     custom double aeco:props:Qto_WallBaseQuantities:Length = 4
     custom double aeco:props:Qto_WallBaseQuantities:Width = 0.3
     matrix4d xformOp:transform = ( (0, 1, 0, 0), (-1, 0, 0, 0), (0, 0, 1, 0), (30, -12, 0, 1) )
     uniform token[] xformOpOrder = ["xformOp:transform"]

     def Mesh "Geom" (
      prepend apiSchemas = ["AecoDerivedGeometryAPI"]
     )
     {
      uniform token aeco:derived:approx = "tessellated"
      uniform token aeco:derived:role = "body"
      string aeco:derived:source = "17fabf2a-db55-5b3d-acbe-4cc963ed34b0"
      string aeco:derived:stamp = "ifc2usdaeco (ifcopenshell 0.8.5)"
      uniform bool doubleSided = 1
      float3[] extent = [(0, -0.15, 0), (4, 0.15, 3)]
      int[] faceVertexCounts = [3, 3, 3, 3, 3, 3, 3, 3, 3, 3, 3, 3]
      int[] faceVertexIndices = [3, 0, 1, 3, 1, 2, 5, 3, 2, 5, 2, 4, 7, 5, 4, 7, 4, 6, 0, 7, 6, 0, 6, 1, 3, 5, 7, 3, 7, 0, 6, 4, 2, 1, 6, 2]
      point3f[] points = [(0, -0.15, 0), (0, -0.15, 3), (0, 0.15, 3), (0, 0.15, 0), (4, 0.15, 3), (4, 0.15, 0), (4, -0.15, 3), (4, -0.15, 0)]
      color3f[] primvars:displayColor = [(0.72, 0.72, 0.7)]
     }
    }

    def Xform "wall_l1_h_001" (
     prepend apiSchemas = ["AecoElementAPI", "AecoClassificationAPI:ifc", "AecoAxisAPI"]
     prepend inherits = </demo_datacentre_01/_TypeCatalog/External_Wall_300>
    )
    {
     double3 aeco:axis:end = (10, 0, 0)
     double aeco:axis:length = 10
     double3 aeco:axis:start = (0, 0, 0)
     string aeco:class:ifc:code = "IfcWall.SOLIDWALL"
     string aeco:class:ifc:name = "wall.l1.h.001"
     string aeco:id = "1aba178f-cac6-5655-9fb3-22c675cc2dd7"
     uniform token aeco:phase = "proposed"
     custom string aeco:props:DC_Identity:Discipline = "coordination"
     custom string aeco:props:DC_Identity:Id = "wall.l1.h.001"
     custom string aeco:props:Pset_WallCommon:FireRating = "REI 120"
     custom bool aeco:props:Pset_WallCommon:IsExternal = 1
     custom bool aeco:props:Pset_WallCommon:LoadBearing = 1
     custom string aeco:props:Pset_WallCommon:Status = "NEW"
     custom double aeco:props:Qto_WallBaseQuantities:GrossSideArea = 30
     custom double aeco:props:Qto_WallBaseQuantities:GrossVolume = 9
     custom double aeco:props:Qto_WallBaseQuantities:Height = 3
     custom double aeco:props:Qto_WallBaseQuantities:Length = 10
     custom double aeco:props:Qto_WallBaseQuantities:Width = 0.3
     matrix4d xformOp:transform = ( (1, 0, 0, 0), (0, 1, 0, 0), (0, 0, 1, 0), (12, -12, 0, 1) )
     uniform token[] xformOpOrder = ["xformOp:transform"]

     def Mesh "Geom" (
      prepend apiSchemas = ["AecoDerivedGeometryAPI"]
     )
     {
      uniform token aeco:derived:approx = "tessellated"
      uniform token aeco:derived:role = "body"
      string aeco:derived:source = "1aba178f-cac6-5655-9fb3-22c675cc2dd7"
      string aeco:derived:stamp = "ifc2usdaeco (ifcopenshell 0.8.5)"
      uniform bool doubleSided = 1
      float3[] extent = [(0, -0.15, 0), (10, 0.15, 3)]
      int[] faceVertexCounts = [3, 3, 3, 3, 3, 3, 3, 3, 3, 3, 3, 3]
      int[] faceVertexIndices = [3, 0, 1, 3, 1, 2, 4, 3, 2, 5, 3, 4, 7, 5, 4, 7, 4, 6, 1, 7, 6, 0, 7, 1, 0, 5, 7, 3, 5, 0, 6, 4, 1, 1, 4, 2]
      point3f[] points = [(0, -0.15, 0), (0, -0.15, 3), (0, 0.15, 3), (0, 0.15, 0), (10, 0.15, 3), (10, 0.15, 0), (10, -0.15, 3), (10, -0.15, 0)]
      color3f[] primvars:displayColor = [(0.72, 0.72, 0.7)]
     }
    }

    def Xform "wall_l1_v_014" (
     prepend apiSchemas = ["AecoElementAPI", "AecoClassificationAPI:ifc", "AecoAxisAPI"]
     prepend inherits = </demo_datacentre_01/_TypeCatalog/Internal_Wall_150>
    )
    {
     double3 aeco:axis:end = (9, 0, 0)
     double aeco:axis:length = 9
     double3 aeco:axis:start = (0, 0, 0)
     string aeco:class:ifc:code = "IfcWall.PARTITIONING"
     string aeco:class:ifc:name = "wall.l1.v.014"
     string aeco:id = "2a39d1c5-51fc-50c0-b5ab-579342c7c597"
     uniform token aeco:phase = "proposed"
     custom string aeco:props:DC_Identity:Discipline = "coordination"
     custom string aeco:props:DC_Identity:Id = "wall.l1.v.014"
     custom string aeco:props:Pset_WallCommon:FireRating = "REI 30"
     custom bool aeco:props:Pset_WallCommon:IsExternal = 0
     custom bool aeco:props:Pset_WallCommon:LoadBearing = 0
     custom string aeco:props:Pset_WallCommon:Status = "NEW"
     custom double aeco:props:Qto_WallBaseQuantities:GrossSideArea = 27
     custom double aeco:props:Qto_WallBaseQuantities:GrossVolume = 4.05
     custom double aeco:props:Qto_WallBaseQuantities:Height = 3
     custom double aeco:props:Qto_WallBaseQuantities:Length = 9
     custom double aeco:props:Qto_WallBaseQuantities:Width = 0.15
     matrix4d xformOp:transform = ( (0, 1, 0, 0), (-1, 0, 0, 0), (0, 0, 1, 0), (22, -12, 0, 1) )
     uniform token[] xformOpOrder = ["xformOp:transform"]

     def Mesh "Geom" (
      prepend apiSchemas = ["AecoDerivedGeometryAPI"]
     )
     {
      uniform token aeco:derived:approx = "tessellated"
      uniform token aeco:derived:role = "body"
      string aeco:derived:source = "2a39d1c5-51fc-50c0-b5ab-579342c7c597"
      string aeco:derived:stamp = "ifc2usdaeco (ifcopenshell 0.8.5)"
      uniform bool doubleSided = 1
      float3[] extent = [(0, -0.075, 0), (9, 0.075, 3)]
      int[] faceVertexCounts = [3, 3, 3, 3, 3, 3, 3, 3, 3, 3, 3, 3]
      int[] faceVertexIndices = [3, 0, 1, 3, 1, 2, 5, 3, 2, 5, 2, 4, 7, 5, 4, 7, 4, 6, 0, 7, 6, 0, 6, 1, 3, 5, 7, 3, 7, 0, 6, 4, 2, 1, 6, 2]
      point3f[] points = [(0, -0.075, 0), (0, -0.075, 3), (0, 0.075, 3), (0, 0.075, 0), (9, 0.075, 3), (9, 0.075, 0), (9, -0.075, 3), (9, -0.075, 0)]
      color3f[] primvars:displayColor = [(0.86, 0.86, 0.84)]
     }
    }

    def Xform "wall_l1_h_008" (
     prepend apiSchemas = ["AecoElementAPI", "AecoClassificationAPI:ifc", "AecoAxisAPI"]
     prepend inherits = </demo_datacentre_01/_TypeCatalog/Internal_Wall_150>
    )
    {
     double3 aeco:axis:end = (4, 0, 0)
     double aeco:axis:length = 4
     double3 aeco:axis:start = (0, 0, 0)
     string aeco:class:ifc:code = "IfcWall.PARTITIONING"
     string aeco:class:ifc:name = "wall.l1.h.008"
     string aeco:id = "43540151-c12f-56c9-b032-2b64fd66c8e4"
     uniform token aeco:phase = "proposed"
     custom string aeco:props:DC_Identity:Discipline = "coordination"
     custom string aeco:props:DC_Identity:Id = "wall.l1.h.008"
     custom string aeco:props:Pset_WallCommon:FireRating = "REI 30"
     custom bool aeco:props:Pset_WallCommon:IsExternal = 0
     custom bool aeco:props:Pset_WallCommon:LoadBearing = 0
     custom string aeco:props:Pset_WallCommon:Status = "NEW"
     custom double aeco:props:Qto_WallBaseQuantities:GrossSideArea = 12
     custom double aeco:props:Qto_WallBaseQuantities:GrossVolume = 1.7999999999999998
     custom double aeco:props:Qto_WallBaseQuantities:Height = 3
     custom double aeco:props:Qto_WallBaseQuantities:Length = 4
     custom double aeco:props:Qto_WallBaseQuantities:Width = 0.15
     matrix4d xformOp:transform = ( (1, 0, 0, 0), (0, 1, 0, 0), (0, 0, 1, 0), (26, -3, 0, 1) )
     uniform token[] xformOpOrder = ["xformOp:transform"]

     def Mesh "Geom" (
      prepend apiSchemas = ["AecoDerivedGeometryAPI"]
     )
     {
      uniform token aeco:derived:approx = "tessellated"
      uniform token aeco:derived:role = "body"
      string aeco:derived:source = "43540151-c12f-56c9-b032-2b64fd66c8e4"
      string aeco:derived:stamp = "ifc2usdaeco (ifcopenshell 0.8.5)"
      uniform bool doubleSided = 1
      float3[] extent = [(0, -0.075, -2.220446e-16), (4, 0.075, 3)]
      int[] faceVertexCounts = [3, 3, 3, 3, 3, 3, 3, 3, 3, 3, 3, 3, 3, 3, 3, 3, 3, 3, 3, 3, 3, 3, 3, 3, 3, 3, 3, 3]
      int[] faceVertexIndices = [1, 0, 3, 2, 1, 3, 2, 4, 5, 3, 4, 2, 4, 6, 7, 4, 7, 5, 7, 8, 9, 6, 8, 7, 9, 8, 11, 10, 9, 11, 10, 11, 13, 12, 10, 13, 13, 14, 15, 13, 15, 12, 14, 0, 1, 14, 1, 15, 0, 14, 4, 13, 6, 4, 13, 4, 14, 3, 0, 4, 11, 8, 6, 11, 6, 13, 5, 15, 1, 5, 7, 12, 15, 5, 12, 5, 1, 2, 7, 9, 10, 12, 7, 10]
      point3f[] points = [(4, -0.075, 0), (4, 0.075, 0), (2.45, 0.075, -2.220446e-16), (2.45, -0.075, -2.220446e-16), (2.45, -0.075, 2.1), (2.45, 0.075, 2.1), (1.55, -0.075, 2.1), (1.55, 0.075, 2.1), (1.55, -0.075, -2.220446e-16), (1.55, 0.075, -2.220446e-16), (0, 0.075, 0), (0, -0.075, 0), (0, 0.075, 3), (0, -0.075, 3), (4, -0.075, 3), (4, 0.075, 3)]
      color3f[] primvars:displayColor = [(0.86, 0.86, 0.84)]
     }
    }

    def Xform "wall_l1_h_002" (
     prepend apiSchemas = ["AecoElementAPI", "AecoClassificationAPI:ifc", "AecoAxisAPI"]
     prepend inherits = </demo_datacentre_01/_TypeCatalog/External_Wall_300>
    )
    {
     double3 aeco:axis:end = (4, 0, 0)
     double aeco:axis:length = 4
     double3 aeco:axis:start = (0, 0, 0)
     string aeco:class:ifc:code = "IfcWall.SOLIDWALL"
     string aeco:class:ifc:name = "wall.l1.h.002"
     string aeco:id = "4556958a-1b5c-5eeb-89a9-7cf49af08c5a"
     uniform token aeco:phase = "proposed"
     custom string aeco:props:DC_Identity:Discipline = "coordination"
     custom string aeco:props:DC_Identity:Id = "wall.l1.h.002"
     custom string aeco:props:Pset_WallCommon:FireRating = "REI 120"
     custom bool aeco:props:Pset_WallCommon:IsExternal = 1
     custom bool aeco:props:Pset_WallCommon:LoadBearing = 1
     custom string aeco:props:Pset_WallCommon:Status = "NEW"
     custom double aeco:props:Qto_WallBaseQuantities:GrossSideArea = 12
     custom double aeco:props:Qto_WallBaseQuantities:GrossVolume = 3.5999999999999996
     custom double aeco:props:Qto_WallBaseQuantities:Height = 3
     custom double aeco:props:Qto_WallBaseQuantities:Length = 4
     custom double aeco:props:Qto_WallBaseQuantities:Width = 0.3
     matrix4d xformOp:transform = ( (1, 0, 0, 0), (0, 1, 0, 0), (0, 0, 1, 0), (22, -12, 0, 1) )
     uniform token[] xformOpOrder = ["xformOp:transform"]

     def Mesh "Geom" (
      prepend apiSchemas = ["AecoDerivedGeometryAPI"]
     )
     {
      uniform token aeco:derived:approx = "tessellated"
      uniform token aeco:derived:role = "body"
      string aeco:derived:source = "4556958a-1b5c-5eeb-89a9-7cf49af08c5a"
      string aeco:derived:stamp = "ifc2usdaeco (ifcopenshell 0.8.5)"
      uniform bool doubleSided = 1
      float3[] extent = [(0, -0.15, 0), (4, 0.15, 3)]
      int[] faceVertexCounts = [3, 3, 3, 3, 3, 3, 3, 3, 3, 3, 3, 3]
      int[] faceVertexIndices = [3, 0, 1, 3, 1, 2, 5, 3, 2, 5, 2, 4, 7, 5, 4, 7, 4, 6, 0, 7, 6, 0, 6, 1, 3, 5, 7, 3, 7, 0, 6, 4, 2, 1, 6, 2]
      point3f[] points = [(0, -0.15, 0), (0, -0.15, 3), (0, 0.15, 3), (0, 0.15, 0), (4, 0.15, 3), (4, 0.15, 0), (4, -0.15, 3), (4, -0.15, 0)]
      color3f[] primvars:displayColor = [(0.72, 0.72, 0.7)]
     }
    }

    def Xform "wall_l1_h_010" (
     prepend apiSchemas = ["AecoElementAPI", "AecoClassificationAPI:ifc", "AecoAxisAPI"]
     prepend inherits = </demo_datacentre_01/_TypeCatalog/External_Wall_300>
    )
    {
     double3 aeco:axis:end = (15, 0, 0)
     double aeco:axis:length = 15
     double3 aeco:axis:start = (0, 0, 0)
     string aeco:class:ifc:code = "IfcWall.SOLIDWALL"
     string aeco:class:ifc:name = "wall.l1.h.010"
     string aeco:id = "46bb8ddc-66ac-5ee6-ba2f-72feb5bf8844"
     uniform token aeco:phase = "proposed"
     custom string aeco:props:DC_Identity:Discipline = "coordination"
     custom string aeco:props:DC_Identity:Id = "wall.l1.h.010"
     custom string aeco:props:Pset_WallCommon:FireRating = "REI 120"
     custom bool aeco:props:Pset_WallCommon:IsExternal = 1
     custom bool aeco:props:Pset_WallCommon:LoadBearing = 1
     custom string aeco:props:Pset_WallCommon:Status = "NEW"
     custom double aeco:props:Qto_WallBaseQuantities:GrossSideArea = 45
     custom double aeco:props:Qto_WallBaseQuantities:GrossVolume = 13.5
     custom double aeco:props:Qto_WallBaseQuantities:Height = 3
     custom double aeco:props:Qto_WallBaseQuantities:Length = 15
     custom double aeco:props:Qto_WallBaseQuantities:Width = 0.3
     matrix4d xformOp:transform = ( (1, 0, 0, 0), (0, 1, 0, 0), (0, 0, 1, 0), (15, 0, 0, 1) )
     uniform token[] xformOpOrder = ["xformOp:transform"]

     def Mesh "Geom" (
      prepend apiSchemas = ["AecoDerivedGeometryAPI"]
     )
     {
      uniform token aeco:derived:approx = "tessellated"
      uniform token aeco:derived:role = "body"
      string aeco:derived:source = "46bb8ddc-66ac-5ee6-ba2f-72feb5bf8844"
      string aeco:derived:stamp = "ifc2usdaeco (ifcopenshell 0.8.5)"
      uniform bool doubleSided = 1
      float3[] extent = [(0, -0.15, 0), (15, 0.15, 3)]
      int[] faceVertexCounts = [3, 3, 3, 3, 3, 3, 3, 3, 3, 3, 3, 3]
      int[] faceVertexIndices = [3, 0, 1, 3, 1, 2, 5, 3, 2, 5, 2, 4, 7, 5, 4, 7, 4, 6, 0, 7, 6, 0, 6, 1, 3, 5, 7, 3, 7, 0, 6, 4, 2, 1, 6, 2]
      point3f[] points = [(0, -0.15, 0), (0, -0.15, 3), (0, 0.15, 3), (0, 0.15, 0), (15, 0.15, 3), (15, 0.15, 0), (15, -0.15, 3), (15, -0.15, 0)]
      color3f[] primvars:displayColor = [(0.72, 0.72, 0.7)]
     }
    }

    def Xform "wall_l1_h_007" (
     prepend apiSchemas = ["AecoElementAPI", "AecoClassificationAPI:ifc", "AecoAxisAPI"]
     prepend inherits = </demo_datacentre_01/_TypeCatalog/Internal_Wall_150>
    )
    {
     double3 aeco:axis:end = (4, 0, 0)
     double aeco:axis:length = 4
     double3 aeco:axis:start = (0, 0, 0)
     string aeco:class:ifc:code = "IfcWall.PARTITIONING"
     string aeco:class:ifc:name = "wall.l1.h.007"
     string aeco:id = "51468e7f-5fca-54c5-9547-9c7f5cb51055"
     uniform token aeco:phase = "proposed"
     custom string aeco:props:DC_Identity:Discipline = "coordination"
     custom string aeco:props:DC_Identity:Id = "wall.l1.h.007"
     custom string aeco:props:Pset_WallCommon:FireRating = "REI 30"
     custom bool aeco:props:Pset_WallCommon:IsExternal = 0
     custom bool aeco:props:Pset_WallCommon:LoadBearing = 0
     custom string aeco:props:Pset_WallCommon:Status = "NEW"
     custom double aeco:props:Qto_WallBaseQuantities:GrossSideArea = 12
     custom double aeco:props:Qto_WallBaseQuantities:GrossVolume = 1.7999999999999998
     custom double aeco:props:Qto_WallBaseQuantities:Height = 3
     custom double aeco:props:Qto_WallBaseQuantities:Length = 4
     custom double aeco:props:Qto_WallBaseQuantities:Width = 0.15
     matrix4d xformOp:transform = ( (1, 0, 0, 0), (0, 1, 0, 0), (0, 0, 1, 0), (22, -3, 0, 1) )
     uniform token[] xformOpOrder = ["xformOp:transform"]

     def Mesh "Geom" (
      prepend apiSchemas = ["AecoDerivedGeometryAPI"]
     )
     {
      double aeco:body:tolerance = 0 (
       aecoDerived = true
      )
      uniform token aeco:derived:approx = "tessellated"
      uniform token aeco:derived:role = "body"
      string aeco:derived:source = "51468e7f-5fca-54c5-9547-9c7f5cb51055"
      string aeco:derived:stamp = "ifc2usdaeco (ifcopenshell 0.8.5)"
      double aeco:derived:tolerance = 0 (
       aecoDerived = true
      )
      uniform bool doubleSided = 1
      float3[] extent = [(0, -0.075, -2.220446e-16), (4, 0.075, 3)]
      int[] faceVertexCounts = [3, 3, 3, 3, 3, 3, 3, 3, 3, 3, 3, 3, 3, 3, 3, 3, 3, 3, 3, 3, 3, 3, 3, 3, 3, 3, 3, 3]
      int[] faceVertexIndices = [1, 0, 3, 2, 1, 3, 2, 4, 5, 3, 4, 2, 4, 6, 7, 4, 7, 5, 7, 8, 9, 6, 8, 7, 9, 8, 11, 10, 9, 11, 10, 11, 13, 12, 10, 13, 13, 14, 15, 13, 15, 12, 14, 0, 1, 14, 1, 15, 0, 14, 4, 13, 6, 4, 13, 4, 14, 3, 0, 4, 11, 8, 6, 11, 6, 13, 5, 15, 1, 5, 7, 12, 15, 5, 12, 5, 1, 2, 7, 9, 10, 12, 7, 10]
      point3f[] points = [(4, -0.075, 0), (4, 0.075, 0), (2.45, 0.075, -2.220446e-16), (2.45, -0.075, -2.220446e-16), (2.45, -0.075, 2.1), (2.45, 0.075, 2.1), (1.55, -0.075, 2.1), (1.55, 0.075, 2.1), (1.55, -0.075, -2.220446e-16), (1.55, 0.075, -2.220446e-16), (0, 0.075, 0), (0, -0.075, 0), (0, 0.075, 3), (0, -0.075, 3), (4, -0.075, 3), (4, 0.075, 3)]
      color3f[] primvars:displayColor = [(0.86, 0.86, 0.84)]
     }
    }

    def Xform "wall_l1_v_013" (
     prepend apiSchemas = ["AecoElementAPI", "AecoClassificationAPI:ifc", "AecoAxisAPI"]
     prepend inherits = </demo_datacentre_01/_TypeCatalog/Internal_Wall_150>
    )
    {
     double3 aeco:axis:end = (3, 0, 0)
     double aeco:axis:length = 3
     double3 aeco:axis:start = (0, 0, 0)
     string aeco:class:ifc:code = "IfcWall.PARTITIONING"
     string aeco:class:ifc:name = "wall.l1.v.013"
     string aeco:id = "54f3cd30-3297-5932-8281-adfb776aab7d"
     uniform token aeco:phase = "proposed"
     custom string aeco:props:DC_Identity:Discipline = "coordination"
     custom string aeco:props:DC_Identity:Id = "wall.l1.v.013"
     custom string aeco:props:Pset_WallCommon:FireRating = "REI 30"
     custom bool aeco:props:Pset_WallCommon:IsExternal = 0
     custom bool aeco:props:Pset_WallCommon:LoadBearing = 0
     custom string aeco:props:Pset_WallCommon:Status = "NEW"
     custom double aeco:props:Qto_WallBaseQuantities:GrossSideArea = 9
     custom double aeco:props:Qto_WallBaseQuantities:GrossVolume = 1.3499999999999999
     custom double aeco:props:Qto_WallBaseQuantities:Height = 3
     custom double aeco:props:Qto_WallBaseQuantities:Length = 3
     custom double aeco:props:Qto_WallBaseQuantities:Width = 0.15
     matrix4d xformOp:transform = ( (0, 1, 0, 0), (-1, 0, 0, 0), (0, 0, 1, 0), (15, -3, 0, 1) )
     uniform token[] xformOpOrder = ["xformOp:transform"]

     def Mesh "Geom" (
      prepend apiSchemas = ["AecoDerivedGeometryAPI"]
     )
     {
      uniform token aeco:derived:approx = "tessellated"
      uniform token aeco:derived:role = "body"
      string aeco:derived:source = "54f3cd30-3297-5932-8281-adfb776aab7d"
      string aeco:derived:stamp = "ifc2usdaeco (ifcopenshell 0.8.5)"
      uniform bool doubleSided = 1
      float3[] extent = [(0, -0.075, -2.220446e-16), (3, 0.075, 3)]
      int[] faceVertexCounts = [3, 3, 3, 3, 3, 3, 3, 3, 3, 3, 3, 3, 3, 3, 3, 3, 3, 3, 3, 3, 3, 3, 3, 3, 3, 3, 3, 3]
      int[] faceVertexIndices = [1, 0, 3, 2, 1, 3, 2, 3, 4, 4, 3, 5, 4, 5, 7, 6, 4, 7, 6, 7, 8, 8, 7, 9, 8, 9, 11, 10, 8, 11, 10, 11, 13, 12, 10, 13, 13, 14, 15, 13, 15, 12, 14, 0, 1, 14, 1, 15, 0, 14, 5, 13, 7, 5, 13, 5, 14, 3, 0, 5, 11, 9, 7, 11, 7, 13, 4, 15, 1, 4, 6, 12, 15, 4, 12, 4, 1, 2, 6, 8, 10, 12, 6, 10]
      point3f[] points = [(3, -0.075, 0), (3, 0.075, 0), (1.95, 0.075, -2.220446e-16), (1.95, -0.075, -2.220446e-16), (1.95, 0.075, 2.1), (1.95, -0.075, 2.1), (1.05, 0.075, 2.1), (1.05, -0.075, 2.1), (1.05, 0.075, -2.220446e-16), (1.05, -0.075, -2.220446e-16), (0, 0.075, 0), (0, -0.075, 0), (0, 0.075, 3), (0, -0.075, 3), (3, -0.075, 3), (3, 0.075, 3)]
      color3f[] primvars:displayColor = [(0.86, 0.86, 0.84)]
     }
    }

    def Xform "wall_l1_v_019" (
     prepend apiSchemas = ["AecoElementAPI", "AecoClassificationAPI:ifc", "AecoAxisAPI"]
     prepend inherits = </demo_datacentre_01/_TypeCatalog/External_Wall_300>
    )
    {
     double3 aeco:axis:end = (3, 0, 0)
     double aeco:axis:length = 3
     double3 aeco:axis:start = (0, 0, 0)
     string aeco:class:ifc:code = "IfcWall.SOLIDWALL"
     string aeco:class:ifc:name = "wall.l1.v.019"
     string aeco:id = "6401b4a1-b2f1-5eb6-9378-29e500fe9c37"
     uniform token aeco:phase = "proposed"
     custom string aeco:props:DC_Identity:Discipline = "coordination"
     custom string aeco:props:DC_Identity:Id = "wall.l1.v.019"
     custom string aeco:props:Pset_WallCommon:FireRating = "REI 120"
     custom bool aeco:props:Pset_WallCommon:IsExternal = 1
     custom bool aeco:props:Pset_WallCommon:LoadBearing = 1
     custom string aeco:props:Pset_WallCommon:Status = "NEW"
     custom double aeco:props:Qto_WallBaseQuantities:GrossSideArea = 9
     custom double aeco:props:Qto_WallBaseQuantities:GrossVolume = 2.6999999999999997
     custom double aeco:props:Qto_WallBaseQuantities:Height = 3
     custom double aeco:props:Qto_WallBaseQuantities:Length = 3
     custom double aeco:props:Qto_WallBaseQuantities:Width = 0.3
     matrix4d xformOp:transform = ( (0, 1, 0, 0), (-1, 0, 0, 0), (0, 0, 1, 0), (30, -3, 0, 1) )
     uniform token[] xformOpOrder = ["xformOp:transform"]

     def Mesh "Geom" (
      prepend apiSchemas = ["AecoDerivedGeometryAPI"]
     )
     {
      uniform token aeco:derived:approx = "tessellated"
      uniform token aeco:derived:role = "body"
      string aeco:derived:source = "6401b4a1-b2f1-5eb6-9378-29e500fe9c37"
      string aeco:derived:stamp = "ifc2usdaeco (ifcopenshell 0.8.5)"
      uniform bool doubleSided = 1
      float3[] extent = [(0, -0.15, 0), (3, 0.15, 3)]
      int[] faceVertexCounts = [3, 3, 3, 3, 3, 3, 3, 3, 3, 3, 3, 3]
      int[] faceVertexIndices = [3, 0, 1, 3, 1, 2, 5, 3, 2, 5, 2, 4, 7, 5, 4, 7, 4, 6, 0, 7, 6, 0, 6, 1, 3, 5, 7, 3, 7, 0, 6, 4, 2, 1, 6, 2]
      point3f[] points = [(0, -0.15, 0), (0, -0.15, 3), (0, 0.15, 3), (0, 0.15, 0), (3, 0.15, 3), (3, 0.15, 0), (3, -0.15, 3), (3, -0.15, 0)]
      color3f[] primvars:displayColor = [(0.72, 0.72, 0.7)]
     }
    }

    def Xform "wall_l1_v_012" (
     prepend apiSchemas = ["AecoElementAPI", "AecoClassificationAPI:ifc", "AecoAxisAPI"]
     prepend inherits = </demo_datacentre_01/_TypeCatalog/External_Wall_300>
    )
    {
     double3 aeco:axis:end = (3, 0, 0)
     double aeco:axis:length = 3
     double3 aeco:axis:start = (0, 0, 0)
     string aeco:class:ifc:code = "IfcWall.SOLIDWALL"
     string aeco:class:ifc:name = "wall.l1.v.012"
     string aeco:id = "64c0b776-f5b1-556b-8a27-116d0f4e1b6f"
     uniform token aeco:phase = "proposed"
     custom string aeco:props:DC_Identity:Discipline = "coordination"
     custom string aeco:props:DC_Identity:Id = "wall.l1.v.012"
     custom string aeco:props:Pset_WallCommon:FireRating = "REI 120"
     custom bool aeco:props:Pset_WallCommon:IsExternal = 1
     custom bool aeco:props:Pset_WallCommon:LoadBearing = 1
     custom string aeco:props:Pset_WallCommon:Status = "NEW"
     custom double aeco:props:Qto_WallBaseQuantities:GrossSideArea = 9
     custom double aeco:props:Qto_WallBaseQuantities:GrossVolume = 2.6999999999999997
     custom double aeco:props:Qto_WallBaseQuantities:Height = 3
     custom double aeco:props:Qto_WallBaseQuantities:Length = 3
     custom double aeco:props:Qto_WallBaseQuantities:Width = 0.3
     matrix4d xformOp:transform = ( (0, 1, 0, 0), (-1, 0, 0, 0), (0, 0, 1, 0), (12, -3, 0, 1) )
     uniform token[] xformOpOrder = ["xformOp:transform"]

     def Mesh "Geom" (
      prepend apiSchemas = ["AecoDerivedGeometryAPI"]
     )
     {
      uniform token aeco:derived:approx = "tessellated"
      uniform token aeco:derived:role = "body"
      string aeco:derived:source = "64c0b776-f5b1-556b-8a27-116d0f4e1b6f"
      string aeco:derived:stamp = "ifc2usdaeco (ifcopenshell 0.8.5)"
      uniform bool doubleSided = 1
      float3[] extent = [(0, -0.15, 0), (3, 0.15, 3)]
      int[] faceVertexCounts = [3, 3, 3, 3, 3, 3, 3, 3, 3, 3, 3, 3]
      int[] faceVertexIndices = [3, 0, 1, 3, 1, 2, 5, 3, 2, 5, 2, 4, 7, 5, 4, 7, 4, 6, 0, 7, 6, 0, 6, 1, 3, 5, 7, 3, 7, 0, 6, 4, 2, 1, 6, 2]
      point3f[] points = [(0, -0.15, 0), (0, -0.15, 3), (0, 0.15, 3), (0, 0.15, 0), (3, 0.15, 3), (3, 0.15, 0), (3, -0.15, 3), (3, -0.15, 0)]
      color3f[] primvars:displayColor = [(0.72, 0.72, 0.7)]
     }
    }

    def Xform "slab_l1_office" (
     prepend apiSchemas = ["AecoElementAPI", "AecoClassificationAPI:ifc"]
    )
    {
     string aeco:class:ifc:code = "IfcSlab.FLOOR"
     string aeco:class:ifc:name = "slab.l1.office"
     string aeco:id = "74510da6-0878-5d0a-b122-2a3e782686ae"
     uniform token aeco:phase = "proposed"
     custom string aeco:props:DC_Identity:Discipline = "coordination"
     custom string aeco:props:DC_Identity:Id = "slab.l1.office"
     custom bool aeco:props:Pset_SlabCommon:IsExternal = 0
     custom bool aeco:props:Pset_SlabCommon:LoadBearing = 1
     custom string aeco:props:Pset_SlabCommon:Status = "NEW"
     custom double aeco:props:Qto_SlabBaseQuantities:GrossArea = 216
     custom double aeco:props:Qto_SlabBaseQuantities:GrossVolume = 54
     custom double aeco:props:Qto_SlabBaseQuantities:NetArea = 207
     custom double aeco:props:Qto_SlabBaseQuantities:NetVolume = 51.75
     custom double aeco:props:Qto_SlabBaseQuantities:Width = 0.25
     matrix4d xformOp:transform = ( (1, 0, 0, 0), (0, 1, 0, 0), (0, 0, 1, 0), (0, 0, -0.25, 1) )
     uniform token[] xformOpOrder = ["xformOp:transform"]

     def Mesh "Geom" (
      prepend apiSchemas = ["AecoDerivedGeometryAPI"]
     )
     {
      uniform token aeco:derived:approx = "tessellated"
      uniform token aeco:derived:role = "body"
      string aeco:derived:source = "74510da6-0878-5d0a-b122-2a3e782686ae"
      string aeco:derived:stamp = "ifc2usdaeco (ifcopenshell 0.8.5)"
      uniform bool doubleSided = 1
      float3[] extent = [(12, -12, 0), (30, 0, 0.25)]
      int[] faceVertexCounts = [3, 3, 3, 3, 3, 3, 3, 3, 3, 3, 3, 3, 3, 3, 3, 3, 3, 3, 3, 3]
      int[] faceVertexIndices = [1, 0, 3, 2, 1, 3, 2, 3, 4, 4, 3, 5, 4, 5, 7, 6, 4, 7, 6, 7, 9, 8, 6, 9, 8, 9, 11, 10, 8, 11, 10, 11, 0, 1, 10, 0, 0, 11, 9, 0, 9, 3, 9, 7, 5, 3, 9, 5, 8, 10, 1, 2, 8, 1, 4, 6, 8, 4, 8, 2]
      point3f[] points = [(12, -12, 0), (12, -12, 0.25), (30, -12, 0.25), (30, -12, 0), (30, 0, 0.25), (30, 0, 0), (15, 0, 0.25), (15, 0, 0), (15, -3, 0.25), (15, -3, 0), (12, -3, 0.25), (12, -3, 0)]
      color3f[] primvars:displayColor = [(0.62, 0.62, 0.6)]
     }
    }

    def Xform "door_kitchen" (
     prepend apiSchemas = ["AecoElementAPI", "AecoClassificationAPI:ifc"]
     prepend inherits = </demo_datacentre_01/_TypeCatalog/Door_Single_900x2100>
    )
    {
     string aeco:class:ifc:code = "IfcDoor.DOOR"
     string aeco:class:ifc:name = "door.kitchen"
     string aeco:id = "7a6ebc2a-94b2-5cf5-8a2e-dac1e35b76c1"
     uniform token aeco:phase = "proposed"
     custom string aeco:props:DC_DoorApproach:ApproachNormal = "+Y"
     custom string aeco:props:DC_DoorApproach:ApproachSpace = "sp.ocorr.1"
     custom double aeco:props:DC_DoorApproach:ThresholdHeight = 1.6
     custom string aeco:props:DC_Identity:Discipline = "coordination"
     custom string aeco:props:DC_Identity:Id = "door.kitchen"
     custom bool aeco:props:Pset_DoorCommon:IsExternal = 0
     custom string aeco:props:Pset_DoorCommon:Status = "NEW"
     matrix4d xformOp:transform = ( (1, 0, 0, 0), (0, 1, 0, 0), (0, 0, 1, 0), (27.55, -3, 0, 1) )
     uniform token[] xformOpOrder = ["xformOp:transform"]

     def Mesh "Geom" (
      prepend apiSchemas = ["AecoDerivedGeometryAPI"]
     )
     {
      uniform token aeco:derived:approx = "tessellated"
      uniform token aeco:derived:role = "body"
      string aeco:derived:source = "7a6ebc2a-94b2-5cf5-8a2e-dac1e35b76c1"
      string aeco:derived:stamp = "ifc2usdaeco (ifcopenshell 0.8.5)"
      uniform bool doubleSided = 1
      float3[] extent = [(-0.025, -0.015, 0), (0.925, 0.1, 2.125)]
      int[] faceVertexCounts = [3, 3, 3, 3, 3, 3, 3, 3, 3, 3, 3, 3, 3, 3, 3, 3, 3, 3, 3, 3, 3, 3, 3, 3, 3, 3, 3, 3, 3, 3, 3, 3, 3, 3, 3, 3, 3, 3, 3, 3, 3, 3, 3, 3, 3, 3, 3, 3, 3, 3, 3, 3, 3, 3, 3, 3, 3, 3, 3, 3, 3, 3, 3, 3, 3, 3, 3, 3, 3, 3, 3, 3, 3, 3, 3, 3, 3, 3, 3, 3, 3, 3, 3, 3, 3, 3, 3, 3, 3, 3, 3, 3, 3, 3, 3, 3, 3, 3, 3, 3, 3, 3, 3, 3, 3, 3, 3, 3, 3, 3, 3, 3, 3, 3, 3, 3, 3, 3, 3, 3, 3, 3, 3, 3, 3, 3, 3, 3, 3, 3, 3, 3, 3, 3, 3, 3, 3, 3, 3, 3, 3, 3, 3, 3, 3, 3, 3, 3, 3, 3, 3, 3, 3, 3, 3, 3, 3, 3, 3, 3, 3, 3, 3, 3, 3, 3, 3, 3, 3, 3, 3, 3, 3, 3, 3, 3]
      int[] faceVertexIndices = [1, 0, 3, 2, 1, 3, 2, 3, 5, 4, 2, 5, 4, 5, 7, 6, 4, 7, 6, 7, 9, 8, 6, 9, 8, 9, 11, 10, 8, 11, 10, 11, 13, 12, 10, 13, 12, 13, 15, 14, 12, 15, 14, 15, 0, 1, 14, 0, 7, 5, 11, 9, 7, 11, 0, 15, 13, 13, 11, 3, 11, 5, 3, 0, 13, 3, 10, 4, 6, 10, 6, 8, 12, 14, 1, 2, 10, 12, 2, 4, 10, 2, 12, 1, 17, 16, 19, 18, 17, 19, 18, 19, 21, 20, 18, 21, 20, 21, 23, 22, 20, 23, 22, 23, 25, 24, 22, 25, 24, 25, 27, 26, 24, 27, 26, 27, 29, 28, 26, 29, 28, 29, 31, 30, 28, 31, 30, 31, 16, 17, 30, 16, 23, 21, 27, 25, 23, 27, 16, 31, 29, 29, 27, 19, 27, 21, 19, 16, 29, 19, 26, 20, 22, 26, 22, 24, 28, 30, 17, 18, 26, 28, 18, 20, 26, 18, 28, 17, 33, 32, 35, 34, 33, 35, 34, 35, 37, 36, 34, 37, 36, 37, 39, 38, 36, 39, 38, 39, 32, 33, 38, 32, 35, 32, 37, 32, 39, 37, 36, 33, 34, 36, 38, 33, 41, 40, 43, 42, 41, 43, 42, 43, 45, 44, 42, 45, 44, 45, 47, 46, 44, 47, 46, 47, 49, 48, 46, 49, 48, 49, 51, 50, 48, 51, 50, 51, 53, 52, 50, 53, 52, 53, 55, 54, 52, 55, 54, 55, 40, 41, 54, 40, 47, 45, 51, 49, 47, 51, 40, 55, 53, 53, 51, 43, 51, 45, 43, 40, 53, 43, 50, 44, 46, 50, 46, 48, 52, 54, 41, 42, 50, 52, 42, 44, 50, 42, 52, 41, 57, 56, 59, 58, 57, 59, 58, 59, 61, 60, 58, 61, 60, 61, 63, 62, 60, 63, 62, 63, 65, 64, 62, 65, 64, 65, 67, 66, 64, 67, 66, 67, 69, 68, 66, 69, 68, 69, 71, 70, 68, 71, 70, 71, 56, 57, 70, 56, 63, 61, 67, 65, 63, 67, 56, 71, 69, 69, 67, 59, 67, 61, 59, 56, 69, 59, 66, 60, 62, 66, 62, 64, 68, 70, 57, 58, 66, 68, 58, 60, 66, 58, 68, 57, 73, 72, 75, 74, 73, 75, 74, 75, 77, 76, 74, 77, 76, 77, 79, 78, 76, 79, 78, 79, 72, 73, 78, 72, 75, 72, 77, 72, 79, 77, 76, 73, 74, 76, 78, 73, 83, 80, 81, 83, 81, 82, 85, 83, 82, 85, 82, 84, 87, 85, 84, 87, 84, 86, 89, 87, 86, 89, 86, 88, 91, 89, 88, 91, 88, 90, 80, 91, 90, 80, 90, 81, 89, 80, 83, 91, 80, 89, 85, 89, 83, 87, 89, 85, 82, 81, 88, 88, 81, 90, 82, 88, 84, 84, 88, 86, 93, 92, 95, 94, 93, 95, 94, 95, 97, 96, 94, 97, 96, 97, 99, 98, 96, 99, 98, 99, 101, 100, 98, 101, 100, 101, 103, 102, 100, 103, 102, 103, 92, 93, 102, 92, 99, 97, 101, 92, 103, 101, 92, 101, 95, 101, 97, 95, 100, 96, 98, 100, 102, 93, 94, 100, 93, 94, 96, 100]
      point3f[] points = [(0, 0.025, 0), (0, 0.05, 0), (0, 0.05, 2.1), (0, 0.025, 2.1), (0.9, 0.05, 2.1), (0.9, 0.025, 2.1), (0.9, 0.05, 0), (0.9, 0.025, 0), (0.875, 0.05, 0), (0.875, 0.025, 0), (0.875, 0.05, 2.075), (0.875, 0.025, 2.075), (0.025, 0.05, 2.075), (0.025, 0.025, 2.075), (0.025, 0.05, 0), (0.025, 0.025, 0), (0, 0, 0), (0, 0.025, 0), (0, 0.025, 2.1), (0, 0, 2.1), (0.9, 0.025, 2.1), (0.9, 0, 2.1), (0.9, 0.025, 0), (0.9, 0, 0), (0.85, 0.025, 0), (0.85, 0, 0), (0.85, 0.025, 2.05), (0.85, 0, 2.05), (0.05, 0.025, 2.05), (0.05, 0, 2.05), (0.05, 0.025, 0), (0.05, 0, 0), (0.05, 0, 0), (0.05, 0, 0.025), (0.85, 0, 0.025), (0.85, 0, 0), (0.85, 0.1, 0.025), (0.85, 0.1, 0), (0.05, 0.1, 0.025), (0.05, 0.1, 0), (-0.025, -0.005, 0), (-0.025, 0, 0), (-0.025, 0, 2.125), (-0.025, -0.005, 2.125), (0.925, 0, 2.125), (0.925, -0.005, 2.125), (0.925, 0, 0), (0.925, -0.005, 0), (0.85, 0, 0), (0.85, -0.005, 0), (0.85, 0, 2.05), (0.85, -0.005, 2.05), (0.05, 0, 2.05), (0.05, -0.005, 2.05), (0.05, 0, 0), (0.05, -0.005, 0), (-0.025, 0.05, 0), (-0.025, 0.055, 0), (-0.025, 0.055, 2.125), (-0.025, 0.05, 2.125), (0.925, 0.055, 2.125), (0.925, 0.05, 2.125), (0.925, 0.055, 0), (0.925, 0.05, 0), (0.875, 0.055, 0), (0.875, 0.05, 0), (0.875, 0.055, 2.075), (0.875, 0.05, 2.075), (0.025, 0.055, 2.075), (0.025, 0.05, 2.075), (0.025, 0.055, 0), (0.025, 0.05, 0), (0.025, 0.025, 0.025), (0.025, 0.025, 2.075), (0.875, 0.025, 2.075), (0.875, 0.025, 0.025), (0.875, 0.06, 2.075), (0.875, 0.06, 0.025), (0.025, 0.06, 2.075), (0.025, 0.06, 0.025), (0.825, 0.025, 1.015), (0.825, 0.025, 1.035), (0.825, -0.015, 1.035), (0.825, -0.015, 1.015), (0.705, -0.015, 1.035), (0.705, -0.015, 1.015), (0.705, 0.005, 1.035), (0.705, 0.005, 1.015), (0.805, 0.005, 1.035), (0.805, 0.005, 1.015), (0.805, 0.025, 1.035), (0.805, 0.025, 1.015), (0.825, 0.06, 1.015), (0.825, 0.06, 1.035), (0.825, 0.1, 1.035), (0.825, 0.1, 1.015), (0.705, 0.1, 1.035), (0.705, 0.1, 1.015), (0.705, 0.08, 1.035), (0.705, 0.08, 1.015), (0.805, 0.08, 1.035), (0.805, 0.08, 1.015), (0.805, 0.06, 1.035), (0.805, 0.06, 1.015)]
      color3f[] primvars:displayColor = [(0.45, 0.47, 0.5)]
     }
    }

    def Xform "door_stair_1" (
     prepend apiSchemas = ["AecoElementAPI", "AecoClassificationAPI:ifc"]
     prepend inherits = </demo_datacentre_01/_TypeCatalog/Door_Single_900x2100>
    )
    {
     string aeco:class:ifc:code = "IfcDoor.DOOR"
     string aeco:class:ifc:name = "door.stair.1"
     string aeco:id = "9321b2ab-7e62-5a34-bd1b-4dd41c818ca2"
     uniform token aeco:phase = "proposed"
     custom string aeco:props:DC_DoorApproach:ApproachNormal = "+X"
     custom string aeco:props:DC_DoorApproach:ApproachSpace = "sp.ocorr.1"
     custom double aeco:props:DC_DoorApproach:ThresholdHeight = 1.6
     custom string aeco:props:DC_Identity:Discipline = "coordination"
     custom string aeco:props:DC_Identity:Id = "door.stair.1"
     custom bool aeco:props:Pset_DoorCommon:IsExternal = 0
     custom string aeco:props:Pset_DoorCommon:Status = "NEW"
     matrix4d xformOp:transform = ( (0, 1, 0, 0), (-1, 0, 0, 0), (0, 0, 1, 0), (15, -1.95, 0, 1) )
     uniform token[] xformOpOrder = ["xformOp:transform"]

     def Mesh "Geom" (
      prepend apiSchemas = ["AecoDerivedGeometryAPI"]
     )
     {
      uniform token aeco:derived:approx = "tessellated"
      uniform token aeco:derived:role = "body"
      string aeco:derived:source = "9321b2ab-7e62-5a34-bd1b-4dd41c818ca2"
      string aeco:derived:stamp = "ifc2usdaeco (ifcopenshell 0.8.5)"
      uniform bool doubleSided = 1
      float3[] extent = [(-0.025, -0.015, 0), (0.925, 0.1, 2.125)]
      int[] faceVertexCounts = [3, 3, 3, 3, 3, 3, 3, 3, 3, 3, 3, 3, 3, 3, 3, 3, 3, 3, 3, 3, 3, 3, 3, 3, 3, 3, 3, 3, 3, 3, 3, 3, 3, 3, 3, 3, 3, 3, 3, 3, 3, 3, 3, 3, 3, 3, 3, 3, 3, 3, 3, 3, 3, 3, 3, 3, 3, 3, 3, 3, 3, 3, 3, 3, 3, 3, 3, 3, 3, 3, 3, 3, 3, 3, 3, 3, 3, 3, 3, 3, 3, 3, 3, 3, 3, 3, 3, 3, 3, 3, 3, 3, 3, 3, 3, 3, 3, 3, 3, 3, 3, 3, 3, 3, 3, 3, 3, 3, 3, 3, 3, 3, 3, 3, 3, 3, 3, 3, 3, 3, 3, 3, 3, 3, 3, 3, 3, 3, 3, 3, 3, 3, 3, 3, 3, 3, 3, 3, 3, 3, 3, 3, 3, 3, 3, 3, 3, 3, 3, 3, 3, 3, 3, 3, 3, 3, 3, 3, 3, 3, 3, 3, 3, 3, 3, 3, 3, 3, 3, 3, 3, 3, 3, 3, 3, 3]
      int[] faceVertexIndices = [1, 0, 3, 2, 1, 3, 2, 3, 5, 4, 2, 5, 4, 5, 7, 6, 4, 7, 6, 7, 9, 8, 6, 9, 8, 9, 11, 10, 8, 11, 10, 11, 13, 12, 10, 13, 12, 13, 15, 14, 12, 15, 14, 15, 0, 1, 14, 0, 7, 5, 11, 9, 7, 11, 0, 15, 13, 13, 11, 3, 11, 5, 3, 0, 13, 3, 10, 4, 6, 10, 6, 8, 12, 14, 1, 2, 10, 12, 2, 4, 10, 2, 12, 1, 17, 16, 19, 18, 17, 19, 18, 19, 21, 20, 18, 21, 20, 21, 23, 22, 20, 23, 22, 23, 25, 24, 22, 25, 24, 25, 27, 26, 24, 27, 26, 27, 29, 28, 26, 29, 28, 29, 31, 30, 28, 31, 30, 31, 16, 17, 30, 16, 23, 21, 27, 25, 23, 27, 16, 31, 29, 29, 27, 19, 27, 21, 19, 16, 29, 19, 26, 20, 22, 26, 22, 24, 28, 30, 17, 18, 26, 28, 18, 20, 26, 18, 28, 17, 33, 32, 35, 34, 33, 35, 34, 35, 37, 36, 34, 37, 36, 37, 39, 38, 36, 39, 38, 39, 32, 33, 38, 32, 35, 32, 37, 32, 39, 37, 36, 33, 34, 36, 38, 33, 41, 40, 43, 42, 41, 43, 42, 43, 45, 44, 42, 45, 44, 45, 47, 46, 44, 47, 46, 47, 49, 48, 46, 49, 48, 49, 51, 50, 48, 51, 50, 51, 53, 52, 50, 53, 52, 53, 55, 54, 52, 55, 54, 55, 40, 41, 54, 40, 47, 45, 51, 49, 47, 51, 40, 55, 53, 53, 51, 43, 51, 45, 43, 40, 53, 43, 50, 44, 46, 50, 46, 48, 52, 54, 41, 42, 50, 52, 42, 44, 50, 42, 52, 41, 57, 56, 59, 58, 57, 59, 58, 59, 61, 60, 58, 61, 60, 61, 63, 62, 60, 63, 62, 63, 65, 64, 62, 65, 64, 65, 67, 66, 64, 67, 66, 67, 69, 68, 66, 69, 68, 69, 71, 70, 68, 71, 70, 71, 56, 57, 70, 56, 63, 61, 67, 65, 63, 67, 56, 71, 69, 69, 67, 59, 67, 61, 59, 56, 69, 59, 66, 60, 62, 66, 62, 64, 68, 70, 57, 58, 66, 68, 58, 60, 66, 58, 68, 57, 73, 72, 75, 74, 73, 75, 74, 75, 77, 76, 74, 77, 76, 77, 79, 78, 76, 79, 78, 79, 72, 73, 78, 72, 75, 72, 77, 72, 79, 77, 76, 73, 74, 76, 78, 73, 83, 80, 81, 83, 81, 82, 85, 83, 82, 85, 82, 84, 87, 85, 84, 87, 84, 86, 89, 87, 86, 89, 86, 88, 91, 89, 88, 91, 88, 90, 80, 91, 90, 80, 90, 81, 89, 80, 83, 91, 80, 89, 85, 89, 83, 87, 89, 85, 82, 81, 88, 88, 81, 90, 82, 88, 84, 84, 88, 86, 93, 92, 95, 94, 93, 95, 94, 95, 97, 96, 94, 97, 96, 97, 99, 98, 96, 99, 98, 99, 101, 100, 98, 101, 100, 101, 103, 102, 100, 103, 102, 103, 92, 93, 102, 92, 99, 97, 101, 92, 103, 101, 92, 101, 95, 101, 97, 95, 100, 96, 98, 100, 102, 93, 94, 100, 93, 94, 96, 100]
      point3f[] points = [(0, 0.025, 0), (0, 0.05, 0), (0, 0.05, 2.1), (0, 0.025, 2.1), (0.9, 0.05, 2.1), (0.9, 0.025, 2.1), (0.9, 0.05, 0), (0.9, 0.025, 0), (0.875, 0.05, 0), (0.875, 0.025, 0), (0.875, 0.05, 2.075), (0.875, 0.025, 2.075), (0.025, 0.05, 2.075), (0.025, 0.025, 2.075), (0.025, 0.05, 0), (0.025, 0.025, 0), (0, 0, 0), (0, 0.025, 0), (0, 0.025, 2.1), (0, 0, 2.1), (0.9, 0.025, 2.1), (0.9, 0, 2.1), (0.9, 0.025, 0), (0.9, 0, 0), (0.85, 0.025, 0), (0.85, 0, 0), (0.85, 0.025, 2.05), (0.85, 0, 2.05), (0.05, 0.025, 2.05), (0.05, 0, 2.05), (0.05, 0.025, 0), (0.05, 0, 0), (0.05, 0, 0), (0.05, 0, 0.025), (0.85, 0, 0.025), (0.85, 0, 0), (0.85, 0.1, 0.025), (0.85, 0.1, 0), (0.05, 0.1, 0.025), (0.05, 0.1, 0), (-0.025, -0.005, 0), (-0.025, 0, 0), (-0.025, 0, 2.125), (-0.025, -0.005, 2.125), (0.925, 0, 2.125), (0.925, -0.005, 2.125), (0.925, 0, 0), (0.925, -0.005, 0), (0.85, 0, 0), (0.85, -0.005, 0), (0.85, 0, 2.05), (0.85, -0.005, 2.05), (0.05, 0, 2.05), (0.05, -0.005, 2.05), (0.05, 0, 0), (0.05, -0.005, 0), (-0.025, 0.05, 0), (-0.025, 0.055, 0), (-0.025, 0.055, 2.125), (-0.025, 0.05, 2.125), (0.925, 0.055, 2.125), (0.925, 0.05, 2.125), (0.925, 0.055, 0), (0.925, 0.05, 0), (0.875, 0.055, 0), (0.875, 0.05, 0), (0.875, 0.055, 2.075), (0.875, 0.05, 2.075), (0.025, 0.055, 2.075), (0.025, 0.05, 2.075), (0.025, 0.055, 0), (0.025, 0.05, 0), (0.025, 0.025, 0.025), (0.025, 0.025, 2.075), (0.875, 0.025, 2.075), (0.875, 0.025, 0.025), (0.875, 0.06, 2.075), (0.875, 0.06, 0.025), (0.025, 0.06, 2.075), (0.025, 0.06, 0.025), (0.825, 0.025, 1.015), (0.825, 0.025, 1.035), (0.825, -0.015, 1.035), (0.825, -0.015, 1.015), (0.705, -0.015, 1.035), (0.705, -0.015, 1.015), (0.705, 0.005, 1.035), (0.705, 0.005, 1.015), (0.805, 0.005, 1.035), (0.805, 0.005, 1.015), (0.805, 0.025, 1.035), (0.805, 0.025, 1.015), (0.825, 0.06, 1.015), (0.825, 0.06, 1.035), (0.825, 0.1, 1.035), (0.825, 0.1, 1.015), (0.705, 0.1, 1.035), (0.705, 0.1, 1.015), (0.705, 0.08, 1.035), (0.705, 0.08, 1.015), (0.805, 0.08, 1.035), (0.805, 0.08, 1.015), (0.805, 0.06, 1.035), (0.805, 0.06, 1.015)]
      color3f[] primvars:displayColor = [(0.45, 0.47, 0.5)]
     }
    }

    def Xform "wall_l1_h_006" (
     prepend apiSchemas = ["AecoElementAPI", "AecoClassificationAPI:ifc", "AecoAxisAPI"]
     prepend inherits = </demo_datacentre_01/_TypeCatalog/Internal_Wall_150>
    )
    {
     double3 aeco:axis:end = (7, 0, 0)
     double aeco:axis:length = 7
     double3 aeco:axis:start = (0, 0, 0)
     string aeco:class:ifc:code = "IfcWall.PARTITIONING"
     string aeco:class:ifc:name = "wall.l1.h.006"
     string aeco:id = "93888444-e546-5ddb-a4ba-166a6073c262"
     uniform token aeco:phase = "proposed"
     custom string aeco:props:DC_Identity:Discipline = "coordination"
     custom string aeco:props:DC_Identity:Id = "wall.l1.h.006"
     custom string aeco:props:Pset_WallCommon:FireRating = "REI 30"
     custom bool aeco:props:Pset_WallCommon:IsExternal = 0
     custom bool aeco:props:Pset_WallCommon:LoadBearing = 0
     custom string aeco:props:Pset_WallCommon:Status = "NEW"
     custom double aeco:props:Qto_WallBaseQuantities:GrossSideArea = 21
     custom double aeco:props:Qto_WallBaseQuantities:GrossVolume = 3.15
     custom double aeco:props:Qto_WallBaseQuantities:Height = 3
     custom double aeco:props:Qto_WallBaseQuantities:Length = 7
     custom double aeco:props:Qto_WallBaseQuantities:Width = 0.15
     matrix4d xformOp:transform = ( (1, 0, 0, 0), (0, 1, 0, 0), (0, 0, 1, 0), (15, -3, 0, 1) )
     uniform token[] xformOpOrder = ["xformOp:transform"]

     def Mesh "Geom" (
      prepend apiSchemas = ["AecoDerivedGeometryAPI"]
     )
     {
      uniform token aeco:derived:approx = "tessellated"
      uniform token aeco:derived:role = "body"
      string aeco:derived:source = "93888444-e546-5ddb-a4ba-166a6073c262"
      string aeco:derived:stamp = "ifc2usdaeco (ifcopenshell 0.8.5)"
      uniform bool doubleSided = 1
      float3[] extent = [(0, -0.075, -2.220446e-16), (7, 0.075, 3)]
      int[] faceVertexCounts = [3, 3, 3, 3, 3, 3, 3, 3, 3, 3, 3, 3, 3, 3, 3, 3, 3, 3, 3, 3, 3, 3, 3, 3, 3, 3, 3, 3]
      int[] faceVertexIndices = [1, 0, 3, 2, 1, 3, 2, 4, 5, 3, 4, 2, 4, 6, 7, 4, 7, 5, 7, 8, 9, 6, 8, 7, 9, 8, 11, 10, 9, 11, 10, 11, 13, 12, 10, 13, 13, 14, 15, 13, 15, 12, 14, 0, 1, 14, 1, 15, 4, 0, 14, 13, 6, 4, 13, 4, 14, 3, 0, 4, 11, 8, 6, 11, 6, 13, 15, 1, 5, 5, 7, 12, 15, 5, 12, 5, 1, 2, 7, 9, 10, 12, 7, 10]
      point3f[] points = [(7, -0.075, 0), (7, 0.075, 0), (2.9, 0.075, -2.220446e-16), (2.9, -0.075, -2.220446e-16), (2.9, -0.075, 2.1), (2.9, 0.075, 2.1), (1.1, -0.075, 2.1), (1.1, 0.075, 2.1), (1.1, -0.075, -2.220446e-16), (1.1, 0.075, -2.220446e-16), (0, 0.075, 0), (0, -0.075, 0), (0, 0.075, 3), (0, -0.075, 3), (7, -0.075, 3), (7, 0.075, 3)]
      color3f[] primvars:displayColor = [(0.86, 0.86, 0.84)]
     }
    }

    def Xform "wall_l1_h_004" (
     prepend apiSchemas = ["AecoElementAPI", "AecoClassificationAPI:ifc", "AecoAxisAPI"]
     prepend inherits = </demo_datacentre_01/_TypeCatalog/Internal_Wall_150>
    )
    {
     double3 aeco:axis:end = (4, 0, 0)
     double aeco:axis:length = 4
     double3 aeco:axis:start = (0, 0, 0)
     string aeco:class:ifc:code = "IfcWall.PARTITIONING"
     string aeco:class:ifc:name = "wall.l1.h.004"
     string aeco:id = "9765b9c4-40bb-5ff7-a2a5-cdebad75b0bc"
     uniform token aeco:phase = "proposed"
     custom string aeco:props:DC_Identity:Discipline = "coordination"
     custom string aeco:props:DC_Identity:Id = "wall.l1.h.004"
     custom string aeco:props:Pset_WallCommon:FireRating = "REI 30"
     custom bool aeco:props:Pset_WallCommon:IsExternal = 0
     custom bool aeco:props:Pset_WallCommon:LoadBearing = 0
     custom string aeco:props:Pset_WallCommon:Status = "NEW"
     custom double aeco:props:Qto_WallBaseQuantities:GrossSideArea = 12
     custom double aeco:props:Qto_WallBaseQuantities:GrossVolume = 1.7999999999999998
     custom double aeco:props:Qto_WallBaseQuantities:Height = 3
     custom double aeco:props:Qto_WallBaseQuantities:Length = 4
     custom double aeco:props:Qto_WallBaseQuantities:Width = 0.15
     matrix4d xformOp:transform = ( (1, 0, 0, 0), (0, 1, 0, 0), (0, 0, 1, 0), (26, -8, 0, 1) )
     uniform token[] xformOpOrder = ["xformOp:transform"]

     def Mesh "Geom" (
      prepend apiSchemas = ["AecoDerivedGeometryAPI"]
     )
     {
      uniform token aeco:derived:approx = "tessellated"
      uniform token aeco:derived:role = "body"
      string aeco:derived:source = "9765b9c4-40bb-5ff7-a2a5-cdebad75b0bc"
      string aeco:derived:stamp = "ifc2usdaeco (ifcopenshell 0.8.5)"
      uniform bool doubleSided = 1
      float3[] extent = [(0, -0.075, -2.220446e-16), (4, 0.075, 3)]
      int[] faceVertexCounts = [3, 3, 3, 3, 3, 3, 3, 3, 3, 3, 3, 3, 3, 3, 3, 3, 3, 3, 3, 3, 3, 3, 3, 3, 3, 3, 3, 3]
      int[] faceVertexIndices = [1, 0, 3, 2, 1, 3, 2, 4, 5, 3, 4, 2, 4, 6, 7, 4, 7, 5, 7, 8, 9, 6, 8, 7, 9, 8, 11, 10, 9, 11, 10, 11, 13, 12, 10, 13, 13, 14, 15, 13, 15, 12, 14, 0, 1, 14, 1, 15, 0, 14, 4, 13, 6, 4, 13, 4, 14, 3, 0, 4, 11, 8, 6, 11, 6, 13, 5, 15, 1, 5, 7, 12, 15, 5, 12, 5, 1, 2, 7, 9, 10, 12, 7, 10]
      point3f[] points = [(4, -0.075, 0), (4, 0.075, 0), (2.45, 0.075, -2.220446e-16), (2.45, -0.075, -2.220446e-16), (2.45, -0.075, 2.1), (2.45, 0.075, 2.1), (1.55, -0.075, 2.1), (1.55, 0.075, 2.1), (1.55, -0.075, -2.220446e-16), (1.55, 0.075, -2.220446e-16), (0, 0.075, 0), (0, -0.075, 0), (0, 0.075, 3), (0, -0.075, 3), (4, -0.075, 3), (4, 0.075, 3)]
      color3f[] primvars:displayColor = [(0.86, 0.86, 0.84)]
     }
    }

    def Xform "door_office_1" (
     prepend apiSchemas = ["AecoElementAPI", "AecoClassificationAPI:ifc"]
     prepend inherits = </demo_datacentre_01/_TypeCatalog/Door_Double_1800x2100>
    )
    {
     string aeco:class:ifc:code = "IfcDoor.DOOR"
     string aeco:class:ifc:name = "door.office.1"
     string aeco:id = "a1fa5d26-090b-510d-959c-da041182dd8c"
     uniform token aeco:phase = "proposed"
     custom string aeco:props:DC_DoorApproach:ApproachNormal = "+Y"
     custom string aeco:props:DC_DoorApproach:ApproachSpace = "sp.ocorr.1"
     custom double aeco:props:DC_DoorApproach:ThresholdHeight = 1.6
     custom string aeco:props:DC_Identity:Discipline = "coordination"
     custom string aeco:props:DC_Identity:Id = "door.office.1"
     custom bool aeco:props:Pset_DoorCommon:IsExternal = 0
     custom string aeco:props:Pset_DoorCommon:Status = "NEW"
     matrix4d xformOp:transform = ( (1, 0, 0, 0), (0, 1, 0, 0), (0, 0, 1, 0), (16.1, -3, 0, 1) )
     uniform token[] xformOpOrder = ["xformOp:transform"]

     def Mesh "Geom" (
      prepend apiSchemas = ["AecoDerivedGeometryAPI"]
     )
     {
      uniform token aeco:derived:approx = "tessellated"
      uniform token aeco:derived:role = "body"
      string aeco:derived:source = "a1fa5d26-090b-510d-959c-da041182dd8c"
      string aeco:derived:stamp = "ifc2usdaeco (ifcopenshell 0.8.5)"
      uniform bool doubleSided = 1
      float3[] extent = [(-0.025, -0.015, 0), (1.825, 0.1, 2.125)]
      int[] faceVertexCounts = [3, 3, 3, 3, 3, 3, 3, 3, 3, 3, 3, 3, 3, 3, 3, 3, 3, 3, 3, 3, 3, 3, 3, 3, 3, 3, 3, 3, 3, 3, 3, 3, 3, 3, 3, 3, 3, 3, 3, 3, 3, 3, 3, 3, 3, 3, 3, 3, 3, 3, 3, 3, 3, 3, 3, 3, 3, 3, 3, 3, 3, 3, 3, 3, 3, 3, 3, 3, 3, 3, 3, 3, 3, 3, 3, 3, 3, 3, 3, 3, 3, 3, 3, 3, 3, 3, 3, 3, 3, 3, 3, 3, 3, 3, 3, 3, 3, 3, 3, 3, 3, 3, 3, 3, 3, 3, 3, 3, 3, 3, 3, 3, 3, 3, 3, 3, 3, 3, 3, 3, 3, 3, 3, 3, 3, 3, 3, 3, 3, 3, 3, 3, 3, 3, 3, 3, 3, 3, 3, 3, 3, 3, 3, 3, 3, 3, 3, 3, 3, 3, 3, 3, 3, 3, 3, 3, 3, 3, 3, 3, 3, 3, 3, 3, 3, 3, 3, 3, 3, 3, 3, 3, 3, 3, 3, 3, 3, 3, 3, 3, 3, 3, 3, 3, 3, 3, 3, 3, 3, 3, 3, 3, 3, 3, 3, 3, 3, 3, 3, 3, 3, 3, 3, 3, 3, 3, 3, 3, 3, 3, 3, 3, 3, 3, 3, 3, 3, 3, 3, 3, 3, 3, 3, 3, 3, 3, 3, 3]
      int[] faceVertexIndices = [1, 0, 3, 2, 1, 3, 2, 3, 5, 4, 2, 5, 4, 5, 7, 6, 4, 7, 6, 7, 9, 8, 6, 9, 8, 9, 11, 10, 8, 11, 10, 11, 13, 12, 10, 13, 12, 13, 15, 14, 12, 15, 14, 15, 0, 1, 14, 0, 7, 5, 11, 9, 7, 11, 0, 15, 13, 0, 13, 3, 11, 5, 3, 13, 11, 3, 10, 4, 6, 10, 6, 8, 12, 14, 1, 2, 12, 1, 2, 4, 10, 2, 10, 12, 17, 16, 19, 18, 17, 19, 18, 19, 21, 20, 18, 21, 20, 21, 23, 22, 20, 23, 22, 23, 25, 24, 22, 25, 24, 25, 27, 26, 24, 27, 26, 27, 29, 28, 26, 29, 28, 29, 31, 30, 28, 31, 30, 31, 16, 17, 30, 16, 23, 21, 27, 25, 23, 27, 16, 31, 29, 29, 27, 19, 27, 21, 19, 16, 29, 19, 26, 20, 22, 26, 22, 24, 28, 30, 17, 18, 26, 28, 18, 20, 26, 18, 28, 17, 33, 32, 35, 34, 33, 35, 34, 35, 37, 36, 34, 37, 36, 37, 39, 38, 36, 39, 38, 39, 32, 33, 38, 32, 35, 32, 37, 32, 39, 37, 36, 33, 34, 36, 38, 33, 41, 40, 43, 42, 41, 43, 42, 43, 45, 44, 42, 45, 44, 45, 47, 46, 44, 47, 46, 47, 49, 48, 46, 49, 48, 49, 51, 50, 48, 51, 50, 51, 53, 52, 50, 53, 52, 53, 55, 54, 52, 55, 54, 55, 40, 41, 54, 40, 49, 47, 51, 51, 47, 45, 40, 55, 53, 53, 51, 43, 40, 53, 43, 51, 45, 43, 50, 46, 48, 44, 46, 50, 52, 54, 41, 42, 50, 52, 42, 52, 41, 42, 44, 50, 57, 56, 59, 58, 57, 59, 58, 59, 61, 60, 58, 61, 60, 61, 63, 62, 60, 63, 62, 63, 65, 64, 62, 65, 64, 65, 67, 66, 64, 67, 66, 67, 69, 68, 66, 69, 68, 69, 71, 70, 68, 71, 70, 71, 56, 57, 70, 56, 63, 61, 67, 65, 63, 67, 56, 71, 69, 56, 69, 59, 67, 61, 59, 69, 67, 59, 66, 60, 62, 66, 62, 64, 68, 70, 57, 58, 68, 57, 58, 60, 66, 58, 66, 68, 73, 72, 75, 74, 73, 75, 74, 75, 77, 76, 74, 77, 76, 77, 79, 78, 76, 79, 78, 79, 72, 73, 78, 72, 75, 72, 77, 72, 79, 77, 76, 73, 74, 76, 78, 73, 83, 80, 81, 83, 81, 82, 85, 83, 82, 85, 82, 84, 87, 85, 84, 87, 84, 86, 89, 87, 86, 89, 86, 88, 91, 89, 88, 91, 88, 90, 80, 91, 90, 80, 90, 81, 89, 80, 83, 91, 80, 89, 85, 89, 83, 87, 89, 85, 82, 81, 88, 88, 81, 90, 82, 88, 84, 84, 88, 86, 93, 92, 95, 94, 93, 95, 94, 95, 97, 96, 94, 97, 96, 97, 99, 98, 96, 99, 98, 99, 101, 100, 98, 101, 100, 101, 103, 102, 100, 103, 102, 103, 92, 93, 102, 92, 99, 97, 101, 92, 103, 101, 92, 101, 95, 101, 97, 95, 100, 96, 98, 100, 102, 93, 94, 100, 93, 94, 96, 100, 107, 104, 105, 107, 105, 106, 109, 107, 106, 109, 106, 108, 111, 109, 108, 111, 108, 110, 104, 111, 110, 104, 110, 105, 109, 104, 107, 109, 111, 104, 106, 105, 108, 105, 110, 108, 113, 112, 115, 114, 113, 115, 114, 115, 117, 116, 114, 117, 116, 117, 119, 118, 116, 119, 118, 119, 121, 120, 118, 121, 120, 121, 123, 122, 120, 123, 122, 123, 112, 113, 122, 112, 115, 112, 121, 121, 112, 123, 115, 121, 117, 117, 121, 119, 120, 113, 114, 122, 113, 120, 116, 120, 114, 118, 120, 116, 127, 124, 125, 127, 125, 126, 129, 127, 126, 129, 126, 128, 131, 129, 128, 131, 128, 130, 133, 131, 130, 133, 130, 132, 135, 133, 132, 135, 132, 134, 124, 135, 134, 124, 134, 125, 133, 129, 131, 133, 135, 124, 127, 133, 124, 127, 129, 133, 130, 128, 132, 125, 134, 132, 125, 132, 126, 132, 128, 126]
      point3f[] points = [(0, 0.025, 0), (0, 0.05, 0), (0, 0.05, 2.1), (0, 0.025, 2.1), (1.8, 0.05, 2.1), (1.8, 0.025, 2.1), (1.8, 0.05, 0), (1.8, 0.025, 0), (1.775, 0.05, 0), (1.775, 0.025, 0), (1.775, 0.05, 2.075), (1.775, 0.025, 2.075), (0.025, 0.05, 2.075), (0.025, 0.025, 2.075), (0.025, 0.05, 0), (0.025, 0.025, 0), (0, 0, 0), (0, 0.025, 0), (0, 0.025, 2.1), (0, 0, 2.1), (1.8, 0.025, 2.1), (1.8, 0, 2.1), (1.8, 0.025, 0), (1.8, 0, 0), (1.75, 0.025, 0), (1.75, 0, 0), (1.75, 0.025, 2.05), (1.75, 0, 2.05), (0.05, 0.025, 2.05), (0.05, 0, 2.05), (0.05, 0.025, 0), (0.05, 0, 0), (0.05, 0, 0), (0.05, 0, 0.025), (1.75, 0, 0.025), (1.75, 0, 0), (1.75, 0.1, 0.025), (1.75, 0.1, 0), (0.05, 0.1, 0.025), (0.05, 0.1, 0), (-0.025, -0.005, 0), (-0.025, 0, 0), (-0.025, 0, 2.125), (-0.025, -0.005, 2.125), (1.825, 0, 2.125), (1.825, -0.005, 2.125), (1.825, 0, 0), (1.825, -0.005, 0), (1.75, 0, 0), (1.75, -0.005, 0), (1.75, 0, 2.05), (1.75, -0.005, 2.05), (0.05, 0, 2.05), (0.05, -0.005, 2.05), (0.05, 0, 0), (0.05, -0.005, 0), (-0.025, 0.05, 0), (-0.025, 0.055, 0), (-0.025, 0.055, 2.125), (-0.025, 0.05, 2.125), (1.825, 0.055, 2.125), (1.825, 0.05, 2.125), (1.825, 0.055, 0), (1.825, 0.05, 0), (1.775, 0.055, 0), (1.775, 0.05, 0), (1.775, 0.055, 2.075), (1.775, 0.05, 2.075), (0.025, 0.055, 2.075), (0.025, 0.05, 2.075), (0.025, 0.055, 0), (0.025, 0.05, 0), (0.025, 0.025, 0.025), (0.025, 0.025, 2.075), (0.899, 0.025, 2.075), (0.899, 0.025, 0.025), (0.899, 0.06, 2.075), (0.899, 0.06, 0.025), (0.025, 0.06, 2.075), (0.025, 0.06, 0.025), (0.849, 0.025, 1.015), (0.849, 0.025, 1.035), (0.849, -0.015, 1.035), (0.849, -0.015, 1.015), (0.729, -0.015, 1.035), (0.729, -0.015, 1.015), (0.729, 0.005, 1.035), (0.729, 0.005, 1.015), (0.829, 0.005, 1.035), (0.829, 0.005, 1.015), (0.829, 0.025, 1.035), (0.829, 0.025, 1.015), (0.849, 0.06, 1.015), (0.849, 0.06, 1.035), (0.849, 0.1, 1.035), (0.849, 0.1, 1.015), (0.729, 0.1, 1.035), (0.729, 0.1, 1.015), (0.729, 0.08, 1.035), (0.729, 0.08, 1.015), (0.829, 0.08, 1.035), (0.829, 0.08, 1.015), (0.829, 0.06, 1.035), (0.829, 0.06, 1.015), (1.775, 0.025, 0.025), (1.775, 0.025, 2.075), (0.901, 0.025, 2.075), (0.901, 0.025, 0.025), (0.901, 0.06, 2.075), (0.901, 0.06, 0.025), (1.775, 0.06, 2.075), (1.775, 0.06, 0.025), (0.951, 0.025, 1.015), (0.951, 0.025, 1.035), (0.951, -0.015, 1.035), (0.951, -0.015, 1.015), (1.071, -0.015, 1.035), (1.071, -0.015, 1.015), (1.071, 0.005, 1.035), (1.071, 0.005, 1.015), (0.971, 0.005, 1.035), (0.971, 0.005, 1.015), (0.971, 0.025, 1.035), (0.971, 0.025, 1.015), (0.951, 0.06, 1.015), (0.951, 0.06, 1.035), (0.951, 0.1, 1.035), (0.951, 0.1, 1.015), (1.071, 0.1, 1.035), (1.071, 0.1, 1.015), (1.071, 0.08, 1.035), (1.071, 0.08, 1.015), (0.971, 0.08, 1.035), (0.971, 0.08, 1.015), (0.971, 0.06, 1.035), (0.971, 0.06, 1.015)]
      color3f[] primvars:displayColor = [(0.45, 0.47, 0.5)]
     }
    }

    def Xform "wall_l1_h_003" (
     prepend apiSchemas = ["AecoElementAPI", "AecoClassificationAPI:ifc", "AecoAxisAPI"]
     prepend inherits = </demo_datacentre_01/_TypeCatalog/External_Wall_300>
    )
    {
     double3 aeco:axis:end = (4, 0, 0)
     double aeco:axis:length = 4
     double3 aeco:axis:start = (0, 0, 0)
     string aeco:class:ifc:code = "IfcWall.SOLIDWALL"
     string aeco:class:ifc:name = "wall.l1.h.003"
     string aeco:id = "aeedc717-acaa-5458-8d1e-acd1bcfa095d"
     uniform token aeco:phase = "proposed"
     custom string aeco:props:DC_Identity:Discipline = "coordination"
     custom string aeco:props:DC_Identity:Id = "wall.l1.h.003"
     custom string aeco:props:Pset_WallCommon:FireRating = "REI 120"
     custom bool aeco:props:Pset_WallCommon:IsExternal = 1
     custom bool aeco:props:Pset_WallCommon:LoadBearing = 1
     custom string aeco:props:Pset_WallCommon:Status = "NEW"
     custom double aeco:props:Qto_WallBaseQuantities:GrossSideArea = 12
     custom double aeco:props:Qto_WallBaseQuantities:GrossVolume = 3.5999999999999996
     custom double aeco:props:Qto_WallBaseQuantities:Height = 3
     custom double aeco:props:Qto_WallBaseQuantities:Length = 4
     custom double aeco:props:Qto_WallBaseQuantities:Width = 0.3
     matrix4d xformOp:transform = ( (1, 0, 0, 0), (0, 1, 0, 0), (0, 0, 1, 0), (26, -12, 0, 1) )
     uniform token[] xformOpOrder = ["xformOp:transform"]

     def Mesh "Geom" (
      prepend apiSchemas = ["AecoDerivedGeometryAPI"]
     )
     {
      uniform token aeco:derived:approx = "tessellated"
      uniform token aeco:derived:role = "body"
      string aeco:derived:source = "aeedc717-acaa-5458-8d1e-acd1bcfa095d"
      string aeco:derived:stamp = "ifc2usdaeco (ifcopenshell 0.8.5)"
      uniform bool doubleSided = 1
      float3[] extent = [(0, -0.15, 0), (4, 0.15, 3)]
      int[] faceVertexCounts = [3, 3, 3, 3, 3, 3, 3, 3, 3, 3, 3, 3]
      int[] faceVertexIndices = [3, 0, 1, 3, 1, 2, 5, 3, 2, 5, 2, 4, 7, 5, 4, 7, 4, 6, 0, 7, 6, 0, 6, 1, 3, 5, 7, 3, 7, 0, 6, 4, 2, 1, 6, 2]
      point3f[] points = [(0, -0.15, 0), (0, -0.15, 3), (0, 0.15, 3), (0, 0.15, 0), (4, 0.15, 3), (4, 0.15, 0), (4, -0.15, 3), (4, -0.15, 0)]
      color3f[] primvars:displayColor = [(0.72, 0.72, 0.7)]
     }
    }

    def Xform "wall_l1_v_018" (
     prepend apiSchemas = ["AecoElementAPI", "AecoClassificationAPI:ifc", "AecoAxisAPI"]
     prepend inherits = </demo_datacentre_01/_TypeCatalog/External_Wall_300>
    )
    {
     double3 aeco:axis:end = (5, 0, 0)
     double aeco:axis:length = 5
     double3 aeco:axis:start = (0, 0, 0)
     string aeco:class:ifc:code = "IfcWall.SOLIDWALL"
     string aeco:class:ifc:name = "wall.l1.v.018"
     string aeco:id = "b8ad6534-0347-5bac-9654-5ba0bb28183a"
     uniform token aeco:phase = "proposed"
     custom string aeco:props:DC_Identity:Discipline = "coordination"
     custom string aeco:props:DC_Identity:Id = "wall.l1.v.018"
     custom string aeco:props:Pset_WallCommon:FireRating = "REI 120"
     custom bool aeco:props:Pset_WallCommon:IsExternal = 1
     custom bool aeco:props:Pset_WallCommon:LoadBearing = 1
     custom string aeco:props:Pset_WallCommon:Status = "NEW"
     custom double aeco:props:Qto_WallBaseQuantities:GrossSideArea = 15
     custom double aeco:props:Qto_WallBaseQuantities:GrossVolume = 4.5
     custom double aeco:props:Qto_WallBaseQuantities:Height = 3
     custom double aeco:props:Qto_WallBaseQuantities:Length = 5
     custom double aeco:props:Qto_WallBaseQuantities:Width = 0.3
     matrix4d xformOp:transform = ( (0, 1, 0, 0), (-1, 0, 0, 0), (0, 0, 1, 0), (30, -8, 0, 1) )
     uniform token[] xformOpOrder = ["xformOp:transform"]

     def Mesh "Geom" (
      prepend apiSchemas = ["AecoDerivedGeometryAPI"]
     )
     {
      uniform token aeco:derived:approx = "tessellated"
      uniform token aeco:derived:role = "body"
      string aeco:derived:source = "b8ad6534-0347-5bac-9654-5ba0bb28183a"
      string aeco:derived:stamp = "ifc2usdaeco (ifcopenshell 0.8.5)"
      uniform bool doubleSided = 1
      float3[] extent = [(0, -0.15, 0), (5, 0.15, 3)]
      int[] faceVertexCounts = [3, 3, 3, 3, 3, 3, 3, 3, 3, 3, 3, 3]
      int[] faceVertexIndices = [3, 0, 1, 3, 1, 2, 5, 3, 2, 5, 2, 4, 7, 5, 4, 7, 4, 6, 0, 7, 6, 0, 6, 1, 3, 5, 7, 3, 7, 0, 6, 4, 2, 1, 6, 2]
      point3f[] points = [(0, -0.15, 0), (0, -0.15, 3), (0, 0.15, 3), (0, 0.15, 0), (5, 0.15, 3), (5, 0.15, 0), (5, -0.15, 3), (5, -0.15, 0)]
      color3f[] primvars:displayColor = [(0.72, 0.72, 0.7)]
     }
    }

    def Xform "wall_l1_v_015" (
     prepend apiSchemas = ["AecoElementAPI", "AecoClassificationAPI:ifc", "AecoAxisAPI"]
     prepend inherits = </demo_datacentre_01/_TypeCatalog/Internal_Wall_150>
    )
    {
     double3 aeco:axis:end = (4, 0, 0)
     double aeco:axis:length = 4
     double3 aeco:axis:start = (0, 0, 0)
     string aeco:class:ifc:code = "IfcWall.PARTITIONING"
     string aeco:class:ifc:name = "wall.l1.v.015"
     string aeco:id = "c46e4871-96dd-54c4-af2b-1a161d7f1f55"
     uniform token aeco:phase = "proposed"
     custom string aeco:props:DC_Identity:Discipline = "coordination"
     custom string aeco:props:DC_Identity:Id = "wall.l1.v.015"
     custom string aeco:props:Pset_WallCommon:FireRating = "REI 30"
     custom bool aeco:props:Pset_WallCommon:IsExternal = 0
     custom bool aeco:props:Pset_WallCommon:LoadBearing = 0
     custom string aeco:props:Pset_WallCommon:Status = "NEW"
     custom double aeco:props:Qto_WallBaseQuantities:GrossSideArea = 12
     custom double aeco:props:Qto_WallBaseQuantities:GrossVolume = 1.7999999999999998
     custom double aeco:props:Qto_WallBaseQuantities:Height = 3
     custom double aeco:props:Qto_WallBaseQuantities:Length = 4
     custom double aeco:props:Qto_WallBaseQuantities:Width = 0.15
     matrix4d xformOp:transform = ( (0, 1, 0, 0), (-1, 0, 0, 0), (0, 0, 1, 0), (26, -12, 0, 1) )
     uniform token[] xformOpOrder = ["xformOp:transform"]

     def Mesh "Geom" (
      prepend apiSchemas = ["AecoDerivedGeometryAPI"]
     )
     {
      uniform token aeco:derived:approx = "tessellated"
      uniform token aeco:derived:role = "body"
      string aeco:derived:source = "c46e4871-96dd-54c4-af2b-1a161d7f1f55"
      string aeco:derived:stamp = "ifc2usdaeco (ifcopenshell 0.8.5)"
      uniform bool doubleSided = 1
      float3[] extent = [(0, -0.075, 0), (4, 0.075, 3)]
      int[] faceVertexCounts = [3, 3, 3, 3, 3, 3, 3, 3, 3, 3, 3, 3]
      int[] faceVertexIndices = [3, 0, 1, 3, 1, 2, 5, 3, 2, 5, 2, 4, 7, 5, 4, 7, 4, 6, 0, 7, 6, 0, 6, 1, 3, 5, 7, 3, 7, 0, 6, 4, 2, 1, 6, 2]
      point3f[] points = [(0, -0.075, 0), (0, -0.075, 3), (0, 0.075, 3), (0, 0.075, 0), (4, 0.075, 3), (4, 0.075, 0), (4, -0.075, 3), (4, -0.075, 0)]
      color3f[] primvars:displayColor = [(0.86, 0.86, 0.84)]
     }
    }

    def Xform "wall_l1_h_009" (
     prepend apiSchemas = ["AecoElementAPI", "AecoClassificationAPI:ifc", "AecoAxisAPI"]
     prepend inherits = </demo_datacentre_01/_TypeCatalog/External_Wall_300>
    )
    {
     double3 aeco:axis:end = (3, 0, 0)
     double aeco:axis:length = 3
     double3 aeco:axis:start = (0, 0, 0)
     string aeco:class:ifc:code = "IfcWall.SOLIDWALL"
     string aeco:class:ifc:name = "wall.l1.h.009"
     string aeco:id = "cc8f6368-1f30-53e5-a842-8fd3461d0ac6"
     uniform token aeco:phase = "proposed"
     custom string aeco:props:DC_Identity:Discipline = "coordination"
     custom string aeco:props:DC_Identity:Id = "wall.l1.h.009"
     custom string aeco:props:Pset_WallCommon:FireRating = "REI 120"
     custom bool aeco:props:Pset_WallCommon:IsExternal = 1
     custom bool aeco:props:Pset_WallCommon:LoadBearing = 1
     custom string aeco:props:Pset_WallCommon:Status = "NEW"
     custom double aeco:props:Qto_WallBaseQuantities:GrossSideArea = 9
     custom double aeco:props:Qto_WallBaseQuantities:GrossVolume = 2.6999999999999997
     custom double aeco:props:Qto_WallBaseQuantities:Height = 3
     custom double aeco:props:Qto_WallBaseQuantities:Length = 3
     custom double aeco:props:Qto_WallBaseQuantities:Width = 0.3
     matrix4d xformOp:transform = ( (1, 0, 0, 0), (0, 1, 0, 0), (0, 0, 1, 0), (12, 0, 0, 1) )
     uniform token[] xformOpOrder = ["xformOp:transform"]

     def Mesh "Geom" (
      prepend apiSchemas = ["AecoDerivedGeometryAPI"]
     )
     {
      uniform token aeco:derived:approx = "tessellated"
      uniform token aeco:derived:role = "body"
      string aeco:derived:source = "cc8f6368-1f30-53e5-a842-8fd3461d0ac6"
      string aeco:derived:stamp = "ifc2usdaeco (ifcopenshell 0.8.5)"
      uniform bool doubleSided = 1
      float3[] extent = [(0, -0.15, 0), (3, 0.15, 3)]
      int[] faceVertexCounts = [3, 3, 3, 3, 3, 3, 3, 3, 3, 3, 3, 3]
      int[] faceVertexIndices = [3, 0, 1, 3, 1, 2, 5, 3, 2, 5, 2, 4, 7, 5, 4, 7, 4, 6, 0, 7, 6, 0, 6, 1, 3, 5, 7, 3, 7, 0, 6, 4, 2, 1, 6, 2]
      point3f[] points = [(0, -0.15, 0), (0, -0.15, 3), (0, 0.15, 3), (0, 0.15, 0), (3, 0.15, 3), (3, 0.15, 0), (3, -0.15, 3), (3, -0.15, 0)]
      color3f[] primvars:displayColor = [(0.72, 0.72, 0.7)]
     }
    }

    def Xform "wall_l1_v_016" (
     prepend apiSchemas = ["AecoElementAPI", "AecoClassificationAPI:ifc", "AecoAxisAPI"]
     prepend inherits = </demo_datacentre_01/_TypeCatalog/Internal_Wall_150>
    )
    {
     double3 aeco:axis:end = (5, 0, 0)
     double aeco:axis:length = 5
     double3 aeco:axis:start = (0, 0, 0)
     string aeco:class:ifc:code = "IfcWall.PARTITIONING"
     string aeco:class:ifc:name = "wall.l1.v.016"
     string aeco:id = "d008ead2-8996-54f8-9ced-7345cc4a0a8d"
     uniform token aeco:phase = "proposed"
     custom string aeco:props:DC_Identity:Discipline = "coordination"
     custom string aeco:props:DC_Identity:Id = "wall.l1.v.016"
     custom string aeco:props:Pset_WallCommon:FireRating = "REI 30"
     custom bool aeco:props:Pset_WallCommon:IsExternal = 0
     custom bool aeco:props:Pset_WallCommon:LoadBearing = 0
     custom string aeco:props:Pset_WallCommon:Status = "NEW"
     custom double aeco:props:Qto_WallBaseQuantities:GrossSideArea = 15
     custom double aeco:props:Qto_WallBaseQuantities:GrossVolume = 2.25
     custom double aeco:props:Qto_WallBaseQuantities:Height = 3
     custom double aeco:props:Qto_WallBaseQuantities:Length = 5
     custom double aeco:props:Qto_WallBaseQuantities:Width = 0.15
     matrix4d xformOp:transform = ( (0, 1, 0, 0), (-1, 0, 0, 0), (0, 0, 1, 0), (26, -8, 0, 1) )
     uniform token[] xformOpOrder = ["xformOp:transform"]

     def Mesh "Geom" (
      prepend apiSchemas = ["AecoDerivedGeometryAPI"]
     )
     {
      uniform token aeco:derived:approx = "tessellated"
      uniform token aeco:derived:role = "body"
      string aeco:derived:source = "d008ead2-8996-54f8-9ced-7345cc4a0a8d"
      string aeco:derived:stamp = "ifc2usdaeco (ifcopenshell 0.8.5)"
      uniform bool doubleSided = 1
      float3[] extent = [(0, -0.075, 0), (5, 0.075, 3)]
      int[] faceVertexCounts = [3, 3, 3, 3, 3, 3, 3, 3, 3, 3, 3, 3]
      int[] faceVertexIndices = [3, 0, 1, 3, 1, 2, 5, 3, 2, 5, 2, 4, 7, 5, 4, 7, 4, 6, 0, 7, 6, 0, 6, 1, 3, 5, 7, 3, 7, 0, 6, 4, 2, 1, 6, 2]
      point3f[] points = [(0, -0.075, 0), (0, -0.075, 3), (0, 0.075, 3), (0, 0.075, 0), (5, 0.075, 3), (5, 0.075, 0), (5, -0.075, 3), (5, -0.075, 0)]
      color3f[] primvars:displayColor = [(0.86, 0.86, 0.84)]
     }
    }

    def Xform "door_wc" (
     prepend apiSchemas = ["AecoElementAPI", "AecoClassificationAPI:ifc"]
     prepend inherits = </demo_datacentre_01/_TypeCatalog/Door_Single_900x2100>
    )
    {
     string aeco:class:ifc:code = "IfcDoor.DOOR"
     string aeco:class:ifc:name = "door.wc"
     string aeco:id = "d955b4e4-b067-5b71-a32a-02acae314fe7"
     uniform token aeco:phase = "proposed"
     custom string aeco:props:DC_DoorApproach:ApproachNormal = "+Y"
     custom string aeco:props:DC_DoorApproach:ApproachSpace = "sp.kitchen"
     custom double aeco:props:DC_DoorApproach:ThresholdHeight = 1.6
     custom string aeco:props:DC_Identity:Discipline = "coordination"
     custom string aeco:props:DC_Identity:Id = "door.wc"
     custom bool aeco:props:Pset_DoorCommon:IsExternal = 0
     custom string aeco:props:Pset_DoorCommon:Status = "NEW"
     matrix4d xformOp:transform = ( (1, 0, 0, 0), (0, 1, 0, 0), (0, 0, 1, 0), (27.55, -8, 0, 1) )
     uniform token[] xformOpOrder = ["xformOp:transform"]

     def Mesh "Geom" (
      prepend apiSchemas = ["AecoDerivedGeometryAPI"]
     )
     {
      uniform token aeco:derived:approx = "tessellated"
      uniform token aeco:derived:role = "body"
      string aeco:derived:source = "d955b4e4-b067-5b71-a32a-02acae314fe7"
      string aeco:derived:stamp = "ifc2usdaeco (ifcopenshell 0.8.5)"
      uniform bool doubleSided = 1
      float3[] extent = [(-0.025, -0.015, 0), (0.925, 0.1, 2.125)]
      int[] faceVertexCounts = [3, 3, 3, 3, 3, 3, 3, 3, 3, 3, 3, 3, 3, 3, 3, 3, 3, 3, 3, 3, 3, 3, 3, 3, 3, 3, 3, 3, 3, 3, 3, 3, 3, 3, 3, 3, 3, 3, 3, 3, 3, 3, 3, 3, 3, 3, 3, 3, 3, 3, 3, 3, 3, 3, 3, 3, 3, 3, 3, 3, 3, 3, 3, 3, 3, 3, 3, 3, 3, 3, 3, 3, 3, 3, 3, 3, 3, 3, 3, 3, 3, 3, 3, 3, 3, 3, 3, 3, 3, 3, 3, 3, 3, 3, 3, 3, 3, 3, 3, 3, 3, 3, 3, 3, 3, 3, 3, 3, 3, 3, 3, 3, 3, 3, 3, 3, 3, 3, 3, 3, 3, 3, 3, 3, 3, 3, 3, 3, 3, 3, 3, 3, 3, 3, 3, 3, 3, 3, 3, 3, 3, 3, 3, 3, 3, 3, 3, 3, 3, 3, 3, 3, 3, 3, 3, 3, 3, 3, 3, 3, 3, 3, 3, 3, 3, 3, 3, 3, 3, 3, 3, 3, 3, 3, 3, 3]
      int[] faceVertexIndices = [1, 0, 3, 2, 1, 3, 2, 3, 5, 4, 2, 5, 4, 5, 7, 6, 4, 7, 6, 7, 9, 8, 6, 9, 8, 9, 11, 10, 8, 11, 10, 11, 13, 12, 10, 13, 12, 13, 15, 14, 12, 15, 14, 15, 0, 1, 14, 0, 7, 5, 11, 9, 7, 11, 0, 15, 13, 13, 11, 3, 11, 5, 3, 0, 13, 3, 10, 4, 6, 10, 6, 8, 12, 14, 1, 2, 10, 12, 2, 4, 10, 2, 12, 1, 17, 16, 19, 18, 17, 19, 18, 19, 21, 20, 18, 21, 20, 21, 23, 22, 20, 23, 22, 23, 25, 24, 22, 25, 24, 25, 27, 26, 24, 27, 26, 27, 29, 28, 26, 29, 28, 29, 31, 30, 28, 31, 30, 31, 16, 17, 30, 16, 23, 21, 27, 25, 23, 27, 16, 31, 29, 29, 27, 19, 27, 21, 19, 16, 29, 19, 26, 20, 22, 26, 22, 24, 28, 30, 17, 18, 26, 28, 18, 20, 26, 18, 28, 17, 33, 32, 35, 34, 33, 35, 34, 35, 37, 36, 34, 37, 36, 37, 39, 38, 36, 39, 38, 39, 32, 33, 38, 32, 35, 32, 37, 32, 39, 37, 36, 33, 34, 36, 38, 33, 41, 40, 43, 42, 41, 43, 42, 43, 45, 44, 42, 45, 44, 45, 47, 46, 44, 47, 46, 47, 49, 48, 46, 49, 48, 49, 51, 50, 48, 51, 50, 51, 53, 52, 50, 53, 52, 53, 55, 54, 52, 55, 54, 55, 40, 41, 54, 40, 47, 45, 51, 49, 47, 51, 40, 55, 53, 53, 51, 43, 51, 45, 43, 40, 53, 43, 50, 44, 46, 50, 46, 48, 52, 54, 41, 42, 50, 52, 42, 44, 50, 42, 52, 41, 57, 56, 59, 58, 57, 59, 58, 59, 61, 60, 58, 61, 60, 61, 63, 62, 60, 63, 62, 63, 65, 64, 62, 65, 64, 65, 67, 66, 64, 67, 66, 67, 69, 68, 66, 69, 68, 69, 71, 70, 68, 71, 70, 71, 56, 57, 70, 56, 63, 61, 67, 65, 63, 67, 56, 71, 69, 69, 67, 59, 67, 61, 59, 56, 69, 59, 66, 60, 62, 66, 62, 64, 68, 70, 57, 58, 66, 68, 58, 60, 66, 58, 68, 57, 73, 72, 75, 74, 73, 75, 74, 75, 77, 76, 74, 77, 76, 77, 79, 78, 76, 79, 78, 79, 72, 73, 78, 72, 75, 72, 77, 72, 79, 77, 76, 73, 74, 76, 78, 73, 83, 80, 81, 83, 81, 82, 85, 83, 82, 85, 82, 84, 87, 85, 84, 87, 84, 86, 89, 87, 86, 89, 86, 88, 91, 89, 88, 91, 88, 90, 80, 91, 90, 80, 90, 81, 89, 80, 83, 91, 80, 89, 85, 89, 83, 87, 89, 85, 82, 81, 88, 88, 81, 90, 82, 88, 84, 84, 88, 86, 93, 92, 95, 94, 93, 95, 94, 95, 97, 96, 94, 97, 96, 97, 99, 98, 96, 99, 98, 99, 101, 100, 98, 101, 100, 101, 103, 102, 100, 103, 102, 103, 92, 93, 102, 92, 99, 97, 101, 92, 103, 101, 92, 101, 95, 101, 97, 95, 100, 96, 98, 100, 102, 93, 94, 100, 93, 94, 96, 100]
      point3f[] points = [(0, 0.025, 0), (0, 0.05, 0), (0, 0.05, 2.1), (0, 0.025, 2.1), (0.9, 0.05, 2.1), (0.9, 0.025, 2.1), (0.9, 0.05, 0), (0.9, 0.025, 0), (0.875, 0.05, 0), (0.875, 0.025, 0), (0.875, 0.05, 2.075), (0.875, 0.025, 2.075), (0.025, 0.05, 2.075), (0.025, 0.025, 2.075), (0.025, 0.05, 0), (0.025, 0.025, 0), (0, 0, 0), (0, 0.025, 0), (0, 0.025, 2.1), (0, 0, 2.1), (0.9, 0.025, 2.1), (0.9, 0, 2.1), (0.9, 0.025, 0), (0.9, 0, 0), (0.85, 0.025, 0), (0.85, 0, 0), (0.85, 0.025, 2.05), (0.85, 0, 2.05), (0.05, 0.025, 2.05), (0.05, 0, 2.05), (0.05, 0.025, 0), (0.05, 0, 0), (0.05, 0, 0), (0.05, 0, 0.025), (0.85, 0, 0.025), (0.85, 0, 0), (0.85, 0.1, 0.025), (0.85, 0.1, 0), (0.05, 0.1, 0.025), (0.05, 0.1, 0), (-0.025, -0.005, 0), (-0.025, 0, 0), (-0.025, 0, 2.125), (-0.025, -0.005, 2.125), (0.925, 0, 2.125), (0.925, -0.005, 2.125), (0.925, 0, 0), (0.925, -0.005, 0), (0.85, 0, 0), (0.85, -0.005, 0), (0.85, 0, 2.05), (0.85, -0.005, 2.05), (0.05, 0, 2.05), (0.05, -0.005, 2.05), (0.05, 0, 0), (0.05, -0.005, 0), (-0.025, 0.05, 0), (-0.025, 0.055, 0), (-0.025, 0.055, 2.125), (-0.025, 0.05, 2.125), (0.925, 0.055, 2.125), (0.925, 0.05, 2.125), (0.925, 0.055, 0), (0.925, 0.05, 0), (0.875, 0.055, 0), (0.875, 0.05, 0), (0.875, 0.055, 2.075), (0.875, 0.05, 2.075), (0.025, 0.055, 2.075), (0.025, 0.05, 2.075), (0.025, 0.055, 0), (0.025, 0.05, 0), (0.025, 0.025, 0.025), (0.025, 0.025, 2.075), (0.875, 0.025, 2.075), (0.875, 0.025, 0.025), (0.875, 0.06, 2.075), (0.875, 0.06, 0.025), (0.025, 0.06, 2.075), (0.025, 0.06, 0.025), (0.825, 0.025, 1.015), (0.825, 0.025, 1.035), (0.825, -0.015, 1.035), (0.825, -0.015, 1.015), (0.705, -0.015, 1.035), (0.705, -0.015, 1.015), (0.705, 0.005, 1.035), (0.705, 0.005, 1.015), (0.805, 0.005, 1.035), (0.805, 0.005, 1.015), (0.805, 0.025, 1.035), (0.805, 0.025, 1.015), (0.825, 0.06, 1.015), (0.825, 0.06, 1.035), (0.825, 0.1, 1.035), (0.825, 0.1, 1.015), (0.705, 0.1, 1.035), (0.705, 0.1, 1.015), (0.705, 0.08, 1.035), (0.705, 0.08, 1.015), (0.805, 0.08, 1.035), (0.805, 0.08, 1.015), (0.805, 0.06, 1.035), (0.805, 0.06, 1.015)]
      color3f[] primvars:displayColor = [(0.45, 0.47, 0.5)]
     }
    }

    def Xform "wall_l1_v_011" (
     prepend apiSchemas = ["AecoElementAPI", "AecoClassificationAPI:ifc", "AecoAxisAPI"]
     prepend inherits = </demo_datacentre_01/_TypeCatalog/External_Wall_300>
    )
    {
     double3 aeco:axis:end = (9, 0, 0)
     double aeco:axis:length = 9
     double3 aeco:axis:start = (0, 0, 0)
     string aeco:class:ifc:code = "IfcWall.SOLIDWALL"
     string aeco:class:ifc:name = "wall.l1.v.011"
     string aeco:id = "dd5cf3a2-629b-502e-bc90-de3eee629131"
     uniform token aeco:phase = "proposed"
     custom string aeco:props:DC_Identity:Discipline = "coordination"
     custom string aeco:props:DC_Identity:Id = "wall.l1.v.011"
     custom string aeco:props:Pset_WallCommon:FireRating = "REI 120"
     custom bool aeco:props:Pset_WallCommon:IsExternal = 1
     custom bool aeco:props:Pset_WallCommon:LoadBearing = 1
     custom string aeco:props:Pset_WallCommon:Status = "NEW"
     custom double aeco:props:Qto_WallBaseQuantities:GrossSideArea = 27
     custom double aeco:props:Qto_WallBaseQuantities:GrossVolume = 8.1
     custom double aeco:props:Qto_WallBaseQuantities:Height = 3
     custom double aeco:props:Qto_WallBaseQuantities:Length = 9
     custom double aeco:props:Qto_WallBaseQuantities:Width = 0.3
     matrix4d xformOp:transform = ( (0, 1, 0, 0), (-1, 0, 0, 0), (0, 0, 1, 0), (12, -12, 0, 1) )
     uniform token[] xformOpOrder = ["xformOp:transform"]

     def Mesh "Geom" (
      prepend apiSchemas = ["AecoDerivedGeometryAPI"]
     )
     {
      uniform token aeco:derived:approx = "tessellated"
      uniform token aeco:derived:role = "body"
      string aeco:derived:source = "dd5cf3a2-629b-502e-bc90-de3eee629131"
      string aeco:derived:stamp = "ifc2usdaeco (ifcopenshell 0.8.5)"
      uniform bool doubleSided = 1
      float3[] extent = [(0, -0.15, 0), (9, 0.15, 3)]
      int[] faceVertexCounts = [3, 3, 3, 3, 3, 3, 3, 3, 3, 3, 3, 3]
      int[] faceVertexIndices = [3, 0, 1, 3, 1, 2, 5, 3, 2, 5, 2, 4, 7, 5, 4, 7, 4, 6, 0, 7, 6, 0, 6, 1, 3, 5, 7, 3, 7, 0, 6, 4, 2, 1, 6, 2]
      point3f[] points = [(0, -0.15, 0), (0, -0.15, 3), (0, 0.15, 3), (0, 0.15, 0), (9, 0.15, 3), (9, 0.15, 0), (9, -0.15, 3), (9, -0.15, 0)]
      color3f[] primvars:displayColor = [(0.72, 0.72, 0.7)]
     }
    }

    def Xform "wall_l1_h_005" (
     prepend apiSchemas = ["AecoElementAPI", "AecoClassificationAPI:ifc", "AecoAxisAPI"]
     prepend inherits = </demo_datacentre_01/_TypeCatalog/Internal_Wall_150>
    )
    {
     double3 aeco:axis:end = (3, 0, 0)
     double aeco:axis:length = 3
     double3 aeco:axis:start = (0, 0, 0)
     string aeco:class:ifc:code = "IfcWall.PARTITIONING"
     string aeco:class:ifc:name = "wall.l1.h.005"
     string aeco:id = "e045c7cd-b953-5b4a-936b-b64d2bda214d"
     uniform token aeco:phase = "proposed"
     custom string aeco:props:DC_Identity:Discipline = "coordination"
     custom string aeco:props:DC_Identity:Id = "wall.l1.h.005"
     custom string aeco:props:Pset_WallCommon:FireRating = "REI 30"
     custom bool aeco:props:Pset_WallCommon:IsExternal = 0
     custom bool aeco:props:Pset_WallCommon:LoadBearing = 0
     custom string aeco:props:Pset_WallCommon:Status = "NEW"
     custom double aeco:props:Qto_WallBaseQuantities:GrossSideArea = 9
     custom double aeco:props:Qto_WallBaseQuantities:GrossVolume = 1.3499999999999999
     custom double aeco:props:Qto_WallBaseQuantities:Height = 3
     custom double aeco:props:Qto_WallBaseQuantities:Length = 3
     custom double aeco:props:Qto_WallBaseQuantities:Width = 0.15
     matrix4d xformOp:transform = ( (1, 0, 0, 0), (0, 1, 0, 0), (0, 0, 1, 0), (12, -3, 0, 1) )
     uniform token[] xformOpOrder = ["xformOp:transform"]

     def Mesh "Geom" (
      prepend apiSchemas = ["AecoDerivedGeometryAPI"]
     )
     {
      uniform token aeco:derived:approx = "tessellated"
      uniform token aeco:derived:role = "body"
      string aeco:derived:source = "e045c7cd-b953-5b4a-936b-b64d2bda214d"
      string aeco:derived:stamp = "ifc2usdaeco (ifcopenshell 0.8.5)"
      uniform bool doubleSided = 1
      float3[] extent = [(0, -0.075, 0), (3, 0.075, 3)]
      int[] faceVertexCounts = [3, 3, 3, 3, 3, 3, 3, 3, 3, 3, 3, 3]
      int[] faceVertexIndices = [3, 0, 1, 3, 1, 2, 5, 3, 2, 5, 2, 4, 7, 5, 4, 7, 4, 6, 0, 7, 6, 0, 6, 1, 3, 5, 7, 3, 7, 0, 6, 4, 2, 1, 6, 2]
      point3f[] points = [(0, -0.075, 0), (0, -0.075, 3), (0, 0.075, 3), (0, 0.075, 0), (3, 0.075, 3), (3, 0.075, 0), (3, -0.075, 3), (3, -0.075, 0)]
      color3f[] primvars:displayColor = [(0.86, 0.86, 0.84)]
     }
    }

    def Xform "door_meeting_1" (
     prepend apiSchemas = ["AecoElementAPI", "AecoClassificationAPI:ifc"]
     prepend inherits = </demo_datacentre_01/_TypeCatalog/Door_Single_900x2100>
    )
    {
     string aeco:class:ifc:code = "IfcDoor.DOOR"
     string aeco:class:ifc:name = "door.meeting.1"
     string aeco:id = "e58cf07c-9dfc-59dd-b09f-07f776552645"
     uniform token aeco:phase = "proposed"
     custom string aeco:props:DC_DoorApproach:ApproachNormal = "+Y"
     custom string aeco:props:DC_DoorApproach:ApproachSpace = "sp.ocorr.1"
     custom double aeco:props:DC_DoorApproach:ThresholdHeight = 1.6
     custom string aeco:props:DC_Identity:Discipline = "coordination"
     custom string aeco:props:DC_Identity:Id = "door.meeting.1"
     custom bool aeco:props:Pset_DoorCommon:IsExternal = 0
     custom string aeco:props:Pset_DoorCommon:Status = "NEW"
     matrix4d xformOp:transform = ( (1, 0, 0, 0), (0, 1, 0, 0), (0, 0, 1, 0), (23.55, -3, 0, 1) )
     uniform token[] xformOpOrder = ["xformOp:transform"]

     def Mesh "Geom" (
      prepend apiSchemas = ["AecoDerivedGeometryAPI"]
     )
     {
      uniform token aeco:derived:approx = "tessellated"
      uniform token aeco:derived:role = "body"
      string aeco:derived:source = "e58cf07c-9dfc-59dd-b09f-07f776552645"
      string aeco:derived:stamp = "ifc2usdaeco (ifcopenshell 0.8.5)"
      uniform bool doubleSided = 1
      float3[] extent = [(-0.025, -0.015, 0), (0.925, 0.1, 2.125)]
      int[] faceVertexCounts = [3, 3, 3, 3, 3, 3, 3, 3, 3, 3, 3, 3, 3, 3, 3, 3, 3, 3, 3, 3, 3, 3, 3, 3, 3, 3, 3, 3, 3, 3, 3, 3, 3, 3, 3, 3, 3, 3, 3, 3, 3, 3, 3, 3, 3, 3, 3, 3, 3, 3, 3, 3, 3, 3, 3, 3, 3, 3, 3, 3, 3, 3, 3, 3, 3, 3, 3, 3, 3, 3, 3, 3, 3, 3, 3, 3, 3, 3, 3, 3, 3, 3, 3, 3, 3, 3, 3, 3, 3, 3, 3, 3, 3, 3, 3, 3, 3, 3, 3, 3, 3, 3, 3, 3, 3, 3, 3, 3, 3, 3, 3, 3, 3, 3, 3, 3, 3, 3, 3, 3, 3, 3, 3, 3, 3, 3, 3, 3, 3, 3, 3, 3, 3, 3, 3, 3, 3, 3, 3, 3, 3, 3, 3, 3, 3, 3, 3, 3, 3, 3, 3, 3, 3, 3, 3, 3, 3, 3, 3, 3, 3, 3, 3, 3, 3, 3, 3, 3, 3, 3, 3, 3, 3, 3, 3, 3]
      int[] faceVertexIndices = [1, 0, 3, 2, 1, 3, 2, 3, 5, 4, 2, 5, 4, 5, 7, 6, 4, 7, 6, 7, 9, 8, 6, 9, 8, 9, 11, 10, 8, 11, 10, 11, 13, 12, 10, 13, 12, 13, 15, 14, 12, 15, 14, 15, 0, 1, 14, 0, 7, 5, 11, 9, 7, 11, 0, 15, 13, 13, 11, 3, 11, 5, 3, 0, 13, 3, 10, 4, 6, 10, 6, 8, 12, 14, 1, 2, 10, 12, 2, 4, 10, 2, 12, 1, 17, 16, 19, 18, 17, 19, 18, 19, 21, 20, 18, 21, 20, 21, 23, 22, 20, 23, 22, 23, 25, 24, 22, 25, 24, 25, 27, 26, 24, 27, 26, 27, 29, 28, 26, 29, 28, 29, 31, 30, 28, 31, 30, 31, 16, 17, 30, 16, 23, 21, 27, 25, 23, 27, 16, 31, 29, 29, 27, 19, 27, 21, 19, 16, 29, 19, 26, 20, 22, 26, 22, 24, 28, 30, 17, 18, 26, 28, 18, 20, 26, 18, 28, 17, 33, 32, 35, 34, 33, 35, 34, 35, 37, 36, 34, 37, 36, 37, 39, 38, 36, 39, 38, 39, 32, 33, 38, 32, 35, 32, 37, 32, 39, 37, 36, 33, 34, 36, 38, 33, 41, 40, 43, 42, 41, 43, 42, 43, 45, 44, 42, 45, 44, 45, 47, 46, 44, 47, 46, 47, 49, 48, 46, 49, 48, 49, 51, 50, 48, 51, 50, 51, 53, 52, 50, 53, 52, 53, 55, 54, 52, 55, 54, 55, 40, 41, 54, 40, 47, 45, 51, 49, 47, 51, 40, 55, 53, 53, 51, 43, 51, 45, 43, 40, 53, 43, 50, 44, 46, 50, 46, 48, 52, 54, 41, 42, 50, 52, 42, 44, 50, 42, 52, 41, 57, 56, 59, 58, 57, 59, 58, 59, 61, 60, 58, 61, 60, 61, 63, 62, 60, 63, 62, 63, 65, 64, 62, 65, 64, 65, 67, 66, 64, 67, 66, 67, 69, 68, 66, 69, 68, 69, 71, 70, 68, 71, 70, 71, 56, 57, 70, 56, 63, 61, 67, 65, 63, 67, 56, 71, 69, 69, 67, 59, 67, 61, 59, 56, 69, 59, 66, 60, 62, 66, 62, 64, 68, 70, 57, 58, 66, 68, 58, 60, 66, 58, 68, 57, 73, 72, 75, 74, 73, 75, 74, 75, 77, 76, 74, 77, 76, 77, 79, 78, 76, 79, 78, 79, 72, 73, 78, 72, 75, 72, 77, 72, 79, 77, 76, 73, 74, 76, 78, 73, 83, 80, 81, 83, 81, 82, 85, 83, 82, 85, 82, 84, 87, 85, 84, 87, 84, 86, 89, 87, 86, 89, 86, 88, 91, 89, 88, 91, 88, 90, 80, 91, 90, 80, 90, 81, 89, 80, 83, 91, 80, 89, 85, 89, 83, 87, 89, 85, 82, 81, 88, 88, 81, 90, 82, 88, 84, 84, 88, 86, 93, 92, 95, 94, 93, 95, 94, 95, 97, 96, 94, 97, 96, 97, 99, 98, 96, 99, 98, 99, 101, 100, 98, 101, 100, 101, 103, 102, 100, 103, 102, 103, 92, 93, 102, 92, 99, 97, 101, 92, 103, 101, 92, 101, 95, 101, 97, 95, 100, 96, 98, 100, 102, 93, 94, 100, 93, 94, 96, 100]
      point3f[] points = [(0, 0.025, 0), (0, 0.05, 0), (0, 0.05, 2.1), (0, 0.025, 2.1), (0.9, 0.05, 2.1), (0.9, 0.025, 2.1), (0.9, 0.05, 0), (0.9, 0.025, 0), (0.875, 0.05, 0), (0.875, 0.025, 0), (0.875, 0.05, 2.075), (0.875, 0.025, 2.075), (0.025, 0.05, 2.075), (0.025, 0.025, 2.075), (0.025, 0.05, 0), (0.025, 0.025, 0), (0, 0, 0), (0, 0.025, 0), (0, 0.025, 2.1), (0, 0, 2.1), (0.9, 0.025, 2.1), (0.9, 0, 2.1), (0.9, 0.025, 0), (0.9, 0, 0), (0.85, 0.025, 0), (0.85, 0, 0), (0.85, 0.025, 2.05), (0.85, 0, 2.05), (0.05, 0.025, 2.05), (0.05, 0, 2.05), (0.05, 0.025, 0), (0.05, 0, 0), (0.05, 0, 0), (0.05, 0, 0.025), (0.85, 0, 0.025), (0.85, 0, 0), (0.85, 0.1, 0.025), (0.85, 0.1, 0), (0.05, 0.1, 0.025), (0.05, 0.1, 0), (-0.025, -0.005, 0), (-0.025, 0, 0), (-0.025, 0, 2.125), (-0.025, -0.005, 2.125), (0.925, 0, 2.125), (0.925, -0.005, 2.125), (0.925, 0, 0), (0.925, -0.005, 0), (0.85, 0, 0), (0.85, -0.005, 0), (0.85, 0, 2.05), (0.85, -0.005, 2.05), (0.05, 0, 2.05), (0.05, -0.005, 2.05), (0.05, 0, 0), (0.05, -0.005, 0), (-0.025, 0.05, 0), (-0.025, 0.055, 0), (-0.025, 0.055, 2.125), (-0.025, 0.05, 2.125), (0.925, 0.055, 2.125), (0.925, 0.05, 2.125), (0.925, 0.055, 0), (0.925, 0.05, 0), (0.875, 0.055, 0), (0.875, 0.05, 0), (0.875, 0.055, 2.075), (0.875, 0.05, 2.075), (0.025, 0.055, 2.075), (0.025, 0.05, 2.075), (0.025, 0.055, 0), (0.025, 0.05, 0), (0.025, 0.025, 0.025), (0.025, 0.025, 2.075), (0.875, 0.025, 2.075), (0.875, 0.025, 0.025), (0.875, 0.06, 2.075), (0.875, 0.06, 0.025), (0.025, 0.06, 2.075), (0.025, 0.06, 0.025), (0.825, 0.025, 1.015), (0.825, 0.025, 1.035), (0.825, -0.015, 1.035), (0.825, -0.015, 1.015), (0.705, -0.015, 1.035), (0.705, -0.015, 1.015), (0.705, 0.005, 1.035), (0.705, 0.005, 1.015), (0.805, 0.005, 1.035), (0.805, 0.005, 1.015), (0.805, 0.025, 1.035), (0.805, 0.025, 1.015), (0.825, 0.06, 1.015), (0.825, 0.06, 1.035), (0.825, 0.1, 1.035), (0.825, 0.1, 1.015), (0.705, 0.1, 1.035), (0.705, 0.1, 1.015), (0.705, 0.08, 1.035), (0.705, 0.08, 1.015), (0.805, 0.08, 1.035), (0.805, 0.08, 1.015), (0.805, 0.06, 1.035), (0.805, 0.06, 1.015)]
      color3f[] primvars:displayColor = [(0.45, 0.47, 0.5)]
     }
    }
   }
  }
 }

 class "_TypeCatalog"
 {
  class "bullet_4mp_outdoor" (
   prepend apiSchemas = ["AecoTypeAPI", "AecoClassificationAPI:ifc"]
  )
  {
   string aeco:class:ifc:code = "IfcAudioVisualApplianceType.CAMERA"
   custom string aeco:props:Pset_AecoCctv:Contract = "usdaeco-cctv-ifc/1.0"
   custom string aeco:props:Pset_AecoCctv:Sensors = '[{"drivers": {"aeco:cctvSensor:focalRange": [3.7, 7.5], "aeco:cctvSensor:hfovRange": [100.0, 52.0], "aeco:cctvSensor:motorised": false, "aeco:cctvSensor:offset": [0, 0, 0], "aeco:cctvSensor:panRange": [0, 0], "aeco:cctvSensor:pixels": [2688, 1512], "aeco:cctvSensor:projection": "rectilinear", "aeco:cctvSensor:sensorSize": [0.0, 0.0], "aeco:cctvSensor:spectrum": "visible", "aeco:cctvSensor:tiltRange": [0, 0], "aeco:cctvSensor:vfovRange": [55.0, 30.0]}, "name": "Sensor_0"}]'
   custom string aeco:props:Pset_AecoCctv:Type = '{"aeco:cctvType:irRange": 40.0, "aeco:cctvType:outdoor": true, "aeco:type:manufacturer": "Generic", "aeco:type:model": "bullet_4mp_outdoor"}'
   string aeco:type:model = "bullet_4mp_outdoor"
  }

  class "dome_5mp" (
   prepend apiSchemas = ["AecoTypeAPI", "AecoClassificationAPI:ifc"]
  )
  {
   string aeco:class:ifc:code = "IfcAudioVisualApplianceType.CAMERA"
   custom string aeco:props:Pset_AecoCctv:Contract = "usdaeco-cctv-ifc/1.0"
   custom string aeco:props:Pset_AecoCctv:Sensors = '[{"drivers": {"aeco:cctvSensor:focalRange": [3.0, 8.5], "aeco:cctvSensor:hfovRange": [104.0, 34.0], "aeco:cctvSensor:motorised": false, "aeco:cctvSensor:offset": [0.0, 0.0, -0.08], "aeco:cctvSensor:panRange": [0, 0], "aeco:cctvSensor:pixels": [2592, 1944], "aeco:cctvSensor:projection": "rectilinear", "aeco:cctvSensor:sensorSize": [0.0, 0.0], "aeco:cctvSensor:spectrum": "visible", "aeco:cctvSensor:tiltRange": [0, 0], "aeco:cctvSensor:vfovRange": [76.0, 26.0]}, "name": "Sensor_0"}]'
   custom string aeco:props:Pset_AecoCctv:Type = '{"aeco:cctvType:irRange": 30.0, "aeco:cctvType:outdoor": false, "aeco:type:manufacturer": "Generic", "aeco:type:model": "dome_5mp"}'
   string aeco:type:model = "dome_5mp"
  }

  class "ptz_4k" (
   prepend apiSchemas = ["AecoTypeAPI", "AecoClassificationAPI:ifc"]
  )
  {
   string aeco:class:ifc:code = "IfcAudioVisualApplianceType.CAMERA"
   custom string aeco:props:Pset_AecoCctv:Contract = "usdaeco-cctv-ifc/1.0"
   custom string aeco:props:Pset_AecoCctv:Sensors = '[{"drivers": {"aeco:cctvSensor:focalRange": [6.64, 225.5], "aeco:cctvSensor:hfovRange": [60.8, 2.0], "aeco:cctvSensor:motorised": true, "aeco:cctvSensor:offset": [0, 0, 0], "aeco:cctvSensor:panRange": [-180.0, 180.0], "aeco:cctvSensor:pixels": [3840, 2160], "aeco:cctvSensor:projection": "rectilinear", "aeco:cctvSensor:sensorSize": [0.0, 0.0], "aeco:cctvSensor:spectrum": "visible", "aeco:cctvSensor:tiltRange": [0.0, 90.0], "aeco:cctvSensor:vfovRange": [36.5, 1.1]}, "name": "Sensor_0"}]'
   custom string aeco:props:Pset_AecoCctv:Type = '{"aeco:cctvType:irRange": 0.0, "aeco:cctvType:outdoor": true, "aeco:type:manufacturer": "Generic", "aeco:type:model": "ptz_4k"}'
   string aeco:type:model = "ptz_4k"
  }

  class "AVA_Sounder_Beacon" (
   prepend apiSchemas = ["AecoTypeAPI", "AecoClassificationAPI:ifc"]
  )
  {
   string aeco:class:ifc:code = "IfcAlarmType.AVA"
   string aeco:type:model = "AVA Sounder Beacon"
  }

  class "Iris_Scanner" (
   prepend apiSchemas = ["AecoTypeAPI", "AecoClassificationAPI:ifc"]
  )
  {
   string aeco:class:ifc:code = "IfcSensorType.IDENTIFIERSENSOR"
   string aeco:type:model = "Iris Scanner"
  }

  class "Server_Rack_600x1200" (
   prepend apiSchemas = ["AecoTypeAPI", "AecoClassificationAPI:ifc"]
  )
  {
   string aeco:class:ifc:code = "IfcFurnitureType.TECHNICALCABINET"
   string aeco:type:model = "Server Rack 600x1200"
  }

  class "Cable_Tray_Bend_450x100" (
   prepend apiSchemas = ["AecoTypeAPI", "AecoClassificationAPI:ifc"]
  )
  {
   string aeco:class:ifc:code = "IfcCableCarrierFittingType.BEND"
   string aeco:type:model = "Cable Tray Bend 450x100"
  }

  class "Cable_Tray_Tee_450x100" (
   prepend apiSchemas = ["AecoTypeAPI", "AecoClassificationAPI:ifc"]
  )
  {
   string aeco:class:ifc:code = "IfcCableCarrierFittingType.TEE"
   string aeco:type:model = "Cable Tray Tee 450x100"
  }

  class "Cable_Tray_450x100_GI" (
   prepend apiSchemas = ["AecoTypeAPI", "AecoClassificationAPI:ifc"]
  )
  {
   string aeco:class:ifc:code = "IfcCableCarrierSegmentType.CABLETRAYSEGMENT"
   custom string aeco:props:Pset_CableCarrierSegmentTypeCommon:Reference = "CT-450x100"
   custom string aeco:props:Pset_CableCarrierSegmentTypeCommon:Status = "NEW"
   string aeco:type:model = "Cable Tray 450x100 GI"
  }

  class "Cable_Tray_Bend_600x100" (
   prepend apiSchemas = ["AecoTypeAPI", "AecoClassificationAPI:ifc"]
  )
  {
   string aeco:class:ifc:code = "IfcCableCarrierFittingType.BEND"
   string aeco:type:model = "Cable Tray Bend 600x100"
  }

  class "Carrier_Rack_600x1200" (
   prepend apiSchemas = ["AecoTypeAPI", "AecoClassificationAPI:ifc"]
  )
  {
   string aeco:class:ifc:code = "IfcFurnitureType.TECHNICALCABINET"
   string aeco:type:model = "Carrier Rack 600x1200"
  }

  class "Cable_Tray_600x100_GI" (
   prepend apiSchemas = ["AecoTypeAPI", "AecoClassificationAPI:ifc"]
  )
  {
   string aeco:class:ifc:code = "IfcCableCarrierSegmentType.CABLETRAYSEGMENT"
   custom string aeco:props:Pset_CableCarrierSegmentTypeCommon:Reference = "CT-600x100"
   custom string aeco:props:Pset_CableCarrierSegmentTypeCommon:Status = "NEW"
   string aeco:type:model = "Cable Tray 600x100 GI"
  }

  class "Cable_Tray_Dropper_150x50" (
   prepend apiSchemas = ["AecoTypeAPI", "AecoClassificationAPI:ifc"]
  )
  {
   string aeco:class:ifc:code = "IfcCableCarrierSegmentType.DROPPER"
   custom string aeco:props:Pset_CableCarrierSegmentTypeCommon:Reference = "CT-DROP-150x50"
   custom string aeco:props:Pset_CableCarrierSegmentTypeCommon:Status = "NEW"
   string aeco:type:model = "Cable Tray Dropper 150x50"
  }

  class "Ring_Main_Unit_11kV" (
   prepend apiSchemas = ["AecoTypeAPI", "AecoClassificationAPI:ifc"]
  )
  {
   string aeco:class:ifc:code = "IfcElectricDistributionBoardType.SWITCHBOARD"
   string aeco:type:model = "Ring Main Unit 11kV"
  }

  class "Main_LV_Switchboard" (
   prepend apiSchemas = ["AecoTypeAPI", "AecoClassificationAPI:ifc"]
  )
  {
   string aeco:class:ifc:code = "IfcElectricDistributionBoardType.SWITCHBOARD"
   string aeco:type:model = "Main LV Switchboard"
  }

  class "Utility_Intake" (
   prepend apiSchemas = ["AecoTypeAPI", "AecoClassificationAPI:ifc"]
  )
  {
   string aeco:class:ifc:code = "IfcBuildingElementProxyType.UtilityIntake"
   string aeco:type:model = "Utility Intake"
  }

  class "DC_Battery_Cable" (
   prepend apiSchemas = ["AecoTypeAPI", "AecoClassificationAPI:ifc"]
  )
  {
   string aeco:class:ifc:code = "IfcCableSegmentType.CABLESEGMENT"
   string aeco:type:model = "DC Battery Cable"
  }

  class "Power_Distribution_Unit" (
   prepend apiSchemas = ["AecoTypeAPI", "AecoClassificationAPI:ifc"]
  )
  {
   string aeco:class:ifc:code = "IfcElectricDistributionBoardType.DISTRIBUTIONBOARD"
   string aeco:type:model = "Power Distribution Unit"
  }

  class "Motor_Control_Centre" (
   prepend apiSchemas = ["AecoTypeAPI", "AecoClassificationAPI:ifc"]
  )
  {
   string aeco:class:ifc:code = "IfcElectricDistributionBoardType.MOTORCONTROLCENTRE"
   string aeco:type:model = "Motor Control Centre"
  }

  class "Fuel_Line_Bend_DN80" (
   prepend apiSchemas = ["AecoTypeAPI", "AecoClassificationAPI:ifc"]
  )
  {
   string aeco:class:ifc:code = "IfcPipeFittingType.BEND"
   string aeco:type:model = "Fuel Line Bend DN80"
  }

  class "Rack_Power_Cord" (
   prepend apiSchemas = ["AecoTypeAPI", "AecoClassificationAPI:ifc"]
  )
  {
   string aeco:class:ifc:code = "IfcCableSegmentType.CABLESEGMENT"
   string aeco:type:model = "Rack Power Cord"
  }

  class "Diesel_Fuel_Tank" (
   prepend apiSchemas = ["AecoTypeAPI", "AecoClassificationAPI:ifc"]
  )
  {
   string aeco:class:ifc:code = "IfcTankType.STORAGE"
   string aeco:type:model = "Diesel Fuel Tank"
  }

  class "Fuel_Line_DN80" (
   prepend apiSchemas = ["AecoTypeAPI", "AecoClassificationAPI:ifc"]
  )
  {
   string aeco:class:ifc:code = "IfcPipeSegmentType.RIGIDSEGMENT"
   string aeco:type:model = "Fuel Line DN80"
  }

  class "UPS_Module" (
   prepend apiSchemas = ["AecoTypeAPI", "AecoClassificationAPI:ifc"]
  )
  {
   string aeco:class:ifc:code = "IfcElectricFlowStorageDeviceType.UPS"
   string aeco:type:model = "UPS Module"
  }

  class "Cable_Junction" (
   prepend apiSchemas = ["AecoTypeAPI", "AecoClassificationAPI:ifc"]
  )
  {
   string aeco:class:ifc:code = "IfcCableFittingType.JUNCTION"
   string aeco:type:model = "Cable Junction"
  }

  class "HV_Power_Cable_11kV" (
   prepend apiSchemas = ["AecoTypeAPI", "AecoClassificationAPI:ifc"]
  )
  {
   string aeco:class:ifc:code = "IfcCableSegmentType.CABLESEGMENT"
   custom string aeco:props:DC_CableRating:Voltage = "11kV"
   string aeco:type:model = "HV Power Cable 11kV"
  }

  class "UPS_Output_Board" (
   prepend apiSchemas = ["AecoTypeAPI", "AecoClassificationAPI:ifc"]
  )
  {
   string aeco:class:ifc:code = "IfcElectricDistributionBoardType.SWITCHBOARD"
   string aeco:type:model = "UPS Output Board"
  }

  class "LV_Power_Cable" (
   prepend apiSchemas = ["AecoTypeAPI", "AecoClassificationAPI:ifc"]
  )
  {
   string aeco:class:ifc:code = "IfcCableSegmentType.CABLESEGMENT"
   string aeco:type:model = "LV Power Cable"
  }

  class "Busbar_Trunking" (
   prepend apiSchemas = ["AecoTypeAPI", "AecoClassificationAPI:ifc"]
  )
  {
   string aeco:class:ifc:code = "IfcCableSegmentType.BUSBARSEGMENT"
   string aeco:type:model = "Busbar Trunking"
  }

  class "Busway_Tap_Off_Junction" (
   prepend apiSchemas = ["AecoTypeAPI", "AecoClassificationAPI:ifc"]
  )
  {
   string aeco:class:ifc:code = "IfcCableFittingType.JUNCTION"
   string aeco:type:model = "Busway Tap-Off Junction"
  }

  class "Cast_Resin_Transformer_11kV_400V" (
   prepend apiSchemas = ["AecoTypeAPI", "AecoClassificationAPI:ifc"]
  )
  {
   string aeco:class:ifc:code = "IfcTransformerType.CURRENT"
   string aeco:type:model = "Cast Resin Transformer 11kV/400V"
  }

  class "House_Distribution_Board" (
   prepend apiSchemas = ["AecoTypeAPI", "AecoClassificationAPI:ifc"]
  )
  {
   string aeco:class:ifc:code = "IfcElectricDistributionBoardType.DISTRIBUTIONBOARD"
   string aeco:type:model = "House Distribution Board"
  }

  class "Battery_String" (
   prepend apiSchemas = ["AecoTypeAPI", "AecoClassificationAPI:ifc"]
  )
  {
   string aeco:class:ifc:code = "IfcElectricFlowStorageDeviceType.BATTERY"
   string aeco:type:model = "Battery String"
  }

  class "Standby_Diesel_Generator" (
   prepend apiSchemas = ["AecoTypeAPI", "AecoClassificationAPI:ifc"]
  )
  {
   string aeco:class:ifc:code = "IfcElectricGeneratorType.STANDALONE"
   string aeco:type:model = "Standby Diesel Generator"
  }

  class "CHW_Pipe_DN65" (
   prepend apiSchemas = ["AecoTypeAPI", "AecoClassificationAPI:ifc"]
  )
  {
   string aeco:class:ifc:code = "IfcPipeSegmentType.RIGIDSEGMENT"
   string aeco:type:model = "CHW Pipe DN65"
  }

  class "Dosing_Skid" (
   prepend apiSchemas = ["AecoTypeAPI", "AecoClassificationAPI:ifc"]
  )
  {
   string aeco:class:ifc:code = "IfcUnitaryEquipmentType.DosingSkid"
   string aeco:type:model = "Dosing Skid"
  }

  class "TCS_Pipe_Junction" (
   prepend apiSchemas = ["AecoTypeAPI", "AecoClassificationAPI:ifc"]
  )
  {
   string aeco:class:ifc:code = "IfcPipeFittingType.JUNCTION"
   string aeco:type:model = "TCS Pipe Junction"
  }

  class "Buffer_Tank" (
   prepend apiSchemas = ["AecoTypeAPI", "AecoClassificationAPI:ifc"]
  )
  {
   string aeco:class:ifc:code = "IfcTankType.STORAGE"
   string aeco:type:model = "Buffer Tank"
  }

  class "FWS_Pipe_Junction" (
   prepend apiSchemas = ["AecoTypeAPI", "AecoClassificationAPI:ifc"]
  )
  {
   string aeco:class:ifc:code = "IfcPipeFittingType.JUNCTION"
   string aeco:type:model = "FWS Pipe Junction"
  }

  class "AHU" (
   prepend apiSchemas = ["AecoTypeAPI", "AecoClassificationAPI:ifc"]
  )
  {
   string aeco:class:ifc:code = "IfcUnitaryEquipmentType.AIRHANDLER"
   string aeco:type:model = "AHU"
  }

  class "FWS_Pipe_DN100" (
   prepend apiSchemas = ["AecoTypeAPI", "AecoClassificationAPI:ifc"]
  )
  {
   string aeco:class:ifc:code = "IfcPipeSegmentType.RIGIDSEGMENT"
   string aeco:type:model = "FWS Pipe DN100"
  }

  class "TCS_Pipe_Bend" (
   prepend apiSchemas = ["AecoTypeAPI", "AecoClassificationAPI:ifc"]
  )
  {
   string aeco:class:ifc:code = "IfcPipeFittingType.BEND"
   string aeco:type:model = "TCS Pipe Bend"
  }

  class "Coolant_Distribution_Unit" (
   prepend apiSchemas = ["AecoTypeAPI", "AecoClassificationAPI:ifc"]
  )
  {
   string aeco:class:ifc:code = "IfcUnitaryEquipmentType.CDU"
   string aeco:type:model = "Coolant Distribution Unit"
  }

  class "TCS_Pipe_DN150" (
   prepend apiSchemas = ["AecoTypeAPI", "AecoClassificationAPI:ifc"]
  )
  {
   string aeco:class:ifc:code = "IfcPipeSegmentType.RIGIDSEGMENT"
   string aeco:type:model = "TCS Pipe DN150"
  }

  class "CHW_Pipe_Bend" (
   prepend apiSchemas = ["AecoTypeAPI", "AecoClassificationAPI:ifc"]
  )
  {
   string aeco:class:ifc:code = "IfcPipeFittingType.BEND"
   string aeco:type:model = "CHW Pipe Bend"
  }

  class "Dry_Cooler" (
   prepend apiSchemas = ["AecoTypeAPI", "AecoClassificationAPI:ifc"]
  )
  {
   string aeco:class:ifc:code = "IfcCoolingTowerType.DryCooler"
   string aeco:type:model = "Dry Cooler"
  }

  class "TCS_Pipe_DN100" (
   prepend apiSchemas = ["AecoTypeAPI", "AecoClassificationAPI:ifc"]
  )
  {
   string aeco:class:ifc:code = "IfcPipeSegmentType.RIGIDSEGMENT"
   string aeco:type:model = "TCS Pipe DN100"
  }

  class "TCS_Rack_Hose_DN25" (
   prepend apiSchemas = ["AecoTypeAPI", "AecoClassificationAPI:ifc"]
  )
  {
   string aeco:class:ifc:code = "IfcPipeSegmentType.FLEXIBLESEGMENT"
   string aeco:type:model = "TCS Rack Hose DN25"
  }

  class "CHW_Pipe_DN150" (
   prepend apiSchemas = ["AecoTypeAPI", "AecoClassificationAPI:ifc"]
  )
  {
   string aeco:class:ifc:code = "IfcPipeSegmentType.RIGIDSEGMENT"
   string aeco:type:model = "CHW Pipe DN150"
  }

  class "FWS_Pipe_Bend" (
   prepend apiSchemas = ["AecoTypeAPI", "AecoClassificationAPI:ifc"]
  )
  {
   string aeco:class:ifc:code = "IfcPipeFittingType.BEND"
   string aeco:type:model = "FWS Pipe Bend"
  }

  class "Air_Cooled_Chiller" (
   prepend apiSchemas = ["AecoTypeAPI", "AecoClassificationAPI:ifc"]
  )
  {
   string aeco:class:ifc:code = "IfcChillerType.AIRCOOLED"
   string aeco:type:model = "Air-Cooled Chiller"
  }

  class "Plate_Heat_Exchanger" (
   prepend apiSchemas = ["AecoTypeAPI", "AecoClassificationAPI:ifc"]
  )
  {
   string aeco:class:ifc:code = "IfcHeatExchangerType.PLATE"
   string aeco:type:model = "Plate Heat Exchanger"
  }

  class "CRAH" (
   prepend apiSchemas = ["AecoTypeAPI", "AecoClassificationAPI:ifc"]
  )
  {
   string aeco:class:ifc:code = "IfcUnitaryEquipmentType.AIRCONDITIONINGUNIT"
   string aeco:type:model = "CRAH"
  }

  class "End_Suction_Pump" (
   prepend apiSchemas = ["AecoTypeAPI", "AecoClassificationAPI:ifc"]
  )
  {
   string aeco:class:ifc:code = "IfcPumpType.ENDSUCTION"
   string aeco:type:model = "End-Suction Pump"
  }

  class "FWS_Pipe_DN200" (
   prepend apiSchemas = ["AecoTypeAPI", "AecoClassificationAPI:ifc"]
  )
  {
   string aeco:class:ifc:code = "IfcPipeSegmentType.RIGIDSEGMENT"
   string aeco:type:model = "FWS Pipe DN200"
  }

  class "CHW_Pipe_Junction" (
   prepend apiSchemas = ["AecoTypeAPI", "AecoClassificationAPI:ifc"]
  )
  {
   string aeco:class:ifc:code = "IfcPipeFittingType.JUNCTION"
   string aeco:type:model = "CHW Pipe Junction"
  }

  class "RC_Column_400x400" (
   prepend apiSchemas = ["AecoTypeAPI", "AecoClassificationAPI:ifc"]
  )
  {
   string aeco:class:ifc:code = "IfcColumnType.COLUMN"
   string aeco:type:model = "RC Column 400x400"
  }

  class "RC_Ring_Beam_400x600" (
   prepend apiSchemas = ["AecoTypeAPI", "AecoClassificationAPI:ifc"]
  )
  {
   string aeco:class:ifc:code = "IfcBeamType.BEAM"
   string aeco:type:model = "RC Ring Beam 400x600"
  }

  class "Fire_Wall_200" (
   prepend apiSchemas = ["AecoTypeAPI", "AecoClassificationAPI:ifc"]
  )
  {
   string aeco:class:ifc:code = "IfcWallType.SOLIDWALL"
   string aeco:type:model = "Fire Wall 200"
  }

  class "Door_Single_900x2100" (
   prepend apiSchemas = ["AecoTypeAPI", "AecoClassificationAPI:ifc"]
  )
  {
   string aeco:class:ifc:code = "IfcDoorType.DOOR"
   string aeco:type:model = "Door Single 900x2100"
  }

  class "Door_Roller_3500x4000" (
   prepend apiSchemas = ["AecoTypeAPI", "AecoClassificationAPI:ifc"]
  )
  {
   string aeco:class:ifc:code = "IfcDoorType.GATE"
   string aeco:type:model = "Door Roller 3500x4000"
  }

  class "Door_Double_1800x2100" (
   prepend apiSchemas = ["AecoTypeAPI", "AecoClassificationAPI:ifc"]
  )
  {
   string aeco:class:ifc:code = "IfcDoorType.DOOR"
   string aeco:type:model = "Door Double 1800x2100"
  }

  class "External_Wall_300" (
   prepend apiSchemas = ["AecoBuildUpAPI", "AecoTypeAPI", "AecoClassificationAPI:ifc"]
  )
  {
   token[] aeco:buildUp:functions = ["other"]
   string[] aeco:buildUp:materials = ["unspecified"]
   int[] aeco:buildUp:priorities = [0]
   double[] aeco:buildUp:thicknesses = [0.3]
   string aeco:class:ifc:code = "IfcWallType.SOLIDWALL"
   string aeco:type:model = "External Wall 300"
  }

  class "Internal_Wall_150" (
   prepend apiSchemas = ["AecoBuildUpAPI", "AecoTypeAPI", "AecoClassificationAPI:ifc"]
  )
  {
   token[] aeco:buildUp:functions = ["other"]
   string[] aeco:buildUp:materials = ["unspecified"]
   int[] aeco:buildUp:priorities = [0]
   double[] aeco:buildUp:thicknesses = [0.15]
   string aeco:class:ifc:code = "IfcWallType.PARTITIONING"
   string aeco:type:model = "Internal Wall 150"
  }
 }
}

